# Source: OurAirports airport data, https://ourairports.com/data/ (public domain)
# Snapshot: 2026-10-05; active large, medium, and small airports with IATA codes
iata	name	latitude	longitude
AAA	Anaa Airport	-17.352600	-145.509995
AAB	Arrabury Airport	-26.696390	141.048718
AAC	El Arish International Airport	31.055324	33.827964
AAD	Adado Airport	6.095802	46.637500
AAE	Annaba Rabah Bitat Airport	36.826781	7.813340
AAF	Apalachicola Regional Airport	29.727501	-85.027496
AAH	Aachen-Merzbrück Airport	50.823055	6.186389
AAI	Arraias Airport	-13.025154	-46.884107
AAJ	Cayana Airstrip	3.898681	-55.577907
AAK	Aranuka Airport	0.185278	173.636993
AAL	Aalborg Airport	57.094763	9.849930
AAM	Malamala Airport	-24.816866	31.544085
AAN	Al Ain International Airport	24.261700	55.609200
AAO	Anaco Airport	9.430225	-64.470726
AAP	Aji Pangeran Tumenggung Pranoto International Airport	-0.374478	117.250128
AAQ	Anapa Vityazevo Airport	45.002102	37.347301
AAR	Aarhus Airport	56.303331	10.618286
AAS	Apalapsili Airport	-3.882495	139.310932
AAT	Altay Xuedu Airport	47.749886	88.085808
AAU	Asau Airport	-13.505132	-172.627888
AAV	Allah Valley Airport	6.367903	124.752431
AAX	Romeu Zema Airport	-19.563200	-46.960400
AAY	Al Ghaydah International Airport	16.193341	52.174186
AAZ	Quezaltenango Airport	14.865600	-91.501999
ABA	Abakan International Airport	53.740002	91.385002
ABB	Asaba International Airport	6.204167	6.665278
ABC	Albacete Airport / Los Llanos Air Base	38.948502	-1.863520
ABD	Abadan Ayatollah Jami International Airport	30.367887	48.230075
ABE	Lehigh Valley International Airport	40.651773	-75.442797
ABF	Abaiang Airport	1.798610	173.041000
ABG	Abingdon Downs Airport	-17.608814	143.183531
ABH	Alpha Airport	-23.652849	146.582668
ABI	Abilene Regional Airport	32.411301	-99.681900
ABJ	Félix-Houphouët-Boigny International Airport	5.261390	-3.926290
ABK	Kebri Dahar Airport	6.732577	44.241339
ABL	Ambler Airport	67.105529	-157.855339
ABM	Northern Peninsula Airport	-10.946194	142.455081
ABN	Albina Airport	5.512720	-54.050098
ABO	Aboisso Airport	5.461944	-3.234722
ABP	Atkamba Airport	-6.064620	141.095173
ABQ	Albuquerque International Sunport	35.039976	-106.608925
ABR	Aberdeen Regional Airport	45.449100	-98.421799
ABS	Abu Simbel Airport	22.375924	31.611734
ABT	King Saud Bin Abdulaziz (Al Baha) Airport	20.298506	41.636153
ABU	AA Bere Tallo (Haliwen) Airport	-9.074841	124.903285
ABV	Nnamdi Azikiwe International Airport	9.006790	7.263170
ABX	Albury Airport	-36.066758	146.959148
ABY	Southwest Georgia Regional Airport	31.532946	-84.196215
ABZ	Aberdeen International Airport	57.201900	-2.197780
ACA	General Juan N. Álvarez International Airport	16.757126	-99.753113
ACB	Antrim County Airport	44.988602	-85.198402
ACC	Kotoka International Airport	5.605190	-0.166786
ACD	Alcides Fernández Airport	8.497847	-77.274106
ACE	César Manrique-Lanzarote Airport	28.945499	-13.605200
ACF	Aral Tarim Airport	40.434748	81.262060
ACH	Sankt Gallen Altenrhein Airport	47.485001	9.560770
ACI	Alderney Airport	49.706104	-2.214720
ACJ	Anuradhapura Airport	8.301542	80.428480
ACK	Nantucket Memorial Airport	41.253101	-70.060204
ACM	Arica Airport	-2.143713	-71.759350
ACN	Ciudad Acuña International Airport	29.333662	-101.100555
ACO	Cóbano Airport	9.693365	-85.091216
ACP	Sahand Airport	37.348000	46.127899
ACR	Araracuara Airport	-0.600854	-72.398011
ACS	Achinsk Airport	56.269185	90.575110
ACT	Waco Regional Airport	31.611300	-97.230499
ACU	Achutupu Airport	9.188481	-77.994153
ACV	California Redwood Coast-Humboldt County Airport	40.978101	-124.109000
ACX	Xingyi Wanfenglin Airport	25.083423	104.960804
ACY	Atlantic City International Airport	39.456201	-74.577511
ACZ	Zabol Airport	31.098301	61.543900
ADA	Adana Şakirpaşa Airport	36.982201	35.280399
ADB	Adnan Menderes International Airport	38.292400	27.157000
ADC	Andakombe Airport	-7.137222	145.744722
ADD	Addis Ababa Bole International Airport	8.977890	38.799301
ADE	Aden International Airport	12.829564	45.029976
ADF	Adıyaman Airport	37.731400	38.468899
ADG	Lenawee County Airport	41.866205	-84.077983
ADH	Aldan Airport	58.602798	125.408997
ADI	Arandis Airport	-22.461875	14.979322
ADJ	Marka International (Amman Civil) Airport	31.972700	35.991600
ADK	Adak Airport	51.883564	-176.642783
ADL	Adelaide International Airport	-34.947512	138.533393
ADM	Ardmore Municipal Airport	34.303010	-97.019634
ADO	Andamooka Airport	-30.438299	137.136993
ADP	Ampara Airport	7.336745	81.623869
ADQ	Kodiak Airport	57.750000	-152.494003
ADR	Robert F Swinnie Airport	33.451698	-79.526199
ADS	Addison Airport	32.968601	-96.836403
ADT	Ada Regional Airport	34.805214	-96.671988
ADU	Ardabil Airport	38.325699	48.424400
ADV	El Daein Airport	11.402300	26.118600
ADW	Joint Base Andrews	38.810799	-76.866997
ADX	Leuchars Station Airfield	56.373980	-2.868862
ADY	Alldays Airport	-22.679001	29.055500
ADZ	Gustavo Rojas Pinilla International Airport	12.583600	-81.711200
AEA	Abemama Airport	0.490759	173.830287
AEB	Baise (Bose) Bama Airport	23.720600	106.959999
AEE	Adareil Airport	10.053611	32.959444
AEG	Aek Godang Airport	1.400100	99.430496
AEH	Abeche Airport	13.847000	20.844299
AEK	Aseki Airport	-7.350805	146.193994
AEL	Albert Lea Municipal Airport	43.681499	-93.367203
AEM	Amgu Airport	45.841260	137.673568
AEO	Aioun el Atrouss Airport	16.711300	-9.637880
AEP	Aeroparque Jorge Newbery	-34.559419	-58.415536
AEQ	Ar Horqin Airport	43.908407	120.150990
AER	Sochi International Airport	43.449902	39.956600
AES	Ålesund Airport	62.560443	6.110845
AET	Allakaket Airport	66.551804	-152.621994
AEU	Abu Musa Island Airport	25.875700	55.033001
AEX	Alexandria International Airport	31.325828	-92.546702
AEY	Akureyri International Airport	65.656573	-18.072018
AFA	Suboficial Ay Santiago Germano Airport	-34.588299	-68.403900
AFD	Port Alfred Airport	-33.555057	26.881656
AFF	USAF Academy Airfield	38.972497	-104.821125
AFI	Amalfi Airport	6.895033	-75.047334
AFL	Piloto Osvaldo Marques Dias Airport	-9.866389	-56.106298
AFN	Jaffrey Airfield Silver Ranch Airport	42.805099	-72.002998
AFO	Afton Municipal Airport	42.711201	-110.942001
AFR	Afore Airstrip	-9.138670	148.390701
AFS	Sugraly Airport	41.613795	64.232963
AFT	Afutara Aerodrome	-9.191389	160.948611
AFW	Perot Field/Fort Worth Alliance Airport	32.990440	-97.319470
AFY	Afyon Air Base	38.726398	30.601101
AFZ	Sabzevar National Airport	36.168098	57.595200
AGA	Al Massira Airport	30.322478	-9.412003
AGB	Augsburg Airport	48.425278	10.931667
AGC	Allegheny County Airport	40.354401	-79.930199
AGD	Anggi Airport	-1.385800	133.873700
AGE	Wangerooge Airport	53.782544	7.919584
AGF	Agen La Garenne airport	44.174171	0.593090
AGG	Angoram Airport	-4.057077	144.073841
AGH	Ängelholm-Helsingborg Airport	56.296101	12.847100
AGI	Wageningen Airstrip	5.841252	-56.673247
AGJ	Aguni Airport	26.592755	127.240335
AGK	Kagua Airport	-6.396389	143.853611
AGL	Wanigela Airport	-9.337500	149.155556
AGO	Magnolia Municipal Airport / Ralph C Weiser Field	33.228001	-93.217002
AGP	Málaga-Costa del Sol Airport	36.674900	-4.499110
AGR	Agra Airport / Agra Air Force Station	27.157975	77.961025
AGS	Augusta Regional At Bush Field	33.369900	-81.964500
AGT	Guaraní International Airport	-25.457186	-54.839544
AGU	Aguascalientes International Airport	21.699589	-102.318372
AGV	Oswaldo Guevara Mujica Airport	9.553375	-69.237869
AGW	Agnew Airport	-12.145600	142.149369
AGX	Agatti Airport	10.823700	72.176003
AGZ	Aggeneys Airport	-29.281799	18.813900
AHA	Maa Mahamaya Airport	22.987530	83.196120
AHB	Abha International Airport	18.240400	42.656601
AHC	Amedee Army Air Field	40.266201	-120.153000
AHD	Ardmore Downtown Executive Airport	34.146999	-97.122704
AHE	Ahe Airport	-14.428100	-146.257004
AHF	Arapahoe Municipal Airport	40.341576	-99.907839
AHG	Agalega Island Airstrip	-10.373100	56.609798
AHH	Amery Municipal Airport	45.281101	-92.375397
AHI	Amahai Airport	-3.347851	128.927093
AHJ	Hongyuan Airport	32.531540	102.352240
AHL	Aishalton Airport	2.474030	-59.320786
AHM	Ashland Municipal Airport Sumner Parker Field	42.190265	-122.660648
AHN	Athens Ben Epps Airport	33.948842	-83.325634
AHO	Alghero-Fertilia Airport	40.632099	8.290770
AHS	Ahuas Airport	15.472200	-84.352203
AHU	Cherif Al Idrissi Airport	35.177101	-3.839520
AHY	Ambatolhy Airport	-20.015833	45.535000
AHZ	L'Alpe d'Huez - Henri Giraud Altiport	45.087399	6.083604
AIA	Alliance Municipal Airport	42.052543	-102.803965
AIC	Ailinglaplap Airok Airport	7.279422	168.825700
AID	Anderson Municipal Darlington Field	40.108601	-85.612999
AIE	Aiome Airport	-5.145700	144.730700
AIF	Marcelo Pires Halzhausen Airport	-22.638601	-50.455983
AIG	Yalinga Airport	6.520000	23.260000
AIH	Aiambak Airport	-7.342778	141.267500
AII	Ali-Sabieh Airport	11.146889	42.720000
AIK	Aiken Regional Airport	33.649399	-81.684998
AIL	Ailigandí Airport	9.222600	-78.023600
AIM	Ailuk Airport	10.216800	169.983002
AIN	Wainwright Airport	70.638000	-159.994995
AIO	Atlantic Municipal Airport	41.407299	-95.046898
AIP	Adampur Airport	31.433800	75.758797
AIR	Aripuanã Airport	-10.187375	-59.457469
AIS	Arorae Island Airport	-2.616233	176.802209
AIT	Aitutaki Airport	-18.830900	-159.764008
AIU	Enua Airport	-19.967800	-158.119003
AIV	George Downer Airport	33.106499	-88.197800
AIW	Ai-Ais Airport	-27.995000	17.596600
AIY	Araçuaí Airport	-16.851571	-42.045633
AIZ	Lee C Fine Memorial Airport	38.096001	-92.549500
AJA	Ajaccio Napoléon Bonaparte airport	41.923599	8.802920
AJF	Al-Jawf International Airport	29.783301	40.100905
AJI	Ağrı Airport	39.655642	43.025742
AJJ	Akjoujt Airport	19.727998	-14.377214
AJK	Arak Airport	34.138100	49.847301
AJL	Lengpui Airport	23.840599	92.619698
AJN	Ouani Airport	-12.131047	44.430044
AJR	Arvidsjaur Airport	65.590302	19.281900
AJS	Punta Abreojos Airport	26.727200	-113.558998
AJU	Aracaju - Santa Maria Airport	-10.983940	-37.072873
AJY	Mano Dayak International Airport	16.966000	8.000110
AKA	Ankang Fuqiang Airport	32.756960	108.873380
AKB	Atka Airport	52.220299	-174.205994
AKC	Akron Fulton International Airport	41.037355	-81.467840
AKD	Akola Airport	20.698931	77.056883
AKE	Akieni Airport	-1.139670	13.903600
AKF	Kufra Airport	24.178699	23.313999
AKG	Anguganak Airport	-3.560504	142.217307
AKH	Prince Sultan Air Base	24.062700	47.580502
AKI	Akiak Airport	60.902646	-161.231060
AKJ	Asahikawa Airport	43.670799	142.447006
AKK	Akhiok Airport	56.938702	-154.182999
AKL	Auckland International Airport	-37.011990	174.786331
AKM	Zakuoma Airport	10.890278	19.817222
AKN	King Salmon Airport	58.677845	-156.651965
AKO	Colorado Plains Regional Airport	40.175598	-103.222000
AKP	Anaktuvuk Pass Airport	68.133598	-151.742996
AKQ	Astra Ksetra Airport	-4.611588	105.231968
AKR	Akure Airport	7.246740	5.301010
AKS	Gwaunaru'u Airport	-8.702570	160.682007
AKT	RAF Akrotiri	34.590401	32.987900
AKU	Aksu Hongqipo Airport	41.262501	80.291702
AKV	Akulivik Airport	60.818600	-78.148598
AKW	Aghajari Airport	30.744400	49.677200
AKX	Aktobe International Airport	50.248116	57.204144
AKY	Sittwe Airport	20.133165	92.870693
ALA	Almaty International Airport	43.354267	77.042828
ALB	Albany International Airport	42.748299	-73.801697
ALC	Alicante-Elche Miguel Hernández Airport	38.282200	-0.558156
ALD	Alerta Airport	-11.650180	-69.229614
ALE	Alpine Casparis Municipal Airport	30.384199	-103.683998
ALF	Alta Airport	69.976097	23.371700
ALG	Houari Boumediene Airport	36.693886	3.214531
ALH	Albany Airport	-34.943333	117.808889
ALI	Alice International Airport	27.740900	-98.026901
ALJ	Alexander Bay Airport	-28.575001	16.533300
ALM	Alamogordo White Sands Regional Airport	32.837818	-105.993149
ALN	St Louis Regional Airport	38.890301	-90.045998
ALO	Waterloo Regional Airport	42.557098	-92.400299
ALP	Aleppo International Airport	36.181262	37.226869
ALQ	Alegrete Novo Airport	-29.811595	-55.894707
ALR	Alexandra Aerodrome	-45.210495	169.371113
ALS	San Luis Valley Regional Airport/Bergman Field	37.434898	-105.866997
ALT	Alenquer Municipal Airport	-1.917000	-54.723100
ALU	Alula Airport	11.958200	50.748000
ALW	Walla Walla Regional Airport	46.094898	-118.288002
ALX	Thomas C Russell Field	32.914700	-85.962997
AMA	Rick Husband Amarillo International Airport	35.217857	-101.706444
AMB	Ambilobe Airport	-13.188400	48.987999
AMC	Am Timan Airport	11.034000	20.274000
AMD	Sardar Vallabh Patel International Airport	23.077200	72.634697
AME	Alto Molocue Airport	-15.610278	37.681389
AMF	Ama Airport	-4.101111	141.670000
AMH	Arba Minch Airport	6.039390	37.590500
AMJ	Cirilo Queiróz Airport	-16.165579	-40.684024
AMK	Animas Air Park	37.203201	-107.869003
AML	Puerto Armuelles Airport	8.267667	-82.864537
AMM	Queen Alia International Airport	31.722601	35.993198
AMN	Gratiot Community Airport	43.322102	-84.688004
AMO	Mao Airport	14.145600	15.314400
AMP	Ampanihy Airport	-24.699699	44.734200
AMQ	Pattimura International Airport	-3.710260	128.089005
AMS	Amsterdam Airport Schiphol	52.308601	4.763890
AMT	Amata Airport	-26.097363	131.202732
AMU	Amanab Airport	-3.586000	141.214333
AMV	Amderma Airport	69.763712	61.556711
AMW	Ames Municipal Airport	41.992001	-93.621803
AMX	Ammaroo Airport	-21.738300	135.242004
AMY	Ambatomainty Airport	-17.686667	45.623889
AMZ	Ardmore Airport	-37.029701	174.973007
ANA	Angama Mara Airport	-1.271586	34.954666
ANB	Anniston Regional Airport	33.588200	-85.858100
ANC	Ted Stevens Anchorage International Airport	61.179004	-149.992561
AND	Anderson Regional Airport	34.494598	-82.709396
ANE	Angers Marcé airport	47.560299	-0.312222
ANF	Andrés Sabella Gálvez International Airport	-23.445274	-70.445232
ANG	Angoulême Brie-Champniers airport	45.729198	0.221456
ANI	Aniak Airport	61.581600	-159.542999
ANJ	Zanaga Airport	-2.846651	13.821155
ANK	Etimesgut Air Base	39.949799	32.688599
ANL	Andulo Airport	-11.472300	16.710899
ANM	Antsirabe Airport	-14.999400	50.320202
ANN	Annette Island Airport	55.037663	-131.572609
ANO	Angoche Airport	-16.181870	39.945217
ANP	Lee Airport	38.942902	-76.568398
ANQ	Tri State Steuben County Airport	41.639702	-85.083504
ANR	Antwerp International Airport (Deurne)	51.190667	4.463153
ANS	Andahuaylas Airport	-13.706400	-73.350403
ANU	V. C. Bird International Airport	17.136700	-61.792702
ANV	Anvik Airport	62.646702	-160.190994
ANW	Ainsworth Regional Airport	42.579201	-99.992995
ANX	Andøya Airport, Andenes	69.295193	16.139379
ANY	Anthony Municipal Airport	37.158501	-98.079597
ANZ	Angus Downs Airport	-25.032500	132.274800
AOB	Annanberg Airport	-4.904167	144.635833
AOC	Leipzig–Altenburg Airport	50.981945	12.506389
AOD	Abou-Deïa Airport	11.477300	19.287400
AOE	Hasan Polatkan Airport	39.811644	30.519268
AOG	Anshan Teng'ao Airport / Anshan Air Base	41.105301	122.853996
AOH	Lima Allen County Airport	40.706902	-84.026703
AOI	Marche Airport	43.616299	13.362300
AOJ	Aomori Airport	40.733777	140.689477
AOK	Karpathos Airport	35.421398	27.146000
AOL	Paso De Los Libres Airport	-29.689400	-57.152100
AOM	Adam Airport	22.491944	57.383889
AOO	Altoona Blair County Airport	40.296398	-78.320000
AOP	Alferez FAP Alfredo Vladimir Sara Bauer Airport	-2.796130	-76.466599
AOR	Sultan Abdul Halim Airport	6.189670	100.398003
AOT	Aosta Corrado Gex Airport	45.738552	7.368300
AOU	Attopeu Airport	14.793056	107.045278
APA	Centennial Airport	39.570099	-104.848999
APB	Apolo Airport	-14.735600	-68.411903
APC	Napa County Airport	38.213200	-122.280998
APD	Arung Palakka Airport	-4.459582	120.310436
APF	Naples Municipal Airport	26.152599	-81.775299
APG	Phillips Army Air Field	39.466202	-76.168800
APH	Mary Walker LZ Airport	38.068631	-77.319318
API	Gomez Nino Apiay Air Base	4.076070	-73.562700
APJ	Ali Pulan Airport	30.397898	81.133170
APK	Apataki Airport	-15.573600	-146.414993
APL	Nampula Airport	-15.105600	39.281799
APN	Alpena County Regional Airport	45.078098	-83.560303
APO	Antonio Roldán Betancur Airport	7.811960	-76.716400
APP	Asapa Airport	-8.979167	148.103611
APQ	Arapiraca Airport	-9.776589	-36.628983
APR	April River Airport	-4.676667	142.540139
APS	Anápolis Airport	-16.363575	-48.928800
APT	Marion County Airport - Brown Field	35.060699	-85.585297
APU	Captain João Busse Airport	-23.609099	-51.384301
APV	Apple Valley Airport	34.575298	-117.185997
APW	Faleolo International Airport	-13.830000	-172.007996
APX	Arapongas Airport	-23.352636	-51.491967
APY	Alto Parnaíba Airport	-9.085330	-45.955603
APZ	Zapala Airport	-38.975498	-70.113602
AQA	Araraquara Airport	-21.812000	-48.132999
AQB	Quiché Airport	15.012200	-91.150597
AQG	Anqing Tianzhushan Airport / Anqing North Air Base	30.582199	117.050003
AQI	Qaisumah–Hafar Al-Batin International Airport	28.335726	46.127108
AQJ	King Hussein International Airport	29.611601	35.018101
AQM	Ariquemes Airport	-9.880436	-63.047115
AQP	Rodríguez Ballón International Airport	-16.340786	-71.569485
AQY	Girdwood-Alyeska Airport	60.968774	-149.119792
ARA	Acadiana Regional Airport	30.037800	-91.883904
ARB	Ann Arbor Municipal Airport	42.223000	-83.745598
ARC	Arctic Village Airport	68.114700	-145.578995
ARD	Alor Island - Mali Airport	-8.132340	124.597000
ARE	Antonio Nery Juarbe Pol Airport	18.450850	-66.675768
ARF	Acaricuara Airport	0.533333	-70.133333
ARG	Walnut Ridge Regional Airport	36.124667	-90.925111
ARH	Talagi Airport	64.600304	40.716702
ARI	Chacalluta International Airport	-18.348499	-70.338699
ARK	Arusha Airport	-3.367790	36.633301
ARL	Arly Airport	11.597000	1.483000
ARM	Armidale Airport	-30.528099	151.617004
ARN	Stockholm-Arlanda Airport	59.648490	17.928829
ARO	Arboletes Airport	8.855118	-76.422676
ARP	Aragip Airport	-9.883333	149.483333
ARQ	El Troncal Airport	7.021060	-71.388901
ARR	D. Casimiro Szlapelis Airport	-45.013599	-70.812202
ARS	Aragarças Airport	-15.899400	-52.241100
ART	Watertown International Airport	43.991901	-76.021698
ARU	Araçatuba Airport	-21.141479	-50.424575
ARV	Lakeland Airport Noble F Lee Memorial Field	45.927898	-89.730904
ARW	Arad International Airport	46.176136	21.264322
ARX	Aracati Dragão do Mar Regional Airport	-4.568896	-37.805135
ARY	Ararat Airport	-37.309978	142.988688
ARZ	N'zeto Airport	-7.259277	12.862355
ASA	Assab International Airport	13.071800	42.645000
ASB	Ashgabat International Airport	37.986801	58.361000
ASC	Ascención de Guarayos Airport	-15.933365	-63.155575
ASD	Andros Town Airport	24.697901	-77.795601
ASE	Aspen-Pitkin County Airport (Sardy Field)	39.223202	-106.869003
ASF	Astrakhan Narimanovo Boris M. Kustodiev International Airport	46.282843	48.010511
ASG	Ashburton Airport	-43.903301	171.796997
ASH	Nashua Airport / Boire Field	42.781700	-71.514801
ASI	RAF Ascension Island	-7.970179	-14.392744
ASJ	Amami Airport	28.430599	129.712997
ASK	Yamoussoukro International Airport	6.903170	-5.365580
ASL	Harrison County Airport	32.520500	-94.307800
ASM	Asmara International Airport	15.291900	38.910702
ASN	Talladega Municipal Airport	33.569901	-86.050903
ASO	Asosa Airport	10.018500	34.586300
ASP	Alice Springs Airport	-23.806588	133.903427
ASQ	Austin Airport	39.467708	-117.197576
ASR	Kayseri Erkilet International Airport	38.770401	35.495399
ASS	Arathusa Safari Lodge Airport	-24.740527	31.517973
AST	Astoria Regional Airport	46.158001	-123.878998
ASU	Silvio Pettirossi International Airport	-25.240156	-57.519227
ASV	Amboseli Airport	-2.644786	37.252922
ASW	Aswan International Airport	23.961075	32.820382
ASX	John F Kennedy Memorial Airport	46.548500	-90.918999
ASY	Ashley Municipal Airport	46.023899	-99.352600
ASZ	Asirim Airport	-6.009722	150.368611
ATA	Comandante FAP German Arias Graziani Airport	-9.347440	-77.598396
ATB	Atbara Airport	17.709928	34.057205
ATC	Arthur's Town Airport	24.629400	-75.673797
ATD	Uru Harbour Airport	-8.873330	161.011002
ATE	Antlers Municipal Airport	34.192600	-95.649902
ATF	Chachoán Regional Airport	-1.212070	-78.574600
ATG	Minhas Air Base	33.869099	72.400902
ATH	Athens Eleftherios Venizelos International Airport	37.936401	23.944500
ATI	Artigas International Airport	-30.400700	-56.507900
ATJ	Antsirabe Airport	-19.839221	47.063713
ATK	Atqasuk Edward Burnell Sr Memorial Airport	70.467040	-157.436013
ATL	Hartsfield Jackson Atlanta International Airport	33.636700	-84.428101
ATM	Altamira Interstate Airport	-3.253144	-52.253938
ATN	Namatanai Airport	-3.669500	152.438000
ATO	Ohio University Airport	39.211839	-82.229490
ATP	Aitape Airport	-3.143611	142.346806
ATQ	Sri Guru Ram Das Ji International Airport	31.709600	74.797302
ATR	Atar International Airport	20.505823	-13.043744
ATS	Artesia Municipal Airport	32.852501	-104.468002
ATT	Atmautluak Airport	60.866699	-162.272996
ATU	Casco Cove Coast Guard Station	52.829797	173.173796
ATV	Ati Airport	13.239778	18.315893
ATW	Appleton International Airport	44.258515	-88.519000
ATX	Atbasar Airport	51.852306	68.366892
ATY	Watertown Regional Airport	44.914001	-97.154701
ATZ	Asyut International Airport	27.045962	31.012760
AUA	Queen Beatrix International Airport	12.501056	-70.014281
AUC	Santiago Perez Airport	7.068880	-70.736900
AUD	Augustus Downs Airport	-18.508700	139.882084
AUE	Abu Rudeis Airport	28.899694	33.202057
AUF	Auxerre Branches airport	47.850201	3.497110
AUG	Augusta State Airport	44.320599	-69.797302
AUH	Zayed International Airport	24.440966	54.649237
AUI	Aua Island Airport	-1.460556	143.064722
AUJ	Ambunti Airport	-4.215667	142.823167
AUK	Alakanuk Airport	62.682653	-164.722481
AUL	Aur Island Airport	8.145280	171.173004
AUM	Austin Municipal Airport	43.665001	-92.933403
AUN	Auburn Municipal Airport	38.954800	-121.082001
AUO	Auburn University Regional Airport	32.615101	-85.433998
AUP	Agaun Airport	-9.927715	149.389951
AUQ	Hiva Oa-Atuona Airport	-9.768790	-139.011002
AUR	Aurillac airport	44.891399	2.421940
AUS	Austin Bergstrom International Airport	30.197535	-97.662015
AUT	Atauro Airport	-8.243133	125.606378
AUU	Aurukun Airport	-13.354019	141.720028
AUV	Aumo Airport	-5.731111	148.445278
AUW	Wausau Downtown Airport	44.926201	-89.626602
AUX	Araguaína Airport	-7.227870	-48.240501
AUY	Aneityum Airport	-20.249142	169.770758
AUZ	Aurora Municipal Airport	41.771900	-88.475700
AVA	Anshun Huangguoshu Airport	26.260556	105.873333
AVB	Aviano Air Base	46.031898	12.596503
AVG	Auvergne Airport	-15.690555	130.008818
AVI	Máximo Gómez Airport	22.027100	-78.789597
AVK	Arvaikheer Airport	46.250301	102.802002
AVL	Asheville Regional Airport	35.435488	-82.541853
AVN	Avignon Caumont airport	43.907299	4.901830
AVO	Avon Park Executive Airport	27.591200	-81.527802
AVP	Wilkes-Barre/Scranton International Airport	41.337064	-75.724232
AVR	Amravati Airport	20.814608	77.717765
AVU	Avu Avu Airport	-9.868333	160.410556
AVV	Melbourne Avalon International Airport	-38.040269	144.467196
AVW	Marana Regional Airport	32.409065	-111.216199
AVX	Catalina Airport	33.404900	-118.416000
AWA	Hawassa International Airport	7.100611	38.396455
AWB	Awaba Airport	-8.013414	142.752099
AWD	Aniwa Airport	-19.234600	169.600900
AWE	Alowe Airport	-0.545000	9.444000
AWK	Wake Island Airfield	19.282437	166.636637
AWM	West Memphis Municipal Airport	35.135101	-90.234398
AWN	Alton Downs Airport	-26.488959	139.259906
AWP	Austral Downs Airport	-20.500000	137.750000
AWR	Awar Airport (unusable)	-4.122278	144.853292
AWZ	Qasem Soleimani International Airport	31.336400	48.763789
AXA	Clayton J. Lloyd International Airport	18.204773	-63.053830
AXB	Maxson Airfield	44.312002	-75.900340
AXC	Aramac Airport	-22.957880	145.249504
AXD	Alexandroupoli Democritus Airport	40.855900	25.956301
AXE	Xanxerê Airport	-26.875067	-52.372862
AXF	Alxa Left Banner Bayanhot Airport	38.748317	105.584160
AXG	Algona Municipal Airport	43.078104	-94.271836
AXJ	Amakusa Airport	32.482498	130.158997
AXK	Ataq Airport	14.551300	46.826199
AXL	Alexandria Homestead Airport	-19.060200	136.710007
AXM	El Eden Airport	4.452780	-75.766400
AXN	Chandler Field	45.866299	-95.394699
AXO	Pantar Kabir Airport	-8.244832	124.219108
AXP	Spring Point Airport	22.441799	-73.970901
AXR	Arutua Airport	-15.248300	-146.617004
AXS	Altus Quartz Mountain Regional Airport	34.697952	-99.338500
AXT	Akita Airport	39.615601	140.218994
AXU	Axum Airport	14.146800	38.772800
AXV	Neil Armstrong Airport	40.493401	-84.298897
AXX	Angel Fire Airport	36.422001	-105.290001
AYA	Ayapel Airport	8.300000	-75.150000
AYC	Ayacucho Airport	8.602149	-73.612866
AYD	Alroy Downs Airport	-19.290800	136.078995
AYG	Yaguara Airport	1.544170	-73.933300
AYI	Yari Airport	-0.383333	-72.266667
AYJ	Maharshi Valmiki International Airport	26.747736	82.163664
AYK	Arkalyk North Airport	50.318600	66.952797
AYL	Anthony Lagoon Airport	-18.018079	135.535069
AYN	Anyang Yindu Airport	36.133900	114.344002
AYO	Aeropuerto Nacional Juan de Ayolas	-27.378379	-56.856791
AYP	Air Force Colonel Alfredo Mendivil Duarte Airport	-13.154800	-74.204399
AYQ	Ayers Rock Connellan Airport	-25.185913	130.977030
AYR	Ayr Airport	-19.595832	147.324495
AYS	Waycross Ware County Airport	31.249100	-82.395500
AYT	Antalya International Airport	36.898701	30.800501
AYU	Aiyura Airport	-6.338056	145.904167
AYW	Ayawasi Airport	-1.159779	132.464082
AYX	Teniente General Gerardo Pérez Pinedo Airport	-10.729100	-73.766502
AZA	Mesa Gateway Airport	33.307800	-111.654999
AZB	Amazon Bay Airport	-10.299167	149.338333
AZD	Shahid Sadooghi Airport	31.904900	54.276501
AZG	Apatzingán - Pablo L. Sidar Airport	19.093399	-102.393997
AZH	Azamgarh Airport	26.153333	83.118333
AZI	Al Bateen Executive Airport	24.427062	54.459866
AZJ	Zhenjiang Dalu Airport	32.236490	119.718683
AZL	Fazenda Tucunaré Airport	-13.465528	-58.866935
AZN	Andijan International Airport	40.727699	72.293999
AZO	Kalamazoo/Battle Creek International Airport	42.232105	-85.549637
AZP	Jorge Jiménez Cantú National Airport	19.574155	-99.291183
AZR	Touat-Cheikh Sidi Mohamed Belkebir Airport	27.837601	-0.186414
AZS	Samaná El Catey International Airport	19.269259	-69.737405
AZT	Zapatoca Airport	6.767262	-73.284775
AZZ	Ambriz Airport	-7.862220	13.116100
BAA	Bialla Airport	-5.330560	151.007996
BAB	Beale Air Force Base	39.136101	-121.436996
BAC	Barranca De Upia Airport	4.583333	-72.966667
BAD	Barksdale Air Force Base	32.501801	-93.662697
BAE	Barcelonnette - Saint-Pons Airfield	44.387198	6.608831
BAF	Westfield-Barnes Regional Airport	42.157799	-72.715599
BAG	Loakan Airport	16.375034	120.619949
BAH	Bahrain International Airport	26.267295	50.637640
BAI	Buenos Aires Airport	9.163949	-83.330171
BAJ	Bali Airport	-4.883333	149.133333
BAL	Batman Airport	37.929001	41.116600
BAM	Battle Mountain Airport	40.598999	-116.874001
BAN	Basongo Airport	-4.315802	20.414891
BAQ	Ernesto Cortissoz International Airport	10.889600	-74.780800
BAR	Qionghai Bo'ao Airport	19.140951	110.452766
BAS	Ballalae Airport	-6.990745	155.886656
BAT	Chafei Amsei Airport	-20.584631	-48.594125
BAV	Baotou Donghe International Airport	40.560001	109.997002
BAX	Barnaul Gherman Titov International Airport	53.361285	83.539701
BAY	Maramureș International Airport	47.658444	23.464445
BAZ	Barcelos Airport	-0.981191	-62.918603
BBA	Balmaceda Airport	-45.915968	-71.689499
BBB	Benson Municipal Airport	45.331902	-95.650597
BBC	Bay City Regional Airport	28.973301	-95.863503
BBD	Curtis Field	31.178931	-99.324732
BBG	Butaritari Airport	3.085830	172.811005
BBH	Stralsund-Barth Airport	54.338253	12.710515
BBI	Biju Patnaik International Airport	20.251021	85.814747
BBJ	Bitburg Airport	49.945278	6.565000
BBK	Kasane International Airport	-17.831653	25.166195
BBL	Ballera Airport	-27.405633	141.809458
BBM	Battambang Airport	13.095600	103.223999
BBN	Bario Airport	3.734648	115.478548
BBO	Berbera Airport	10.385035	44.936723
BBP	Bembridge Airport	50.678101	-1.109440
BBQ	Burton-Nibbs International Airport	17.621194	-61.798347
BBR	Basse-Terre Baillif Airport	16.013648	-61.742928
BBS	Blackbushe Airport	51.323898	-0.847500
BBT	Berbérati Airport	4.221580	15.786400
BBU	Bucharest Băneasa Aurel Vlaicu International Airport	44.503133	26.102944
BBV	Nero-Mer Airport	4.643413	-6.923962
BBW	Broken Bow Municipal Airport	41.436501	-99.642197
BBX	Wings Field	40.137501	-75.265099
BBY	Bambari Airport	5.847012	20.649920
BBZ	Zambezi Airport	-13.535996	23.105590
BCA	Gustavo Rizo Airport	20.365299	-74.506203
BCB	Virginia Tech Montgomery Executive Airport	37.207600	-80.407799
BCC	Bear Creek 3 Airport	63.573316	-156.149454
BCD	Bacolod-Silay International Airport	10.776237	123.018879
BCE	Bryce Canyon Airport	37.706402	-112.144997
BCF	Bouca Airport	6.517000	18.267000
BCG	Bemichi Airport	7.640212	-58.961786
BCH	Baucau Airport	-8.486479	126.399981
BCI	Barcaldine Airport	-23.566268	145.302086
BCJ	Beichuan Yongchang Airport	31.581474	104.459701
BCK	Bolwarra Airport	-17.388300	144.169006
BCL	Barra del Colorado Airport	10.768700	-83.585602
BCM	Bacău George Enescu International Airport	46.521900	26.910299
BCN	Josep Tarradellas Barcelona-El Prat Airport	41.297100	2.078460
BCO	Jinka Airport	5.749655	36.560165
BCP	Bambu Airport	-5.863611	146.492500
BCQ	Brak Airport	27.653000	14.272000
BCR	Novo Campo Airport	-8.834573	-67.312485
BCS	Southern Seaplane Airport	29.866078	-90.021608
BCT	Boca Raton Airport	26.378500	-80.107697
BCU	Sir Abubakar Tafawa Balewa Bauchi State International Airport	10.482833	9.744000
BCV	Hector Silva Airstrip	17.269603	-88.776496
BCW	Benguera Island Airport	-21.853300	35.438301
BCX	Beloretsk Airport	53.938389	58.340113
BCZ	Milyakburra Airport	-13.780833	136.201667
BDA	L.F. Wade International Airport	32.363802	-64.678240
BDB	Bundaberg Airport	-24.905039	152.322612
BDC	Barra do Corda Airport	-5.502500	-45.215833
BDD	Badu Island Airport	-10.149550	142.173665
BDE	Baudette International Airport	48.728401	-94.612198
BDF	Rinkenberger Restricted Landing Area	41.230900	-89.615700
BDG	Blanding Municipal Airport	37.583302	-109.483002
BDH	Bandar Lengeh International Airport	26.532283	54.824840
BDI	Bird Island Airport	-3.723683	55.206106
BDJ	Syamsudin Noor International Airport	-3.440112	114.761209
BDK	Soko Airport	8.017220	-2.761940
BDL	Bradley International Airport	41.938555	-72.688016
BDM	Bandırma Airport	40.318001	27.977699
BDN	Talhar Airport	24.841499	68.838402
BDO	Husein Sastranegara International Airport	-6.900630	107.575996
BDP	Bhadrapur Airport	26.570801	88.079597
BDQ	Vadodara International Airport	22.336201	73.226303
BDR	Igor I Sikorsky Memorial Airport	41.163502	-73.126198
BDS	Brindisi Airport	40.657600	17.947001
BDT	Gbadolite Airport	4.252745	20.975271
BDU	Bardufoss Airport	69.055801	18.540400
BDV	Moba Airport	-7.084880	29.737072
BDW	Bedford Downs Airport	-17.286699	127.462997
BDX	Broadus Airport	45.470462	-105.457145
BDY	Bandon State Airport	43.086498	-124.407997
BDZ	Baindoung Airport	-6.347222	146.942222
BEB	Benbecula Airport	57.481098	-7.362780
BEC	Beech Factory Airport	37.694500	-97.214996
BED	Laurence G Hanscom Field	42.470001	-71.289001
BEE	Beagle Bay Airport	-17.016500	122.646400
BEF	Bluefields Airport	11.991000	-83.774101
BEG	Belgrade Nikola Tesla Airport	44.818401	20.309099
BEH	Southwest Michigan Regional Airport	42.128601	-86.428497
BEI	Beica Airport	9.386390	34.521900
BEJ	Kalimarau Airport	2.147760	117.430705
BEK	Bareilly Air Force Station	28.422100	79.450798
BEL	Val de Cans/Júlio Cezar Ribeiro International Airport	-1.379279	-48.476207
BEM	Beni Mellal Airport	32.401895	-6.315905
BEN	Benina International Airport	32.096802	20.269501
BEO	Lake Macquarie Airport	-33.065975	151.646283
BEP	Bellary Airport	15.162800	76.882797
BEQ	RAF Honington	52.342602	0.772939
BER	Berlin Brandenburg Airport	52.361738	13.502341
BES	Brest Bretagne airport	48.447899	-4.418540
BET	Bethel Airport	60.779800	-161.837997
BEU	Bedourie Airport	-24.346100	139.460007
BEV	Beersheba (Teyman) Airport	31.287001	34.723000
BEW	Beira International Airport	-19.796400	34.907600
BEX	RAF Benson	51.614366	-1.095991
BEY	Beirut Rafic Hariri International Airport	33.819833	35.487443
BEZ	Beru Airport	-1.354720	176.007004
BFA	Bahía Negra Airport	-20.230777	-58.170455
BFC	Bloomfield River Airport	-15.873600	145.330002
BFD	Bradford Regional Airport	41.803101	-78.640099
BFE	Bielefeld Airport	51.964722	8.544444
BFF	Western Neb. Rgnl/William B. Heilig Airport	41.874001	-103.596001
BFG	Bullfrog Basin Airport	37.547827	-110.712898
BFH	Bacacheri Airport	-25.405100	-49.231998
BFI	King County International Airport - Boeing Field	47.527042	-122.299950
BFJ	Bijie Feixiong Airport	27.267066	105.472097
BFK	Buckley Space Force Base	39.701698	-104.751999
BFL	Meadows Field	35.433601	-119.056999
BFM	Mobile Downtown Airport	30.626801	-88.068100
BFN	Bram Fischer International Airport	-29.092699	26.302401
BFO	Buffalo Range Airport	-21.008101	31.578600
BFP	Beaver County Airport	40.772499	-80.391403
BFQ	Bahia Piña Airport	7.587370	-78.179939
BFR	Virgil I Grissom Municipal Airport	38.840000	-86.445396
BFS	Belfast International Airport	54.657501	-6.215830
BFT	Beaufort Executive Airport	32.412201	-80.634399
BFU	Bengbu Renheji Airport	32.847733	117.320244
BFV	Buri Ram Airport	15.229500	103.252998
BFW	Sidi Bel Abbes Airport	35.171799	-0.593275
BFX	Bafoussam Airport	5.536920	10.354600
BFY	Bengbu Tenghu Airport	33.166292	117.058344
BGA	Palonegro Airport	7.126500	-73.184800
BGB	Booue Airport	-0.107500	11.943800
BGC	Bragança Airport	41.857800	-6.707130
BGD	Hutchinson County Airport	35.700901	-101.393997
BGE	Decatur County Industrial Air Park	30.971500	-84.637398
BGF	Bangui M'Poko International Airport	4.398480	18.518801
BGG	Bingöl Airport	38.860131	40.594489
BGH	Abbaye Airport	16.633314	-14.200001
BGI	Grantley Adams International Airport	13.074667	-59.491034
BGJ	Borgarfjörður eystri Airport	65.516769	-13.815780
BGK	Big Creek Airport	16.519369	-88.407913
BGL	Baglung Airport	28.212799	83.666298
BGM	Greater Binghamton/Edwin A Link field	42.208698	-75.979797
BGN	Belaya Gora Airport	68.556227	146.227840
BGO	Bergen Airport, Flesland	60.293400	5.218140
BGQ	Big Lake Airport	61.534658	-149.812936
BGR	Bangor International Airport	44.806364	-68.826668
BGS	Boguchany Airport	58.380615	97.472336
BGT	Bagdad Airport	34.592796	-113.171993
BGU	Bangassou Airport	4.785000	22.781000
BGV	Aeroclube de Bento Gonçalves Airport	-29.147424	-51.540791
BGW	Baghdad International Airport / New Al Muthana Air Base	33.262501	44.234600
BGX	Comandante Gustavo Kraemer Airport	-31.390499	-54.112202
BGY	Il Caravaggio International Airport	45.669362	9.708851
BHA	Los Perales Airport	-0.608111	-80.402702
BHB	Hancock County-Bar Harbor Airport	44.450001	-68.361504
BHC	Bhurban Heliport	33.960999	73.452003
BHD	George Best Belfast City Airport	54.618099	-5.872500
BHE	Woodbourne Airport	-41.518299	173.869995
BHF	Cupica Airport	6.694817	-77.493643
BHG	Brus Laguna Airport	15.763100	-84.543602
BHH	Bisha Airport	19.984400	42.620899
BHI	Comandante Espora Airport	-38.725000	-62.169300
BHJ	Bhuj Airport	23.287800	69.670197
BHK	Bukhara International Airport	39.775319	64.482279
BHL	Bahía de los Ángeles Airport	28.978600	-113.560997
BHM	Birmingham-Shuttlesworth International Airport	33.562877	-86.750712
BHN	Beihan Airport	14.781714	45.719703
BHO	Raja Bhoj International Airport	23.287500	77.337402
BHP	Bhojpur Airport	27.147400	87.050797
BHQ	Broken Hill Airport	-32.001400	141.472000
BHR	Bharatpur Airport	27.678101	84.429398
BHS	Bathurst Airport	-33.406817	149.651161
BHT	Brighton Downs Airport	-23.365763	141.562947
BHU	Bhavnagar Airport	21.752199	72.185204
BHV	Bahawalpur Airport	29.348101	71.718002
BHW	Bhagatanwala Airport	32.056099	72.948402
BHX	Birmingham Airport	52.453899	-1.748030
BHY	Beihai Fucheng Airport	21.538659	109.293683
BIA	Bastia-Poretta International airport	42.552700	9.483730
BIB	Baidoa Airport	3.101920	43.627137
BIC	Aérodrome de Belle Île	47.325256	-3.201255
BID	Block Island State Airport	41.168446	-71.578631
BIE	Beatrice Municipal Airport	40.301300	-96.754097
BIF	Biggs Army Air Field (Fort Bliss)	31.849501	-106.379997
BIG	Allen Army Airfield	63.994499	-145.722000
BIH	Eastern Sierra Regional Airport	37.373100	-118.363998
BII	Bikini Atoll Airport	11.522499	165.565127
BIJ	Biliau Airport	-5.577463	146.334010
BIK	Frans Kaisiepo Airport	-1.190020	136.108002
BIL	Billings Logan International Airport	45.808932	-108.541242
BIM	South Bimini Airport	25.699900	-79.264702
BIN	Bamyan Airport	34.808916	67.816629
BIO	Bilbao Airport	43.301102	-2.910610
BIP	Bulimba Airport	-16.880800	143.479004
BIQ	Biarritz Pays Basque airport	43.468372	-1.523223
BIR	Biratnagar Airport	26.481501	87.264000
BIS	Bismarck Municipal Airport	46.772734	-100.746874
BIT	Baitadi Airport	29.463421	80.548968
BIU	Bildudalur Airport	65.641296	-23.546200
BIV	Bria Airport	6.527780	21.989401
BIW	Billiluna Airport	-19.566700	127.667000
BIX	Keesler Air Force Base	30.410400	-88.924400
BIY	Bisho Airport	-32.897099	27.279100
BIZ	Bimin Airport	-5.289378	142.014039
BJA	Soummam–Abane Ramdane Airport	36.712547	5.069909
BJB	Bojnord Airport	37.493000	57.308201
BJC	Rocky Mountain Metropolitan Airport	39.908798	-105.116997
BJE	Baleela Airport	11.199444	28.523056
BJF	Båtsfjord Airport	70.600250	29.692612
BJH	Bajhang Airport	29.539000	81.185402
BJI	Bemidji Regional Airport	47.509399	-94.933701
BJJ	Wayne County Airport	40.874802	-81.888298
BJK	Benjina Airport	-6.066130	134.273971
BJL	Banjul International Airport	13.338000	-16.652201
BJM	Bujumbura Melchior Ndadaye International Airport	-3.324020	29.318501
BJO	Bermejo Airport	-22.773300	-64.312897
BJP	Estadual Arthur Siqueira Airport	-22.978822	-46.537131
BJQ	Bahja Airport	19.873056	56.067778
BJR	Bahir Dar Airport	11.608100	37.321602
BJU	Bajura Airport	29.502001	81.668999
BJV	Milas Bodrum International Airport	37.249314	27.664010
BJW	Bajawa Soa (Turelelo) Airport	-8.707770	121.058243
BJX	Guanajuato International Airport	20.992695	-101.480284
BJY	Batajnica Air Base	44.935299	20.257500
BJZ	Badajoz Airport	38.891300	-6.821330
BKA	Baykit Airport	61.676701	96.355003
BKB	Nal Airport	28.070601	73.207199
BKC	Buckland Airport	65.981598	-161.149002
BKD	Stephens County Airport	32.719002	-98.890999
BKE	Baker City Municipal Airport	44.837299	-117.808998
BKG	Branson Airport	36.532082	-93.200544
BKH	Barking Sands Airport	22.022800	-159.785004
BKI	Kota Kinabalu International Airport	5.932743	116.049324
BKJ	Boké Baralande Airport	10.965800	-14.281100
BKK	Suvarnabhumi Airport	13.681100	100.747002
BKL	Burke Lakefront Airport	41.517502	-81.683296
BKM	Bakalalan Airport	3.974000	115.617996
BKN	Balkanabat International Airport	39.681052	54.206008
BKO	Modibo Keita International Airport	12.533500	-7.949940
BKP	Barkly Downs Airport	-20.495833	138.474722
BKQ	Blackall Airport	-24.431678	145.429716
BKR	Bokoro Airport	12.385511	17.070989
BKS	Fatmawati Soekarno Airport	-3.863700	102.338997
BKT	Allen C Perkinson Blackstone Army Air Field	37.074200	-77.957497
BKU	Betioky Airport	-23.733000	44.389000
BKV	Bailing Airport	41.656944	110.312500
BKW	Raleigh County Memorial Airport	37.787300	-81.124199
BKX	Brookings Regional Airport	44.304798	-96.816902
BKY	Bukavu Kavumu Airport	-2.308980	28.808800
BKZ	Bukoba Airport	-1.332000	31.821200
BLA	General José Antonio Anzoategui International Airport	10.111111	-64.692222
BLB	Panamá Pacífico International Airport	8.914790	-79.599602
BLC	Bali Airport	5.895278	10.033889
BLD	Boulder City Municipal Airport	35.947161	-114.858799
BLE	Dala Airport	60.422001	15.515200
BLF	Mercer County Airport	37.295799	-81.207703
BLG	Belaga Airport	2.652143	113.767043
BLH	Blythe Airport	33.619202	-114.717003
BLI	Bellingham International Airport	48.792801	-122.538002
BLJ	Batna Mostefa Ben Boulaid Airport	35.752102	6.308590
BLK	Blackpool Airport	53.771702	-3.028610
BLL	Billund Airport	55.740335	9.157019
BLM	Monmouth Executive Airport	40.186901	-74.124901
BLN	Benalla Airport	-36.551899	146.007004
BLO	Blönduós Airport	65.644997	-20.287500
BLP	Huallaga Airport	-7.060560	-76.582199
BLQ	Bologna Guglielmo Marconi Airport	44.535400	11.288700
BLR	Kempegowda International Airport Bengaluru	13.197900	77.706299
BLS	Bollon Airport	-28.051247	147.481799
BLT	Blackwater Airport	-23.603100	148.807007
BLU	Blue Canyon Nyack Airport	39.275002	-120.709999
BLV	Scott AFB/Midamerica Airport	38.545200	-89.835197
BLW	Beledweyne Airport	4.766976	45.238800
BLX	Belluno Arturo dell'Oro Airport	46.166549	12.250389
BLY	Belmullet Aerodrome	54.222801	-10.030800
BLZ	Chileka International Airport	-15.677189	34.972319
BMA	Stockholm-Bromma Airport	59.354401	17.941700
BMB	Bumba Airport	2.183261	22.479572
BMC	Brigham City Regional Airport	41.552399	-112.061996
BMD	Belo sur Tsiribihina Airport	-19.686701	44.541901
BME	Broome International Airport	-17.949194	122.228300
BMF	Bakouma Airport	5.694000	22.801001
BMG	Monroe County Airport	39.146000	-86.616699
BMH	Bomai Airport	-6.373167	144.637000
BMI	Central Illinois Regional Airport at Bloomington-Normal	40.477100	-88.915901
BMJ	Baramita Airport	7.371096	-60.489260
BMK	Borkum Airport	53.596390	6.709167
BML	Berlin Regional Airport	44.575401	-71.175903
BMM	Bitam Airport	2.075640	11.493200
BMN	Bamarni Airport	37.098801	43.266602
BMO	Banmaw Airport	24.270440	97.247600
BMP	Brampton Island Airport	-20.804633	149.279931
BMQ	Bamburi Airport	-3.981380	39.731120
BMR	Baltrum Airport	53.724850	7.373257
BMS	Sócrates Mariani Bittencourt Airport	-14.255400	-41.817501
BMT	Beaumont Municipal Airport	30.070635	-94.215746
BMU	Sultan Muhammad Salahuddin Airport	-8.537184	118.685002
BMV	Buon Ma Thuot Airport	12.668300	108.120003
BMW	Bordj Badji Mokhtar Airport	21.377800	0.926980
BMX	Big Mountain Airport	59.362274	-155.260148
BMY	Île Art - Waala Airport	-19.720521	163.661077
BMZ	Bamu Airport	-7.848500	143.243300
BNA	Nashville International Airport	36.124500	-86.678200
BNB	Boende Airport	-0.286652	20.883551
BNC	Beni Airport	0.575000	29.473900
BND	Bandar Abbas International Airport	27.218300	56.377800
BNE	Brisbane International Airport	-27.384199	153.117004
BNG	Banning Municipal Airport	33.922548	-116.850672
BNI	Benin Airport	6.316980	5.599500
BNK	Ballina Byron Gateway Airport	-28.833236	153.561471
BNL	Barnwell Regional Airport	33.257801	-81.388298
BNM	Bodinumu Airport	-9.107778	147.666722
BNN	Brønnøysund Airport, Brønnøy	65.461098	12.217500
BNO	Burns Municipal Airport	43.590463	-118.955154
BNR	Banfora Airport	10.688861	-4.727726
BNS	Barinas Airport	8.615000	-70.214167
BNT	Bundi Airport	-5.742222	145.227500
BNU	Blumenau Airport	-26.831661	-49.093569
BNV	Boana Airport	-6.426631	146.826697
BNW	Boone Municipal Airport	42.049599	-93.847603
BNX	Banja Luka International Airport	44.941399	17.297501
BNY	Bellona/Anua Airport	-11.302222	159.798333
BOA	Boma Airport	-5.854000	13.064000
BOB	Bora Bora Airport	-16.444401	-151.751007
BOC	Bocas del Toro "Isla Colón" International Airport	9.340850	-82.250801
BOD	Bordeaux–Mérignac Airport	44.828650	-0.715356
BOE	Boundji Airport	-1.031040	15.336009
BOG	El Dorado International Airport	4.701590	-74.146900
BOH	Bournemouth Airport	50.780483	-1.839576
BOI	Boise Air Terminal/Gowen Field	43.564400	-116.223000
BOJ	Burgas Airport	42.569917	27.515173
BOK	Brookings Airport	42.074600	-124.290001
BOM	Chhatrapati Shivaji Maharaj International Airport	19.088699	72.867897
BON	Flamingo International Airport	12.131000	-68.268501
BOO	Bodø Airport	67.269203	14.365300
BOP	Bouar Airport	5.958000	15.637000
BOR	Bokeo International Airport	20.323986	100.165392
BOS	Boston Logan International Airport	42.361970	-71.007900
BOT	Bosset Airport	-7.237257	141.106322
BOU	Bourges airport	47.060158	2.369633
BOV	Boang Airport	-3.383400	153.281200
BOW	Bartow Executive Airport	27.943399	-81.783401
BOX	Borroloola Airport	-16.075300	136.302002
BOY	Bobo Dioulasso Airport	11.160100	-4.330970
BOZ	Bozoum Airport	6.344170	16.321899
BPA	Borongan Airport	11.674262	125.479259
BPC	Bamenda Airport	6.039240	10.122600
BPD	Bapi Airstrip	-7.743611	147.020556
BPE	Qinhuangdao Beidaihe Airport	39.666384	119.061384
BPF	Batuna Aerodrome	-8.562028	158.119306
BPG	Barra do Garças Airport	-15.861417	-52.389008
BPH	Bislig Airport	8.195052	126.321015
BPI	Miley Memorial Field	42.585098	-110.111000
BPK	Biangabip Airport	-5.526389	141.744583
BPL	Bole Alashankou Airport	44.895461	82.300070
BPM	Begumpet Airport	17.453100	78.467598
BPN	Sultan Aji Muhammad Sulaiman Sepinggan International Airport	-1.268342	116.894520
BPS	Porto Seguro International Airport	-16.438426	-39.080584
BPT	Jack Brooks Regional Airport	29.950800	-94.020699
BPX	Qamdo Bangda Airport	30.553600	97.108299
BPY	Besalampy Airport	-16.744530	44.482484
BQA	Dr. Juan C. Angara Airport	15.729309	121.500034
BQB	Busselton Margaret River Regional Airport	-33.687222	115.400278
BQE	Bubaque Airport	11.297356	-15.838079
BQG	Bogorodskoye Airport	52.381041	140.449378
BQH	London Biggin Hill Airport	51.330799	0.032500
BQI	Bagani Airport	-18.118480	21.623296
BQJ	Batagay Airport	67.648003	134.695007
BQK	Brunswick Golden Isles Airport	31.258801	-81.466499
BQL	Boulia Airport	-22.913300	139.899994
BQN	Rafael Hernández International Airport	18.494900	-67.129402
BQO	Bouna Airport	9.255556	-3.033333
BQQ	Barra Airport	-11.080800	-43.147499
BQR	Maulana Prins Mandapar Airstrip	-1.548841	123.554133
BQS	Ignatyevo Airport	50.426723	127.415502
BQT	Brest International Airport	52.108138	23.896760
BQU	J F Mitchell Airport	12.988400	-61.262001
BQW	Balgo Hill Airport	-20.148333	127.973889
BRA	Dom Ricardo Weberberger Airport	-12.078900	-45.008999
BRB	Barreirinhas National Airport	-2.756644	-42.803187
BRC	Teniente Luis Candelaria International Airport	-41.151199	-71.157501
BRD	Brainerd Lakes Regional Airport	46.402861	-94.129727
BRE	Bremen Airport	53.046786	8.789320
BRG	Siau/Sitaro Airport	2.648591	125.423301
BRH	Brahman Airstrip	-5.741032	145.378518
BRI	Bari Karol Wojtyła International Airport	41.138901	16.760599
BRK	Bourke Airport	-30.039200	145.951996
BRL	Southeast Iowa Regional Airport	40.783199	-91.125504
BRM	Jacinto Lara International Airport	10.042747	-69.358620
BRN	Bern Airport	46.912736	7.498819
BRO	Brownsville South Padre Island International Airport	25.907238	-97.425235
BRP	Biaru Airport	-7.669300	146.759400
BRQ	Brno-Tuřany Airport	49.151276	16.693972
BRR	Barra Airport	57.022800	-7.443060
BRS	Bristol Airport	51.382326	-2.716453
BRT	Bathurst Island Airport	-11.764966	130.615774
BRU	Brussels Airport	50.901402	4.484440
BRW	Wiley Post Will Rogers Memorial Airport	71.285402	-156.766008
BRX	Maria Montez International Airport	18.251499	-71.120399
BRY	Samuels Field	37.814301	-85.499603
BSA	Bender Qassim International Airport	11.275235	49.139231
BSB	Presidente Juscelino Kubitschek International Airport	-15.869167	-47.920834
BSC	José Celestino Mutis Airport	6.202920	-77.394700
BSD	Baoshan Yunrui Airport	25.053301	99.168297
BSE	Sematan Airport	1.812678	109.765391
BSF	Bradshaw Army Airfield	19.760099	-155.554001
BSG	Bata International Airport	1.905470	9.805680
BSI	Balesin Island Airport	14.418624	122.039230
BSJ	Bairnsdale Airport	-37.887539	147.569379
BSK	Biskra - Mohamed Khider Airport	34.793180	5.738899
BSL	EuroAirport Basel–Mulhouse–Freiburg	47.600680	7.521117
BSM	Bishe Kola Air Base	36.655102	52.349602
BSN	Bossangoa Airport	6.492000	17.429001
BSO	Basco Airport	20.451300	121.980003
BSP	Bensbach Airport	-8.858056	141.259444
BSQ	Bisbee Municipal Airport	31.364000	-109.883003
BSR	Basra International Airport	30.549101	47.662102
BSS	Balsas Airport	-7.525305	-46.053364
BST	Bost Airport	31.559700	64.364998
BSU	Basankusu Airport	1.224789	19.788097
BSV	Besakoa Airport	-15.672500	47.061667
BSW	Boswell Bay Airport	60.423100	-146.145996
BSX	Pathein Airport	16.815201	94.779900
BSY	Baardheere Airport	2.330195	42.311802
BSZ	Manas International Airport	43.061298	74.477600
BTA	Bertoua Airport	4.548610	13.726100
BTB	Betou Airport	3.057593	18.514433
BTC	Batticaloa International Airport	7.705073	81.677163
BTD	Brunette Downs Airport	-18.637472	135.938355
BTF	Skypark Airport	40.869400	-111.927002
BTG	Batangafo Airport	7.314110	18.308800
BTH	Hang Nadim International Airport	1.121030	104.119003
BTI	Barter Island Long Range Radar Station Airport	70.134003	-143.582001
BTJ	Sultan Iskandar Muda International Airport	5.525087	95.419970
BTK	Bratsk Airport	56.369600	101.701822
BTL	Battle Creek Executive Airport at Kellogg Field	42.307301	-85.251503
BTM	Bert Mooney Airport	45.954800	-112.497002
BTN	Marlboro County Jetport - H E Avent Field Airport	34.621700	-79.734398
BTO	Botopasi Airport	4.217511	-55.447054
BTP	Pittsburgh/Butler Regional Airport	40.776901	-79.949699
BTQ	Butare Airport	-2.595830	29.736700
BTR	Baton Rouge Metropolitan Airport	30.533199	-91.149597
BTS	M. R. Štefánik Airport	48.170200	17.212700
BTT	Bettles Airport	66.913902	-151.529007
BTU	Bintulu Airport	3.123850	113.019997
BTV	Patrick Leahy Burlington International Airport	44.471901	-73.153297
BTW	Bersujud Airport	-3.412410	115.995003
BTX	Betoota Airport	-25.694791	140.738339
BTY	Beatty Airport	36.861099	-116.787003
BTZ	Betong International Airport	5.790000	101.150000
BUA	Buka Airport	-5.422299	154.672698
BUB	Cram Field	41.776699	-99.149696
BUC	Burketown Airport	-17.748600	139.533997
BUD	Budapest Liszt Ferenc International Airport	47.430180	19.262393
BUF	Buffalo Niagara International Airport	42.940498	-78.732201
BUG	Benguela Airport	-12.609000	13.403700
BUI	Bokondini Airport	-3.684550	138.677437
BUJ	Bou Saada Airport	35.332500	4.206390
BUK	Al-Bough Airport	17.350352	44.625542
BUL	Bulolo Airport	-7.216287	146.649542
BUM	Butler Memorial Airport	38.289799	-94.340103
BUN	Gerardo Tobar López Airport	3.819630	-76.989800
BUO	Burao Airport	9.527500	45.554900
BUP	Bhatinda Air Force Station	30.270100	74.755798
BUQ	Joshua Mqabuko Nkomo International Airport	-20.016284	28.622897
BUR	Hollywood Burbank/Bob Hope Airport	34.202834	-118.358050
BUS	Alexander Kartveli Batumi International Airport	41.609390	41.600315
BUT	Bathpalathang Airport	27.562200	90.747100
BUU	Muara Bungo Airport	-1.541635	102.181613
BUV	Placeres Airport	-30.319807	-57.558823
BUW	Betoambari Airport	-5.486037	122.569823
BUX	Bunia Airport	1.565743	30.220685
BUY	Bunbury Airport	-33.378056	115.676944
BUZ	Bushehr Airport	28.944799	50.834599
BVA	Beauvais-Tillé airport	49.454399	2.112780
BVB	Atlas Brasil Cantanhede International Airport	2.846150	-60.690648
BVC	Aristides Pereira International Airport	16.136499	-22.888901
BVE	Brive Souillac airport	45.039722	1.485556
BVG	Berlevåg Airport	70.871517	29.034097
BVH	Brigadeiro Camarão Airport	-12.694400	-60.098301
BVI	Birdsville Airport	-25.897499	139.348007
BVJ	Bovanenkovo Airport	70.315278	68.333611
BVK	Huacaraje Airport	-13.605556	-63.879444
BVL	Baures Airport	-13.654426	-63.704718
BVM	Belmonte Airport	-15.871700	-38.871899
BVO	Bartlesville Municipal Airport	36.762501	-96.011200
BVS	Breves Airport	-1.636530	-50.443600
BVU	Beluga Airport	61.172199	-151.044006
BVV	Burevestnik Airport	44.919998	147.621994
BVW	Batavia Downs Airport	-12.659200	142.675003
BVX	Batesville Regional Airport	35.726200	-91.647301
BVY	Beverly Regional Airport	42.584202	-70.916496
BVZ	Beverley Springs Airport	-16.732756	125.439105
BWA	Gautam Buddha International Airport	27.504636	83.410381
BWB	Barrow Island Airport	-20.864444	115.406111
BWC	Brawley Municipal Airport	32.992901	-115.516998
BWD	Brownwood Regional Airport	31.793600	-98.956497
BWE	Braunschweig-Wolfsburg Airport	52.319199	10.556100
BWF	Barrow Walney Island Airport	54.128611	-3.267500
BWG	Bowling Green Warren County Regional Airport	36.964500	-86.419701
BWH	RMAF Butterworth Air Base	5.465920	100.390999
BWI	Baltimore/Washington International Thurgood Marshall Airport	39.175400	-76.668297
BWJ	Bawan Airport	-6.396944	146.881667
BWK	Brač Airport	43.284454	16.678362
BWL	Blackwell Tonkawa Municipal Airport	36.745212	-97.349619
BWM	Bowman Regional Airport	46.165519	-103.300750
BWN	Brunei International Airport	4.944200	114.928001
BWO	Balakovo Airport	51.858299	47.745602
BWP	Bewani Airport	-3.021667	141.165278
BWQ	Brewarrina Airport	-29.975792	146.814380
BWT	Wynyard Airport	-40.997039	145.726000
BWU	Sydney Bankstown Airport	-33.923618	150.990792
BWW	Las Brujas Airport	22.621300	-79.147202
BWX	Banyuwangi Airport	-8.310150	114.340100
BXA	George R Carr Memorial Air Field	30.813700	-89.864998
BXB	Babo Airport	-2.532240	133.438995
BXD	Bade Airport	-7.175902	139.583330
BXE	Bakel Airport	14.847300	-12.468300
BXF	Bellburn Airstrip	-17.545000	128.305000
BXG	Bendigo Airport	-36.739399	144.330002
BXH	Balkhash Airport	46.894246	75.004533
BXI	Boundiali Airport	9.540571	-6.469831
BXJ	Boralday Airport	43.352052	76.883039
BXK	Buckeye Municipal Airport	33.422397	-112.686317
BXM	Batom Airport	-4.442687	140.883565
BXN	Bodrum-Imsık Airport	37.140099	27.669701
BXO	Buochs Airport	46.974444	8.396944
BXR	Bam Airport	29.084200	58.450001
BXS	Borrego Valley Airport	33.258999	-116.320999
BXT	LNG Badak Airport	0.121656	117.476558
BXU	Bancasi Airport	8.951500	125.478800
BXV	Breiðdalsvík Airport	64.790037	-14.043927
BXW	Harun Thohir Airport	-5.723628	112.678889
BXX	Borama Airport	9.946300	43.149500
BXY	Baikonur Krayniy International Airport	45.621994	63.210773
BXZ	Bunsil Airport	-5.724300	147.866700
BYA	Boundary Airport	64.077678	-141.122088
BYB	Dibba Airport	25.614229	56.244400
BYC	Yacuiba Airport	-21.960899	-63.651699
BYD	Al-Bayda Airport	14.105974	45.441079
BYF	Albert Bray airport	49.970049	2.693939
BYG	Johnson County Airport	44.381100	-106.722000
BYH	Arkansas International Airport	35.964298	-89.944000
BYI	Burley Municipal Airport	42.542599	-113.772003
BYJ	Beja Airport / Airbase	38.078899	-7.932400
BYK	Bouaké Airport	7.738800	-5.073670
BYL	Bella Yella Airport	7.369167	-9.993722
BYM	Carlos Manuel de Cespedes Airport	20.396400	-76.621399
BYN	Bayankhongor Airport	46.163300	100.704002
BYO	Bonito Airport	-21.247300	-56.452399
BYP	Barimunya Airport	-22.673889	119.166111
BYR	Læsø Airport	57.277199	11.000100
BYS	Bicycle Lake Army Air Field	35.280499	-116.629997
BYT	Bantry Aerodrome	51.677200	-9.487123
BYU	Bayreuth Airport	49.985001	11.640000
BYW	Blakely Island Airport	48.579162	-122.823844
BYX	Baniyala Airport	-13.198100	136.227005
BZA	San Pedro Airport	14.031524	-84.624311
BZB	Bazaruto Island Airport	-21.541100	35.472900
BZC	Umberto Modiano Airport	-22.770881	-41.963080
BZD	Balranald Airport	-34.624834	143.577114
BZE	Philip S. W. Goldson International Airport	17.539951	-88.303556
BZF	Benton Field	40.574902	-122.407997
BZG	Ignacy Jan Paderewski Bydgoszcz Airport	53.096802	17.977699
BZH	Bumi Hills Airport	-16.816485	28.344786
BZI	Balıkesir Airport	39.619301	27.926001
BZJ	Bozhou Airport (under construction)	33.560777	115.911859
BZK	Bryansk International Airport	53.214403	34.175965
BZL	Barisal Airport	22.801001	90.301201
BZM	Bemolanga Airport	-17.692500	45.088833
BZN	Bozeman Yellowstone International Airport	45.778853	-111.153711
BZO	Bolzano Airport	46.459245	11.326125
BZP	Bizant Airport	-14.740278	144.119444
BZR	Béziers Vias airport	43.323502	3.353900
BZT	Eagle Air Park	28.982201	-95.579697
BZU	Buta Zega Airport	2.818058	24.793997
BZV	Maya-Maya International Airport	-4.251700	15.253000
BZX	Bazhong Enyang Airport	31.738420	106.644872
BZY	Bălți-Leadoveni International Airport	47.837666	27.781108
BZZ	RAF Brize Norton	51.750000	-1.583620
CAA	El Aguacate Airport	14.875000	-85.776108
CAB	Cabinda Airport	-5.598390	12.188145
CAC	Coronel Adalberto Mendes da Silva Airport	-25.000323	-53.501208
CAD	Wexford County Airport	44.275749	-85.421534
CAE	Columbia Metropolitan Airport	33.938172	-81.123022
CAF	Carauari Airport	-4.871473	-66.897552
CAG	Cagliari Elmas Airport	39.251499	9.054280
CAH	Cà Mau Airport	9.177667	105.177778
CAI	Cairo International Airport	30.111534	31.396694
CAJ	Canaima Airport	6.231989	-62.854850
CAK	Akron Canton Regional Airport	40.916100	-81.442200
CAL	Campbeltown Airport	55.437199	-5.686390
CAM	Camiri Airport	-20.006560	-63.527827
CAN	Guangzhou Baiyun International Airport	23.392401	113.299004
CAO	Clayton Municipal Airpark	36.446201	-103.167000
CAP	Cap Haitien International Airport	19.725547	-72.200710
CAQ	Juan H White Airport	7.968470	-75.198500
CAR	Caribou Municipal Airport	46.871498	-68.017899
CAT	Cascais Airport	38.724998	-9.355230
CAU	Caruaru Airport	-8.282390	-36.013500
CAV	Cazombo Airport	-11.893100	22.916239
CAW	Bartolomeu Lisandro Airport	-21.698299	-41.301701
CAX	Carlisle Lake District Airport	54.937500	-2.809170
CAY	Cayenne – Félix Eboué Airport	4.819964	-52.361326
CAZ	Cobar Airport	-31.538300	145.794006
CBB	Jorge Wilsterman International Airport	-17.421105	-66.177102
CBC	Cherrabun Airport	-18.917778	125.537778
CBD	Car Nicobar Air Force Base	9.153056	92.819273
CBE	Greater Cumberland Regional Airport	39.615398	-78.760902
CBF	Council Bluffs Municipal Airport	41.259201	-95.760597
CBG	Cambridge City Airport	52.205002	0.175000
CBH	Béchar Boudghene Ben Ali Lotfi Airport	31.645700	-2.269860
CBI	Cape Barren Island Airport	-40.390537	148.016933
CBJ	Cabo Rojo Airport	17.929001	-71.644798
CBK	Shalz Field	39.427502	-101.046997
CBL	General Tomas de Heres Airport	8.122161	-63.536957
CBM	Columbus Air Force Base	33.643799	-88.443802
CBN	Cakrabhuwana Airport	-6.757000	108.538849
CBO	Cotabato (Awang) Airport	7.164753	124.209938
CBQ	Margaret Ekpo International Airport	4.976020	8.347200
CBR	Canberra Airport	-35.306900	149.195007
CBS	Oro Negro Airport	10.330700	-71.322502
CBT	Catumbela Airport	-12.479200	13.486900
CBV	Coban Airport	15.469000	-90.406700
CBW	Campo Mourão Airport	-24.009199	-52.356800
CBX	Condobolin Airport	-33.065650	147.213160
CBY	Canobie Airport	-19.479401	140.927002
CBZ	Binzhou Dagao General Aviation Airport	37.610550	117.885699
CCA	Chimore Airport	-16.976834	-65.145568
CCB	Upland-Cable Airport	34.111599	-117.688004
CCC	Jardines Del Rey Airport	22.461000	-78.328400
CCE	Capital International Airport	30.064650	31.839974
CCF	Carcassonne Salvaza Airport	43.216000	2.306320
CCG	Crane County Airport	31.415100	-102.362999
CCH	Chile Chico Airport	-46.583100	-71.686323
CCI	Olavo Cecco Rigon Airport	-27.180511	-52.051755
CCJ	Calicut International Airport	11.135996	75.955152
CCK	Cocos (Keeling) Islands Airport	-12.192218	96.834103
CCL	Chinchilla Airport	-26.771947	150.617571
CCM	Forquilhinha - Criciúma Airport	-28.725743	-49.424475
CCN	Chaghcharan Airport	34.526465	65.271020
CCO	Carimagua Airport	4.564170	-71.336400
CCP	Carriel Sur International Airport	-36.772350	-73.062828
CCR	Buchanan Field	37.989700	-122.056999
CCS	Maiquetía Simón Bolívar International Airport	10.602214	-66.991174
CCU	Netaji Subhash Chandra Bose International Airport	22.654012	88.447650
CCV	Craig Cove Airport	-16.264999	167.923996
CCW	Cowell Airport	-33.666698	136.891998
CCX	Cáceres Airport	-16.043600	-57.629902
CCY	Northeast Iowa Regional Airport	43.072601	-92.610802
CCZ	Chub Cay Airport	25.417101	-77.880898
CDA	Cooinda Airport	-12.903300	132.531998
CDB	Cold Bay Airport	55.207871	-162.725029
CDC	Cedar City Regional Airport	37.701000	-113.098999
CDD	Cauquira Airport	15.316667	-83.591667
CDE	Chengde Puning Airport	41.122500	118.073889
CDG	Charles de Gaulle International Airport	49.008960	2.554117
CDH	Harrell Field	33.622799	-92.763397
CDI	Cachoeiro do Itapemirim - Raimundo de Andrade Airport	-20.834299	-41.185600
CDJ	Conceição do Araguaia Airport	-8.348350	-49.301498
CDK	George T Lewis Airport	29.134095	-83.050783
CDL	Candle 2 Airport	65.907700	-161.925995
CDN	Woodward Field	34.283600	-80.564903
CDO	Cradock Airport	-32.156700	25.645599
CDP	Kadapa Airport	14.513154	78.769183
CDQ	Croydon Airport	-18.225000	142.257996
CDR	Chadron Municipal Airport	42.837601	-103.095001
CDS	Childress Municipal Airport	34.433800	-100.288002
CDT	Castellón-Costa Azahar Airport	40.213889	0.073333
CDU	Camden Airport	-34.038338	150.686406
CDV	Merle K (Mudhole) Smith Airport	60.491798	-145.477997
CDW	Essex County Airport	40.875198	-74.281403
CDY	Cagayan de Sulu Airport	7.014000	118.496002
CEA	Cessna Aircraft Field	37.648602	-97.250603
CEB	Mactan Cebu International Airport	10.309261	123.979740
CEC	Jack Mc Namara Field Airport	41.778929	-124.236403
CED	Ceduna Airport	-32.130600	133.710007
CEE	Cherepovets Airport	59.273602	38.015800
CEF	Westover Metropolitan Airport / Westover Air Reserve Base	42.194000	-72.534798
CEG	Hawarden Airport	53.178101	-2.977780
CEH	Chelinda Airfield	-10.557293	33.797109
CEI	Mae Fah Luang - Chiang Rai International Airport	19.952299	99.882896
CEK	Kurchatov Chelyabinsk International Airport	55.303141	61.504927
CEL	Canela Airport	-29.370091	-50.831729
CEM	Central Airport	65.573815	-144.780707
CEN	Ciudad Obregón International Airport	27.392599	-109.833000
CEO	Waco Kungo Airport	-11.426400	15.101400
CEP	Concepción Airport	-16.142688	-62.026595
CEQ	Cannes Mandelieu Airport	43.547998	6.955176
CER	Cherbourg Manche airport	49.650101	-1.470280
CES	Cessnock Airport	-32.787498	151.341995
CET	Cholet Le Pontreau airfield	47.082100	-0.877064
CEU	Oconee County Regional Airport	34.671902	-82.886498
CEV	Mettel Field	39.698502	-85.129700
CEW	Bob Sikes Airport	30.778799	-86.522102
CEX	Chena Hot Springs Airport	65.051804	-146.046997
CEY	Murray-Calloway County Airport Kyle-Oakley Field	36.664600	-88.372803
CEZ	Cortez Municipal Airport	37.303001	-108.627998
CFB	Cabo Frio Airport	-22.921485	-42.071874
CFC	Doctor Carlos Alberto da Costa Neves Airport	-26.787423	-50.939942
CFD	Coulter Field	30.715700	-96.331398
CFE	Clermont-Ferrand Auvergne airport	45.786701	3.169170
CFF	Cafunfo Airport	-8.783610	17.989700
CFG	Jaime Gonzalez Airport	22.150000	-80.414200
CFH	Clifton Hills Airport	-27.018299	138.891998
CFI	Camfield Airport	-17.021700	131.326996
CFK	Chlef Aboubakr Belkaid International Airport	36.216614	1.341114
CFM	Conklin (Leismer) Airport	55.695301	-111.278999
CFN	Donegal Airport	55.044201	-8.341000
CFO	Confresa Airport	-10.633296	-51.565836
CFP	Carpentaria Downs Airport	-18.718481	144.313028
CFQ	Creston Valley Regional Airport - Art Sutcliffe Field	49.036900	-116.498001
CFR	Caen Carpiquet airport	49.176780	-0.454883
CFS	Coffs Harbour Airport	-30.320601	153.115997
CFT	Greenlee County Airport	32.957039	-109.211397
CFU	Corfu Ioannis Kapodistrias International Airport	39.601450	19.912179
CFV	Coffeyville Municipal Airport	37.094002	-95.571899
CGB	Várzea Grande–Marechal Rondon International Airport	-15.652900	-56.116699
CGC	Cape Gloucester Airport	-5.455231	148.422289
CGD	Changde Taohuayuan Airport	28.918900	111.639999
CGE	Cambridge Dorchester Airport	38.539299	-76.030403
CGF	Cuyahoga County Airport	41.565102	-81.486397
CGG	Casiguran Airport	16.194100	122.065100
CGH	Congonhas–Deputado Freitas Nobre Airport	-23.627657	-46.654601
CGI	Cape Girardeau Regional Airport	37.225300	-89.570801
CGJ	Kasompe Airport	-12.572800	27.893900
CGK	Soekarno-Hatta International Airport	-6.125570	106.655998
CGL	Chagual Airport	-7.797624	-77.651249
CGM	Camiguin Airport	9.253894	124.709115
CGN	Cologne Bonn Airport	50.865898	7.142740
CGO	Zhengzhou Xinzheng International Airport	34.526497	113.849165
CGP	Shah Amanat International Airport	22.249599	91.813301
CGQ	Changchun Longjia International Airport	43.996201	125.684998
CGR	Campo Grande Airport	-20.469998	-54.673988
CGS	College Park Airport	38.980598	-76.922302
CGV	Caiguna Airport	-32.280457	125.477943
CGX	Chunga Airstrip	-15.053957	25.985673
CGY	Laguindingan International Airport	8.612203	124.456496
CGZ	Casa Grande Municipal Airport	32.954899	-111.766998
CHA	Chattanooga Metropolitan Airport (Lovell Field)	35.035301	-85.203796
CHB	Chilas Airport	35.426701	74.081703
CHC	Christchurch International Airport	-43.489029	172.532065
CHD	Mucugê Airport	-13.031200	-41.444099
CHF	Jinhae Air Base	35.140248	128.696229
CHG	Chaoyang Airport	41.538101	120.434998
CHH	Chachapoyas Airport	-6.201911	-77.856195
CHJ	Chipinge Airport	-20.206699	32.628300
CHK	Chickasha Municipal Airport	35.097401	-97.967697
CHL	Challis Airport	44.522999	-114.218002
CHM	FAP Lieutenant Jaime Andres de Montreuil Morales Airport	-9.149610	-78.523804
CHN	Jeonju (G 703) Air Base	35.878289	127.118940
CHO	Charlottesville Albemarle Airport	38.138599	-78.452904
CHP	Circle Hot Springs Airport	65.485497	-144.610992
CHQ	Chania International Airport	35.531207	24.150673
CHR	Châteauroux Déols airport	46.860221	1.728326
CHS	Charleston International Airport	32.896159	-80.038151
CHT	Inia William Tuuta Memorial Airport	-43.811890	-176.465140
CHU	Chuathbaluk Airport	61.579102	-159.216003
CHX	Changuinola Captain Manuel Niño International Airport	9.458962	-82.515062
CHY	Choiseul Bay Airport	-6.711944	156.396111
CHZ	Chiloquin State Airport	42.579440	-121.879063
CIA	Ciampino–G. B. Pastine International Airport	41.798769	12.595331
CIC	Chico Regional Airport	39.795595	-121.857716
CID	The Eastern Iowa Airport	41.884701	-91.710800
CIE	Collie Airport	-33.366699	116.217003
CIF	Chifeng Yulong Airport	42.159723	118.840971
CIG	Craig Moffat Airport	40.495201	-107.522003
CIH	Changzhi Wangcun Airport	36.247501	113.125999
CII	Aydın Çıldır Airport	37.815389	27.887566
CIJ	Capitán Aníbal Arab Airport	-11.039109	-68.782774
CIK	Chalkyitsik Airport	66.644997	-143.740005
CIL	Council Airport	64.897903	-163.703003
CIM	Cimitarra Airport	6.367484	-73.970658
CIN	Arthur N Neu Airport	42.046200	-94.789001
CIO	Lieutenant Colonel Carmelo Peralta National Airport	-23.441609	-57.427039
CIP	Chipata Airport	-13.558300	32.587200
CIQ	Chiquimula Airport	14.830920	-89.520938
CIR	Cairo Regional Airport	37.064499	-89.219597
CIS	Canton Island Airport	-2.768120	-171.710007
CIT	Shymkent International Airport	42.365021	69.475640
CIU	Chippewa County International Airport	46.242038	-84.462082
CIW	Canouan Airport	12.699000	-61.342400
CIX	Capitán FAP José A. Quiñones González International Airport	-6.789223	-79.828254
CIY	Comiso Airport	36.995830	14.608890
CIZ	Danilson Municipal Airport	-4.134060	-63.132599
CJA	Mayor General FAP Armando Revoredo Iglesias Airport	-7.139180	-78.489403
CJB	Coimbatore International Airport	11.030000	77.043404
CJC	El Loa Airport	-22.498199	-68.903603
CJD	Candilejas Airport	2.066667	-74.583333
CJF	Coondewanna Airport	-22.966667	118.813333
CJH	Chilko Lake (Tsylos Park Lodge) Airport	51.625797	-124.144478
CJJ	Cheongju International Airport/Cheongju Air Base (K-59/G-513)	36.715560	127.500289
CJL	Chitral Airport	35.886213	71.799922
CJM	Chumphon Airport	10.711200	99.361702
CJN	Nusawiru Airport	-7.719895	108.488995
CJS	Abraham González International Airport	31.636673	-106.428533
CJT	San Antonio Copalar Airport	16.176701	-92.050598
CJU	Jeju International Airport	33.512058	126.492548
CJZ	Pedro Vieira Moreira Airport	-6.882700	-38.615830
CKA	Kegelman AF Aux Field	36.734348	-98.123531
CKB	North Central West Virginia Airport	39.296600	-80.228104
CKC	Cherkasy International Airport	49.415600	31.995300
CKD	Crooked Creek Airport	61.870315	-158.137636
CKE	Lampson Field	38.990601	-122.901001
CKG	Chongqing Jiangbei International Airport	29.712254	106.651895
CKH	Chokurdakh Airport	70.623100	147.901993
CKI	Croker Island Airport	-11.165000	132.483002
CKK	Sharp County Regional Airport	36.264900	-91.562599
CKL	Chkalovskiy Air Base	55.878300	38.061699
CKM	Fletcher Field	34.299702	-90.512299
CKN	Crookston Municipal Kirkwood Field	47.841702	-96.621597
CKO	Cornélio Procópio Airport	-23.152711	-50.602868
CKR	Crane Island Airstrip	48.597800	-122.997900
CKS	Carajás Airport	-6.117841	-50.003372
CKT	Sarakhs Airport	36.501202	61.064899
CKU	Cordova Municipal Airport	60.543900	-145.727005
CKV	Clarksville–Montgomery County Regional Airport	36.621899	-87.415001
CKW	Christmas Creek Airport	-22.354302	119.642603
CKX	Chicken Airport	64.066495	-141.951342
CKY	Ahmed Sékou Touré International Airport	9.576890	-13.612000
CKZ	Çanakkale Airport	40.137699	26.426800
CLA	Comilla Airport	23.440133	91.188685
CLD	McClellan-Palomar Airport	33.128300	-117.279999
CLE	Cleveland Hopkins International Airport	41.411701	-81.849800
CLG	New Coalinga Municipal Airport	36.163101	-120.293999
CLH	Coolah Airport	-31.773864	149.615322
CLI	Clintonville Municipal Airport	44.613800	-88.731300
CLJ	Avram Iancu Cluj International Airport	46.786042	23.685733
CLK	Clinton Regional Airport	35.538300	-98.932701
CLL	Easterwood Field	30.588600	-96.363800
CLM	William R Fairchild International Airport	48.120201	-123.500000
CLN	Brig. Lysias Augusto Rodrigues Airport	-7.320440	-47.458698
CLO	Alfonso Bonilla Aragon International Airport	3.542717	-76.381898
CLP	Clarks Point Airport	58.833698	-158.529007
CLQ	Licenciado Miguel de la Madrid International Airport	19.277000	-103.577002
CLR	Cliff Hatfield Memorial Airport	33.131500	-115.521004
CLS	Chehalis Centralia Airport	46.676998	-122.983002
CLT	Charlotte Douglas International Airport	35.214001	-80.943100
CLU	Columbus Municipal Airport	39.262386	-85.895576
CLV	Nelson Ribeiro Guimarães Airport	-17.725096	-48.606324
CLW	Clearwater Air Park	27.976700	-82.758698
CLX	Aeródromo de Clorinda	-25.303600	-57.734400
CLY	Calvi Sainte Catherine Airport	42.530422	8.792984
CLZ	Calabozo Airport	8.924656	-67.417091
CMA	Cunnamulla Airport	-28.030001	145.621994
CMB	Bandaranaike International Colombo Airport	7.180760	79.884102
CMC	Camocim - Pinto Martins Airport	-2.895596	-40.859299
CMD	Cootamundra Airport	-34.624283	148.036641
CME	Ciudad del Carmen International Airport	18.651516	-91.799355
CMF	Chambéry Aix les Bains airport	45.638100	5.880230
CMG	Corumbá International Airport	-19.011930	-57.672772
CMH	John Glenn Columbus International Airport	39.998001	-82.891899
CMI	University of Illinois Willard Airport	40.039819	-88.276249
CMJ	Qimei Airport	23.213127	119.417539
CMK	Club Makokola Airport	-14.306483	35.131477
CML	Camooweal Airport	-19.911699	138.125000
CMM	Carmelita Airport	17.461201	-90.053703
CMN	Mohammed V International Airport	33.367500	-7.589970
CMO	Hobyo Airport	5.358003	48.515281
CMP	Santana do Araguaia Airport	-9.319906	-50.328536
CMQ	Clermont Airport	-22.773100	147.621002
CMR	Colmar Houssen airport	48.109901	7.359010
CMS	Iskushuban Airport	10.313889	50.205556
CMT	New Cametá Airport	-2.246800	-49.560000
CMU	Chimbu Airport	-6.024290	144.970993
CMV	Coromandel Airport	-36.791698	175.509003
CMW	Ignacio Agramonte International Airport	21.419909	-77.848039
CMX	Houghton County Memorial Airport	47.168400	-88.489098
CMY	Sparta Fort McCoy Airport	43.958009	-90.737886
CMZ	Caia Airport	-17.833100	35.334100
CNA	Cananea National Airport	31.066150	-110.097878
CNB	Coonamble Airport	-30.980946	148.377833
CNC	Coconut Island Airport	-10.050139	143.070007
CND	Mihail Kogălniceanu International Airport	44.362202	28.488300
CNE	Fremont County Airport	38.429739	-105.108562
CNF	Tancredo Neves International Airport	-19.635710	-43.966928
CNG	Cognac-Châteaubernard (BA 709) Air Base	45.658298	-0.317500
CNH	Claremont Municipal Airport	43.370399	-72.368698
CNI	Changhai Dachangshandao Airport	39.266441	122.666960
CNJ	Cloncurry Airport	-20.668600	140.503998
CNK	Blosser Municipal Airport	39.549301	-97.652298
CNL	Sindal Airport	57.503502	10.229400
CNM	Cavern City Air Terminal	32.337502	-104.263000
CNN	Kannur International Airport	11.916343	75.544979
CNO	Chino Airport	33.974701	-117.637001
CNP	Neerlerit Inaat Airport	70.743103	-22.650499
CNQ	Corrientes Airport	-27.445500	-58.761900
CNR	Chañaral Airport	-26.332500	-70.607300
CNS	Cairns International Airport	-16.878921	145.749480
CNT	Charata Airport	-27.216400	-61.210300
CNU	Chanute Martin Johnson Airport	37.668173	-95.486727
CNV	Sócrates Rezende Airport	-15.667000	-38.954700
CNW	TSTC Waco Airport	31.641129	-97.073335
CNX	Chiang Mai International Airport	18.766800	98.962601
CNY	Canyonlands Regional Airport	38.755001	-109.754997
CNZ	Cangamba Airport	-13.710600	19.861099
COA	Columbia Airport	38.030399	-120.415001
COB	Coolibah Airport	-15.548300	130.962006
COC	Comodoro Pierrestegui Airport	-31.296900	-57.996600
COD	Yellowstone Regional Airport	44.520199	-109.024002
COE	Coeur D'Alene Airport - Pappy Boyington Field	47.774300	-116.820000
COF	Patrick Space Force Base	28.234900	-80.610100
COG	Mandinga Airport	5.072007	-76.676373
COH	Cooch Behar Airport	26.330500	89.467201
COI	Merritt Island Airport	28.341600	-80.685501
COJ	Coonabarabran Airport	-31.332500	149.266998
COK	Cochin International Airport	10.151047	76.400838
COL	Coll Airport	56.601898	-6.617780
COM	Coleman Municipal Airport	31.841101	-99.403603
CON	Concord Municipal Airport	43.202702	-71.502296
COO	Cotonou Cadjehoun International Airport	6.357230	2.384350
COP	Cooperstown-Westville Airport	42.629552	-74.890445
COQ	Choibalsan Airport	48.135381	114.647231
COR	Ingeniero Aeronáutico Ambrosio L.V. Taravella International Airport	-31.312346	-64.208329
COS	City of Colorado Springs Municipal Airport	38.805801	-104.700996
COT	Cotulla-La Salle County Airport	28.456699	-99.220299
COU	Columbia Regional Airport	38.818100	-92.219597
COV	Çukurova International Airport	36.891478	35.071235
COW	Tambillos Airport	-30.198889	-71.246944
COY	Coolawanyah Airport	-21.794600	117.755000
COZ	Constanza - Expedición 14 de Junio National Airport	18.907499	-70.721901
CPA	Cape Palmas Airport	4.378805	-7.696647
CPB	Capurganá Airport	8.632169	-77.350262
CPC	Aviador C. Campos Airport	-40.075401	-71.137299
CPD	Coober Pedy Airport	-29.038312	134.722166
CPE	Ingeniero Alberto Acuña Ongay International Airport	19.815969	-90.500125
CPF	Ngloram Airport	-7.195522	111.545287
CPG	Carmen de Patagones Airport	-40.778100	-62.980300
CPH	Copenhagen Kastrup Airport	55.617901	12.656000
CPI	Cape Orford Airport	-5.448333	152.081944
CPL	General Navas Pardo Airport	3.724293	-75.465785
CPM	Compton Woodley Airport	33.889999	-118.244003
CPN	Cape Rodney Airport	-10.179823	148.379030
CPO	Desierto de Atacama Airport	-27.261200	-70.779198
CPP	Coposa Airport	-20.750500	-68.683502
CPR	Casper-Natrona County International Airport	42.907381	-106.461609
CPS	St Louis Downtown Airport	38.570702	-90.156197
CPT	Cape Town International Airport	-33.974030	18.604333
CPU	Cururupu Airport	-1.820006	-44.864065
CPV	Presidente João Suassuna Airport	-7.269662	-35.896057
CPX	Benjamin Rivera Noriega Airport	18.312954	-65.303893
CQA	Canarana Airport	-13.576545	-52.268296
CQD	Shahrekord Airport	32.297199	50.842201
CQF	Calais Marck Airport	50.962101	1.954760
CQM	Ciudad Real International Airport	38.856479	-3.969944
CQP	Cape Flattery Airport	-14.970832	145.311667
CQS	Costa Marques Airport	-12.421100	-64.251602
CQT	Caquetania Airport	2.033333	-74.216667
CQW	Chongqing Xiannüshan Airport	29.465658	107.693664
CRA	Craiova International Airport	44.318100	23.888599
CRB	Collarenebri Airport	-29.523239	148.578243
CRC	Santa Ana Airport	4.758180	-75.955700
CRD	General Enrique Mosconi International Airport	-45.786941	-67.463355
CRE	Grand Strand Airport	33.811699	-78.723900
CRF	Carnot Airport	4.937000	15.894000
CRG	Jacksonville Executive at Craig Airport	30.336300	-81.514397
CRH	Cherrabah Airport	-28.430100	152.088950
CRI	Colonel Hill Airport	22.745600	-74.182404
CRJ	Coorabie Airport	-31.894400	132.296005
CRK	Clark International Airport / Clark Air Base	15.186000	120.559998
CRL	Brussels South Charleroi Airport	50.461963	4.459562
CRM	Catarman National Airport	12.501610	124.635258
CRO	Corcoran Airport	36.102661	-119.594815
CRP	Corpus Christi International Airport	27.770399	-97.501198
CRQ	Caravelas Airport	-17.652300	-39.253101
CRR	Ceres Airport	-29.872292	-61.927925
CRS	C David Campbell Field Corsicana Municipal Airport	32.028099	-96.400597
CRT	Z M Jack Stell Field	33.178299	-91.880203
CRU	Lauriston Airport	12.476100	-61.472801
CRV	Crotone Sant'Anna Pythagoras Airport	38.997200	17.080200
CRW	Yeager Airport	38.373100	-81.593201
CRX	Roscoe Turner Airport	34.915001	-88.603500
CRY	Carlton Hill Airport	-15.501900	128.533997
CRZ	Türkmenabat International Airport	38.930662	63.563982
CSA	Colonsay Airstrip	56.057499	-6.243060
CSB	Caransebeş Airport	45.420142	22.252507
CSC	Mojica Airport	10.430700	-85.174599
CSD	Cresswell Downs Airport	-17.948000	135.916000
CSE	Crested Butte Airpark	38.851918	-106.928341
CSF	Creil Air Base	49.253502	2.519140
CSG	Columbus Airport	32.516415	-84.939602
CSH	Solovki Airport	65.029996	35.730558
CSI	Casino Airport	-28.881304	153.060724
CSK	Cap Skirring Airport	12.395330	-16.748000
CSM	Clinton Sherman Airport	35.339802	-99.200500
CSN	Carson Airport	39.194331	-119.734312
CSO	Cochstedt Airport	51.856400	11.420300
CSQ	Creston Municipal Airport	41.021400	-94.363297
CSR	Casuarito Airport	5.833333	-68.133333
CSS	Cassilândia Airport	-19.146861	-51.676941
CSU	Santa Cruz do Sul Airport	-29.684099	-52.412201
CSV	Crossville Memorial Airport Whitson Field	35.951310	-85.084990
CSW	Cabo San Lucas International Airport	22.949072	-109.939479
CSX	Changsha Huanghua International Airport	28.189199	113.220001
CSY	Cheboksary Airport	56.090302	47.347301
CSZ	Brigadier D.H.E. Ruiz Airport	-37.446098	-61.889301
CTA	Catania-Fontanarossa Airport	37.466801	15.066400
CTB	Cut Bank International Airport	48.608657	-112.378183
CTC	Coronel Felipe Varela International Airport	-28.593117	-65.751200
CTD	Alonso Valderrama Airport	7.987840	-80.409837
CTE	Cartí Airport	9.452863	-78.978917
CTF	Coatepeque Airport	14.694200	-91.882500
CTG	Rafael Nuñez International Airport	10.442400	-75.513000
CTH	Chester County G O Carlson Airport	39.979000	-75.865501
CTI	Cuito Cuanavale Airport	-15.160300	19.156099
CTK	Canton Municipal Airport	43.308842	-96.571225
CTL	Charleville Airport	-26.413300	146.261993
CTM	Chetumal International Airport	18.504985	-88.328018
CTN	Cooktown Airport	-15.443649	145.183221
CTO	Calverton Executive Airpark	40.915100	-72.791901
CTP	Carutapera Airport	-1.225365	-46.019057
CTQ	Santa Vitória do Palmar Airport	-33.502038	-53.344911
CTR	Cattle Creek Airport	-17.607000	131.548996
CTS	New Chitose Airport	42.774753	141.690414
CTT	Le Castellet Airport	43.252499	5.785190
CTU	Chengdu Shuangliu International Airport	30.558257	103.945966
CTV	Catoca Airport	-9.431359	20.311557
CTW	Cottonwood Airport	34.730000	-112.035004
CTX	Cortland County Chase Field	42.592602	-76.214897
CTY	Cross City Airport	29.635500	-83.104797
CTZ	Sampson County Airport	34.975601	-78.364601
CUA	Ciudad Constitución National Airport	25.053801	-111.614998
CUB	Jim Hamilton L.B. Owens Airport	33.970501	-80.995201
CUC	Camilo Daza International Airport	7.927570	-72.511500
CUD	Caloundra Airport	-26.803360	153.104975
CUE	Mariscal Lamar Airport	-2.889470	-78.984398
CUF	Cuneo International Airport	44.547458	7.623045
CUG	Cudal Airport	-33.278026	148.768708
CUH	Cushing Municipal Airport	35.950496	-96.772371
CUI	Currillo Airport	4.666667	-72.000000
CUJ	Culion Airport	11.855300	119.937800
CUK	Caye Caulker Airport	17.735015	-88.032862
CUL	Bachigualato Federal International Airport	24.765040	-107.475228
CUM	Antonio José de Sucre Airport	10.450333	-64.130470
CUN	Cancún International Airport	21.040817	-86.873470
CUO	Carurú Airport	1.013822	-71.297343
CUP	General Francisco Bermúdez Airport	10.660014	-63.261681
CUQ	Coen Airport	-13.761133	143.113311
CUR	Hato International Airport	12.188900	-68.959801
CUS	Columbus Airport	31.823898	-107.629924
CUT	Cutral-Co Airport	-38.939701	-69.264603
CUU	General Roberto Fierro Villalobos International Airport	28.702649	-105.963764
CUV	Casigua El Cubo Airport	8.758140	-72.536301
CUY	Cue Airport	-27.450663	117.917703
CUZ	Alejandro Velasco Astete International Airport	-13.535700	-71.938797
CVB	Chungribu Airport	-4.806620	144.714996
CVC	Cleve Airport	-33.709702	136.505005
CVE	Coveñas Airport	9.400920	-75.691300
CVF	Courchevel Altiport	45.397531	6.634980
CVG	Cincinnati Northern Kentucky International Airport	39.048801	-84.667801
CVH	Caviahue Airport	-37.851398	-71.009201
CVI	Caleta Olivia Airport	-46.374280	-67.594090
CVJ	General Mariano Matamoros International Airport	18.833922	-99.261818
CVL	Cape Vogel Airport	-9.670000	150.019722
CVM	General Pedro Jose Mendez International Airport	23.703300	-98.956497
CVN	Clovis Municipal Airport	34.426594	-103.078794
CVO	Corvallis Municipal Airport	44.497200	-123.290001
CVQ	Carnarvon Airport	-24.884337	113.666393
CVS	Cannon Air Force Base	34.382801	-103.321999
CVU	Corvo Airport	39.671501	-31.113600
CWA	Central Wisconsin Airport	44.777448	-89.670238
CWB	Curitiba-Afonso Pena International Airport	-25.528500	-49.175800
CWC	Chernivtsi International Airport	48.259300	25.980801
CWF	Chennault International Airport	30.210600	-93.143204
CWI	Clinton Municipal Airport	41.831100	-90.329102
CWJ	Cangyuan Washan Airport	23.276331	99.373169
CWK	Chitrakoot Airport	25.167694	80.935800
CWL	Cardiff International Airport	51.396702	-3.343330
CWR	Cowarie Airport	-27.711700	138.328003
CWS	Center Island Airport	48.490046	-122.831612
CWT	Cowra Airport	-33.846894	148.648007
CWW	Corowa Airport	-35.994701	146.356995
CWX	Cochise County Airport	32.245399	-109.894997
CXA	Caicara del Orinoco Airport	7.625510	-66.162804
CXB	Cox's Bazar Airport	21.457517	91.963263
CXC	Chitina Airport	61.582901	-144.427002
CXF	Coldfoot Airport	67.252197	-150.203995
CXI	Cassidy International Airport	1.986278	-157.350011
CXJ	Hugo Cantergiani Regional Airport	-29.197183	-51.187647
CXL	Calexico International Airport	32.669498	-115.513000
CXN	Candala Airport	11.495627	49.909816
CXO	Conroe-North Houston Regional Airport	30.351801	-95.414497
CXP	Tunggul Wulung Airport	-7.645060	109.033997
CXQ	Christmas Creek Station Airport	-18.872800	125.934000
CXR	Cam Ranh International Airport / Cam Ranh Air Base	11.998200	109.219002
CXT	Charters Towers Airport	-20.043100	146.272995
CXY	Cat Cay Airport	25.554425	-79.275404
CYA	Antoine-Simon International Airport	18.271099	-73.788300
CYB	Charles Kirkconnell International Airport	19.687000	-79.882797
CYC	Caye Chapel Airport	17.683792	-88.044985
CYD	San Ignacio Town (Maya Flats) Airstrip	17.104872	-89.101129
CYF	Chefornak Airport	60.136667	-164.279167
CYG	Corryong Airport	-36.182800	147.888000
CYI	Chiayi Airport	23.462577	120.390544
CYL	Coyoles Airport	15.445556	-86.675278
CYO	Vilo Acuña International Airport	21.616501	-81.545998
CYP	Calbayog Airport	12.072574	124.545080
CYR	Colonia Laguna de Los Patos International Airport	-34.456402	-57.770599
CYS	Cheyenne Regional Jerry Olson Field	41.155701	-104.811997
CYT	Yakataga Airport	60.080974	-142.494541
CYU	Cuyo Airport	10.858100	121.069000
CYW	Captain Rogelio Castillo National Airport	20.545998	-100.886539
CYX	Cherskiy Airport	68.740601	161.337997
CYZ	Cauayan Airport	16.929899	121.752998
CZA	Chichén Itzá International Airport	20.641300	-88.446198
CZB	Carlos Ruhl Airport	-28.657934	-53.610095
CZC	Copper Center 2 Airport	61.943713	-145.299398
CZE	José Leonardo Chirinos Airport	11.414944	-69.680901
CZF	Cape Romanzof LRRS Airport	61.780300	-166.039002
CZH	Corozal Airport	18.382200	-88.411903
CZJ	Corazón de Jesús Airport	9.446860	-78.575678
CZK	Cascade Locks State Airport	45.676599	-121.878879
CZL	Mohamed Boudiaf International Airport	36.276001	6.620390
CZM	Cozumel International Airport	20.514922	-86.928538
CZN	Chisana Airport	62.071201	-142.048004
CZO	Chistochina Airport	62.563499	-144.669006
CZR	Chara Airport	56.914423	118.270072
CZS	Cruzeiro do Sul Airport	-7.599910	-72.769501
CZT	Dimmit County Airport	28.522200	-99.823601
CZU	Las Brujas Airport	9.332740	-75.285600
CZX	Changzhou Benniu International Airport	31.920485	119.775460
CZY	Cluny Airport	-24.516701	139.617004
DAA	Davison Army Air Field	38.715000	-77.181000
DAB	Daytona Beach International Airport	29.182550	-81.059464
DAC	Hazrat Shahjalal International Airport	23.843347	90.397783
DAD	Da Nang International Airport	16.043900	108.198997
DAF	Daup Airport	-4.740300	145.951500
DAG	Barstow Daggett Airport	34.853699	-116.787003
DAH	Dathina Airport	13.866884	46.133473
DAK	Dakhla Oasis Airport	25.411160	29.003273
DAL	Dallas Love Field	32.844776	-96.847653
DAM	Damascus International Airport	33.411499	36.515598
DAN	Danville Regional Airport	36.572899	-79.336098
DAO	Dabo Airport	-8.431944	147.843056
DAP	Darchula Airport	29.668571	80.548199
DAR	Julius Nyerere International Airport	-6.873499	39.207288
DAS	Great Bear Lake Airport	66.703053	-119.716816
DAT	Datong Yungang International Airport	40.061390	113.480509
DAU	Daru Airport	-9.086760	143.207993
DAV	Enrique Malek International Airport	8.388983	-82.436425
DAX	Dachuan Airport	31.130200	107.429500
DAY	James M. Cox Dayton International Airport	39.902401	-84.219398
DAZ	Darwaz Airport	38.461798	70.881606
DBA	Dalbandin Airport	28.878300	64.399803
DBB	El Alamein International Airport	30.924324	28.461610
DBC	Baicheng Chang'an Airport	45.505278	123.019722
DBD	Dhanbad Airport	23.834000	86.425301
DBM	Debre Markos Airport	10.321501	37.741887
DBN	W H 'Bud' Barron Airport	32.564400	-82.985298
DBO	Dubbo City Regional Airport	-32.216702	148.574997
DBP	Debepare Airport	-6.308611	141.905556
DBQ	Dubuque Regional Airport	42.402000	-90.709503
DBR	Darbhanga Airport	26.192801	85.916901
DBS	Dubois Municipal Airport	44.162057	-112.220581
DBT	Debre Tabor Airport	11.884808	38.009241
DBV	Dubrovnik Ruđer Bošković Airport	42.562247	18.265543
DBY	Dalby Airport	-27.158476	151.263428
DCA	Ronald Reagan Washington National Airport	38.852100	-77.037697
DCF	Canefield Airport	15.336693	-61.392108
DCI	Decimomannu Air Base	39.354198	8.972480
DCK	Dahl Creek Airport	66.943298	-156.904999
DCM	Castres Mazamet Airport	43.556301	2.289180
DCN	RAAF Base Curtin	-17.581389	123.828333
DCT	Duncan Town Airport	22.181801	-75.729500
DCU	Pryor Field Regional Airport	34.652699	-86.945396
DCY	Daocheng Yading Airport	29.316320	100.060317
DDC	Dodge City Regional Airport	37.763401	-99.965599
DDD	Dhaalu Atoll Airport	2.666075	72.887118
DDG	Dandong Langtou International Airport	40.025453	124.286690
DDM	Dodoima Airport	-8.177361	147.809444
DDN	Delta Downs Airport	-16.991699	141.317001
DDR	Shigatse Tingri Airport	28.604567	86.798000
DDU	Dadu West Airport	26.740801	67.666603
DEA	Dera Ghazi Khan Airport	29.961000	70.485901
DEB	Debrecen International Airport	47.489469	21.616278
DEC	Decatur Airport	39.834599	-88.865700
DED	Dehradun Jolly Grant Airport	30.189243	78.176651
DEE	Yuzhno-Kurilsk Mendeleyevo Airport	43.961066	145.684977
DEF	Dezful Airport	32.434399	48.397598
DEH	Decorah Municipal Airport	43.275501	-91.739403
DEI	Denis Island Airport	-3.802067	55.667439
DEJ	Tongren Dejiang Airport (Under Construction)	28.121000	108.163100
DEL	Indira Gandhi International Airport	28.555630	77.095190
DEM	Dembidollo Airport	8.554000	34.858002
DEN	Denver International Airport	39.860027	-104.673792
DEP	Daporijo Airport	27.985500	94.222801
DEQ	Deqing Moganshan Airport	30.504264	120.107388
DER	Derim Airport	-6.144722	147.107222
DES	Desroches Airport	-5.696700	53.655800
DET	Coleman A. Young Municipal Airport	42.409199	-83.009903
DEX	Nop Goliat Dekai Airport	-4.855700	139.482006
DEZ	Deir ez-Zor Airport	35.285400	40.175999
DFA	Shangluo Airport	33.708533	110.249284
DFI	Defiance Memorial Airport	41.337502	-84.428802
DFP	Drumduff Airport	-16.052124	143.013339
DFW	Dallas Fort Worth International Airport	32.896801	-97.038002
DGA	Dangriga Airport	16.982510	-88.230988
DGD	Dalgaranga Gold Mine Airport	-27.829722	117.316389
DGE	Mudgee Airport	-32.564794	149.609452
DGF	Douglas Lake Airport	50.165460	-120.171273
DGH	Deoghar Airport	24.446842	86.704955
DGL	Douglas Municipal Airport	31.342600	-109.505997
DGN	Dahlgren Naval Surface Warfare Center Airport	38.332500	-77.037201
DGO	General Guadalupe Victoria International Airport	24.125468	-104.527938
DGR	Dargaville Aerodrome	-35.939304	173.892862
DGT	Sibulan Airport	9.334183	123.301910
DGU	Dedougou Airport	12.459000	-3.490000
DGW	Converse County Airport	42.797199	-105.386002
DHA	King Abdulaziz Air Base	26.265400	50.152000
DHD	Durham Downs Airport	-27.075001	141.899994
DHF	Al Dhafra Air Base	24.248199	54.547699
DHG	Dalnegorsk Airport	44.558748	135.490005
DHH	Barkol Dahe Airport	43.756544	93.137164
DHI	Dhangarhi Airport	28.755283	80.583398
DHM	Kangra Airport	32.164902	76.263018
DHN	Dothan Regional Airport	31.321301	-85.449600
DHR	De Kooy Airfield / Den Helder Naval Air Station	52.923401	4.780620
DHT	Dalhart Municipal Airport	36.022598	-102.546997
DHX	Dhoho International Airport	-7.749527	111.946831
DIA	Doha International Airport	25.259431	51.565528
DIB	Dibrugarh Airport	27.483900	95.016899
DIE	Arrachart Airport	-12.349400	49.291698
DIG	Diqing Shangri-La Airport	27.793600	99.677200
DIJ	Dijon Longvic airport	47.268902	5.090000
DIK	Dickinson Theodore Roosevelt Regional Airport	46.797533	-102.801905
DIL	Presidente Nicolau Lobato International Airport	-8.546562	125.524507
DIM	Dimbokro Airport	6.651670	-4.640560
DIN	Dien Bien Phu Airport	21.397499	103.008003
DIP	Diapaga Airport	12.060324	1.784631
DIQ	Brigadeiro Cabral Airport	-20.180700	-44.870899
DIR	Aba Tenna Dejazmach Yilma International Airport	9.623549	41.855027
DIS	Ngot Nzoungou Airport	-4.206350	12.659900
DIU	Diu Airport	20.714185	70.921855
DIY	Diyarbakır Airport	37.893902	40.201000
DJA	Djougou Airport	9.692083	1.637778
DJB	Sultan Thaha Airport	-1.638685	103.645063
DJE	Djerba Zarzis International Airport	33.873719	10.777300
DJG	Tiska Djanet Airport	24.285448	9.463652
DJJ	Dortheys Hiyo Eluay International Airport	-2.579627	140.519857
DJM	Djambala Airport	-2.516883	14.754403
DJN	Delta Junction Airport	64.049861	-145.722656
DJO	Daloa Airport	6.792810	-6.473190
DJR	Dajarra Airport	-21.708300	139.533005
DJT	President Donald J. Trump International Airport	26.683201	-80.095596
DJU	Djúpivogur Airport	64.642372	-14.277297
DKA	Umaru Musa Yar'adua Airport	13.007800	7.660450
DKI	Dunk Island Airport	-17.939130	146.141447
DKK	Chautauqua County-Dunkirk Airport	42.492470	-79.273102
DKR	Léopold Sédar Senghor International Airport	14.742337	-17.479222
DKS	Dikson Airport	73.517807	80.379669
DKV	Docker River Airport	-24.859533	129.122209
DLA	Douala International Airport	4.006080	9.719480
DLC	Dalian Zhoushuizi International Airport	38.965719	121.538477
DLE	Dole Tavaux Airport	47.038955	5.427589
DLF	Laughlin Air Force Base	29.359501	-100.778002
DLG	Dillingham Airport	59.044701	-158.505005
DLH	Duluth International Airport	46.841873	-92.198746
DLI	Lien Khuong Airport	11.750556	108.366997
DLK	Dulkaninna Airport	-29.013300	138.481003
DLL	Dillon County Airport	34.449100	-79.368599
DLM	Dalaman International Airport	36.713100	28.792500
DLN	Dillon Airport	45.255402	-112.553001
DLR	Dalnerechensk Airport	45.879857	133.737629
DLS	Columbia Gorge Regional Airport	45.620979	-121.170777
DLU	Dali Fengyi Airport	25.649401	100.319000
DLV	Delissaville Airport	-12.550000	130.684998
DLY	Dillon's Bay Airport	-18.769400	169.001007
DLZ	Dalanzadgad Airport	43.608628	104.367734
DMA	Davis Monthan Air Force Base	32.166500	-110.883003
DMB	Taraz International Airport	42.853600	71.303596
DMD	Doomadgee Airport	-17.940300	138.822006
DME	Domodedovo International Airport	55.408798	37.906300
DMK	Don Mueang International Airport	13.912600	100.607002
DMM	King Fahd International Airport	26.469100	49.798209
DMN	Deming Municipal Airport	32.262299	-107.721001
DMO	Sedalia Memorial Airport	38.707401	-93.175903
DMT	Diamantino Airport	-14.376900	-56.400398
DMU	Dimapur Airport	25.883900	93.771103
DNA	Kadena Air Base	26.351667	127.769444
DNB	Dunbar Airport	-16.047394	142.394415
DND	Dundee Airport	56.452499	-3.025830
DNF	Martuba Air Base	32.542000	22.745001
DNG	Doongan Airport	-15.386429	126.302235
DNH	Dunhuang Mogao International Airport	40.161953	94.812827
DNK	Dnipro International Airport	48.357201	35.100601
DNL	Daniel Field	33.466499	-82.039398
DNN	Dalton Municipal Airport	34.722900	-84.870201
DNO	Dianópolis Airport	-11.595400	-46.846699
DNP	Tulsipur Airport	28.111099	82.294197
DNQ	Deniliquin Airport	-35.559399	144.945999
DNR	Dinard Pleurtuit Saint-Malo airport	48.587700	-2.079960
DNS	Denison Municipal Airport	41.986401	-95.380699
DNU	Dinangat Airport	-6.154600	146.677200
DNV	Vermilion Regional Airport	40.199124	-87.596630
DNX	Galegu Airport	12.533000	35.067001
DNZ	Çardak Airport	37.785599	29.701300
DOA	Doany Airport	-14.368100	49.510799
DOB	Rar Gwamar Airport	-5.773724	134.209245
DOD	Dodoma Airport	-6.170559	35.756036
DOE	Djumu-Djomoe Airport	4.005713	-55.481644
DOG	Dongola Airport	19.153666	30.430069
DOH	Hamad International Airport	25.273056	51.608056
DOI	Doini Airport	-10.700900	150.721800
DOL	Deauville Normandie airport	49.365237	0.154481
DOM	Douglas-Charles Airport	15.546673	-61.301082
DON	Dos Lagunas Airport	17.612400	-89.688400
DOO	Dorobisoro Airport	-9.461855	147.920907
DOP	Dolpa Airport	28.985659	82.818703
DOR	Dori Airport	14.021638	-0.068207
DOU	Dourados Airport	-22.201900	-54.926601
DOV	Dover Civil Air Terminal/Dover Air Force Base	39.129501	-75.466003
DOX	Dongara Airport	-29.298128	114.927334
DOY	Dongying Shengli Airport	37.501370	118.789863
DPA	Dupage Airport	41.907799	-88.248596
DPB	Pampa Guanaco Airport	-54.049977	-68.809193
DPE	Dieppe-Saint-Aubin Airport	49.884662	1.081010
DPG	Michael AAF (Dugway Proving Ground) Airport	40.197396	-112.935094
DPL	Dipolog Airport	8.601983	123.341875
DPO	Devonport Airport	-41.169701	146.429993
DPS	Denpasar I Gusti Ngurah Rai International Airport	-8.748409	115.167123
DPT	Deputatskiy Airport	69.392503	139.890012
DQA	Daqing Sartu Airport	46.750883	125.138642
DQM	Duqm International Airport	19.501944	57.634167
DRA	Desert Rock Airport	36.619400	-116.032997
DRB	Derby Airport	-17.371930	123.662210
DRC	Dirico Airport	-17.981924	20.768061
DRD	Dorunda Airport	-16.553700	141.823800
DRE	Drummond Island Airport	46.009300	-83.743896
DRF	Drift River Airport	60.588902	-152.162003
DRG	Deering Airport	66.068901	-162.766914
DRH	Dabra Airport	-3.270610	138.613433
DRI	Beauregard Regional Airport	30.831699	-93.339897
DRJ	Drietabbetje Airport	4.111359	-54.672766
DRK	Drake Bay Airport	8.718890	-83.641701
DRN	Dirranbandi Airport	-28.587912	148.217161
DRO	Durango La Plata County Airport	37.151501	-107.753998
DRP	Bicol International Airport	13.111915	123.676829
DRR	Durrie Airport	-25.684999	140.227997
DRS	Dresden Airport	51.134123	13.767831
DRT	Del Rio International Airport	29.374201	-100.927002
DRU	Drummond Airport	46.621599	-113.201751
DRV	Dharavandhoo Airport	5.156100	73.130200
DRW	Darwin International Airport / RAAF Darwin	-12.414970	130.881850
DRY	Drysdale River Airport	-15.713570	126.381097
DSC	Dschang Airport	5.450000	10.067000
DSD	La Désirade Airport	16.296902	-61.084400
DSE	Kombolcha Airport	11.109750	39.725911
DSG	Dilasag Airport	16.445833	122.206806
DSI	Destin Executive Airport	30.400101	-86.471497
DSK	Dera Ismael Khan Airport [IN-ACTIVE]	31.909401	70.896599
DSM	Des Moines International Airport	41.534027	-93.656719
DSN	Ordos Ejin Horo International Airport	39.493514	109.859900
DSO	Sondok Airport	39.745201	127.473999
DSS	Blaise Diagne International Airport	14.670878	-17.072829
DSV	Dansville Municipal Airport	42.570545	-77.713273
DSX	Dongsha Island (Pratas Island) Airport	20.706600	116.721001
DSY	Dara Sakor International Airport	10.914244	103.226652
DTA	Delta Municipal Airport	39.380600	-112.508003
DTB	Silangit Airport	2.259730	98.991898
DTD	Datadawai Airport	0.807028	114.529052
DTE	Daet Airport	14.129200	122.980003
DTH	Furnace Creek Airport	36.463799	-116.880997
DTI	Diamantina Airport	-18.232000	-43.650398
DTL	Detroit Lakes Airport	46.824301	-95.883322
DTM	Dortmund Airport	51.518299	7.612240
DTN	Shreveport Downtown Airport	32.540199	-93.745003
DTR	Decatur Shores Airport	48.500171	-122.813973
DTU	Wudalianchi Dedu Airport	48.441037	126.128374
DTW	Detroit Metropolitan Wayne County Airport	42.213770	-83.353786
DTX	McKinney National Airport	33.177898	-96.590500
DUA	Durant Regional Airport - Eaker Field	33.939675	-96.395072
DUB	Dublin Airport	53.428713	-6.262121
DUC	Halliburton Field	34.470901	-97.959900
DUD	Dunedin International Airport	-45.929017	170.197758
DUE	Dundo Airport	-7.400890	20.818501
DUF	Pine Island Airport	36.252744	-75.785256
DUG	Bisbee Douglas International Airport	31.464139	-109.604560
DUJ	DuBois Regional Airport	41.178299	-78.898697
DUK	Mubatuba Airport	-28.368401	32.248100
DUM	Pinang Kampai Airport	1.609026	101.433493
DUQ	Duncan Airport	48.754534	-123.709702
DUR	King Shaka International Airport	-29.614444	31.119722
DUS	Düsseldorf Airport	51.289501	6.766780
DUT	Tom Madsen (Dutch Harbor) Airport	53.898810	-166.544996
DVD	Andavadoaka Airport	-22.066080	43.259573
DVK	Diavik Airport	64.511398	-110.289001
DVL	Devils Lake Regional Airport	48.115454	-98.908796
DVN	Davenport Municipal Airport	41.610432	-90.589693
DVO	Francisco Bangoy International Airport	7.125520	125.646004
DVP	Davenport Downs Airport	-24.150000	141.108002
DVR	Daly River Airport	-13.749806	130.693878
DVT	Phoenix Deer Valley Airport	33.688301	-112.083000
DWA	Dwangwa Airport	-12.517527	34.131877
DWB	Soalala Airport	-16.101690	45.358837
DWC	Al Maktoum International Airport	24.896171	55.162350
DWD	Dawadmi Domestic Airport	24.449900	44.121201
DWH	David Wayne Hooks Memorial Airport	30.061800	-95.552803
DWR	Dwyer Airport	31.091265	64.066053
DWS	Morin Dawa Banner Airport	48.387450	124.431270
DXB	Dubai International Airport	25.249790	55.370992
DXD	Dixie Airport	-15.117494	143.316050
DXE	Bruce Campbell Field	32.438702	-90.103104
DXJ	Xiangxi Biancheng Airport	28.497200	109.521800
DXN	Noida International Airport	28.179868	77.611843
DXR	Danbury Municipal Airport	41.371656	-73.482227
DYA	Dysart Airport	-22.622200	148.363998
DYG	Zhangjiajie Hehua International Airport	29.104749	110.442786
DYL	Doylestown Airport	40.333000	-75.122299
DYM	Diamantina Lakes Airport	-23.761700	141.145004
DYR	Ugolny Yuri Ryktheu Airport	64.734902	177.740997
DYS	Dyess Air Force Base	32.420799	-99.854599
DYU	Dushanbe International Airport	38.543746	68.822977
DYW	Daly Waters Airport	-16.264695	133.383379
DZA	Dzaoudzi Pamandzi International Airport	-12.809319	45.281815
DZH	Dazhou Jinya Airport	31.048815	107.435646
DZI	Las Flores Airport	10.096608	-73.233700
DZN	Zhezkazgan National Airport	47.708953	67.738094
DZO	Santa Bernardina International Airport	-33.358898	-56.499199
DZU	Dazu Air Base	29.636227	105.773621
EAA	Eagle Airport	64.778003	-141.150455
EAB	Abs Airport	16.010983	43.176771
EAE	Siwo Airport	-17.090300	168.343002
EAL	Elenak Airport	9.319306	166.847778
EAM	Najran Domestic Airport	17.611401	44.419201
EAN	Phifer Airfield	42.055500	-104.929001
EAR	Kearney Regional Airport	40.727001	-99.006798
EAS	San Sebastián Airport	43.356499	-1.790610
EAT	Pangborn Memorial Airport	47.398899	-120.207001
EAU	Chippewa Valley Regional Airport	44.865799	-91.484299
EAX	Eduard Alexander Gummels Airport	5.863807	-55.189504
EBA	Marina di Campo Airport	42.760871	10.239811
EBB	Entebbe International Airport	0.042386	32.443501
EBD	El-Obeid Airport	13.153200	30.232700
EBG	El Bagre Airport	7.596470	-74.808900
EBH	El Bayadh Airport	33.721667	1.092500
EBJ	Esbjerg Airport	55.525902	8.553400
EBL	Erbil International Airport	36.236047	43.946615
EBM	El Borma Airport	31.704300	9.254620
EBN	Ebadon Airport	9.330560	166.820007
EBO	Ebon Airport	4.598200	168.752000
EBS	Webster City Municipal Airport	42.436848	-93.869905
EBU	Saint-Étienne-Bouthéon Airport	45.540600	4.296390
EBW	Ebolowa Airport	2.876000	11.185000
ECA	Iosco County Airport	44.312801	-83.422302
ECG	Elizabeth City Regional Airport & Coast Guard Air Station	36.260601	-76.174599
ECH	Echuca Airport	-36.157200	144.761993
ECI	Costa Esmeralda Airport	11.427542	-86.033361
ECN	Ercan International Airport	35.153064	33.507352
ECO	El Encanto Airport	-1.753333	-73.204722
ECP	Northwest Florida Beaches International Airport	30.357106	-85.795414
ECR	El Charco Airport	2.449444	-78.094167
ECS	Mondell Field	43.883790	-104.314156
EDB	Al Dabbah Airport	18.014600	30.959500
EDD	Erldunda Airport	-25.206106	133.254161
EDE	Northeastern Regional Airport	36.027699	-76.567101
EDF	Elmendorf Air Force Base	61.251709	-149.807097
EDI	Edinburgh Airport	55.950145	-3.372288
EDK	Captain Jack Thomas El Dorado Airport	37.774101	-96.817596
EDL	Eldoret International Airport	0.404458	35.238899
EDM	La Roche-sur-Yon Les Ajoncs Airport	46.701900	-1.378630
EDN	Yedinka Airport	47.178201	138.657357
EDO	Balıkesir Koca Seyit Airport	39.552533	27.010192
EDQ	Erandique Airport	14.235833	-88.437225
EDR	Pormpuraaw Airport	-14.896451	141.609080
EDW	Edwards Air Force Base	34.910781	-117.886391
EEA	Planalto Serrano Regional Airport	-27.634128	-50.358253
EED	Needles Airport	34.766300	-114.623001
EEK	Eek Airport	60.213173	-162.044048
EEN	Dillant Hopkins Airport	42.898399	-72.270798
EES	Berenice International Airport / Banas Cape Air Base	23.980437	35.460277
EFD	Ellington Airport	29.607300	-95.158798
EFG	Efogi Airport	-9.153806	147.659806
EFK	Northeast Kingdom International Airport	44.888802	-72.229202
EFL	Kefallinia Airport	38.120098	20.500500
EFW	Jefferson Municipal Airport	42.009866	-94.341717
EGA	Engati Airstrip	-6.917900	146.105300
EGC	Bergerac Dordogne-Périgord airport	44.825298	0.518611
EGE	Eagle County Regional Airport	39.642601	-106.917999
EGH	El Jora Airport	31.078138	34.153131
EGI	Duke Field	30.650400	-86.522903
EGL	Negele Airport	5.289700	39.702300
EGM	Sege Airport	-8.578890	157.876007
EGN	Geneina Airport	13.481882	22.467119
EGO	Belgorod International Airport	50.643799	36.590099
EGP	Maverick County Memorial International Airport	28.859766	-100.516682
EGS	Egilsstaðir Airport	65.283302	-14.401400
EGV	Eagle River Union Airport	45.932301	-89.268303
EGX	Egegik Airport	58.184386	-157.374873
EHL	El Bolsón Airfield	-41.943199	-71.532303
EHM	Cape Newenham LRRS Airport	58.646400	-162.063004
EHU	Ezhou Huahu International Airport	30.341178	115.039260
EIB	Eisenach-Kindel Airport	50.991604	10.479730
EIE	Yeniseysk Airport	58.474201	92.112503
EIH	Einasleigh Airport	-18.503300	144.093994
EIK	Yeysk Airport	46.680000	38.210000
EIL	Eielson Air Force Base	64.665703	-147.102005
EIN	Eindhoven Airport	51.450100	5.374530
EIS	Terrance B. Lettsome International Airport	18.445492	-64.541707
EIY	Ein Yahav Airfield	30.621700	35.203300
EJA	Yariguíes Airport	7.024330	-73.806800
EJH	Al Wajh Domestic Airport	26.198601	36.476398
EJN	Ejin Banner Taolai Airport	42.015500	101.000500
EJT	Enejit Airport	6.040400	171.984600
EKA	Murray Field	40.803398	-124.112999
EKB	Ekibastuz Airport	51.591000	75.214996
EKD	Elkedra Airport	-21.172501	135.444000
EKI	Elkhart Municipal Airport	41.719398	-86.003197
EKN	Elkins-Randolph County Regional Airport	38.889759	-79.857651
EKO	Elko Regional Airport	40.824902	-115.792000
EKS	Shakhtyorsk Airport	49.190300	142.082993
EKT	Eskilstuna Airport	59.351101	16.708401
EKX	Addington Field / Elizabethtown Regional Airport	37.686001	-85.925003
ELA	Eagle Lake Airport	29.600599	-96.321899
ELB	Las Flores Airport	9.045540	-73.974900
ELC	Elcho Island Airport	-12.019400	135.570999
ELD	South Arkansas Regional Airport at Goodwin Field	33.221001	-92.813301
ELE	EL Real Airport	8.107235	-77.725545
ELF	El Fasher Airport	13.614900	25.324600
ELG	El Golea Airport	30.580732	2.861595
ELH	North Eleuthera Airport	25.475823	-76.680784
ELI	Elim Airport	64.614700	-162.272003
ELJ	El Recreo Airport	2.000000	-74.133333
ELK	Elk City Regional Business Airport	35.430801	-99.394302
ELL	Ellisras Matimba Airport	-23.726700	27.688299
ELM	Elmira Corning Regional Airport	42.159901	-76.891602
ELN	Bowers Field	47.033001	-120.530998
ELO	El Dorado Airport	-26.397499	-54.574699
ELP	El Paso International Airport	31.809908	-106.375607
ELQ	Prince Naif bin Abdulaziz International Airport	26.302799	43.774399
ELR	Elelim Airport	-3.785922	139.384497
ELS	King Phalo Airport	-33.035599	27.825899
ELT	At Tur Airport	28.208964	33.645483
ELU	Guemar Airport - مطار قمار بالوادي	33.511398	6.776790
ELX	El Tigre Airport	8.833546	-64.208280
ELY	Ely Airport Yelland Field	39.299702	-114.842003
ELZ	Wellsville Municipal Airport - Tarantine Field	42.109501	-77.989998
EMA	East Midlands Airport	52.831100	-1.328060
EMD	Emerald Airport	-23.567499	148.179001
EME	Emden Airport	53.391109	7.227500
EMG	Empangeni Airport	-28.719999	31.889999
EMI	Emirau Airport	-1.653950	149.975767
EMK	Emmonak Airport	62.786098	-164.490997
EML	Emmen Air Base	47.092444	8.305184
EMM	Kemmerer Municipal Airport	41.824100	-110.556999
EMN	Néma Airport	16.622000	-7.316600
EMO	Emo River Airstrip	-9.123400	148.041500
EMP	Emporia Municipal Airport	38.332100	-96.191200
EMS	Embessa Airport	-9.447000	148.762800
EMT	San Gabriel Valley Airport	34.086102	-118.035004
EMX	El Maitén Airport	-42.029202	-71.172501
EMY	El Minya Airport	28.090509	30.738738
ENA	Kenai Municipal Airport	60.570946	-151.245174
ENB	Eneabba Airport	-29.832500	115.246002
ENC	Nancy-Essey Airport	48.692101	6.230460
END	Vance Air Force Base	36.339199	-97.916496
ENE	H. Hasan Aroeboesman (Ende) Airport	-8.849114	121.661010
ENF	Enontekio Airport	68.362602	23.424299
ENG	Enggano Airport	-5.305621	102.189546
ENH	Enshi Xujiaping Airport	30.320299	109.485001
ENI	El Nido Airport	11.202399	119.416087
ENJ	El Naranjo Airport	14.106931	-90.817496
ENK	Enniskillen/St Angelo Airport	54.398274	-7.651179
ENL	Centralia Municipal Airport	38.515099	-89.091103
ENN	Nenana Municipal Airport	64.548772	-149.074516
ENO	Teniente Ramon A. Ayub Gonzalez International Airport	-27.227537	-55.837584
ENS	Twente Airport	52.275833	6.889167
ENT	Eniwetok Airport	11.340700	162.328003
ENU	Akanu Ibiam International Airport	6.473718	7.560463
ENV	Wendover Airport	40.718700	-114.030998
ENW	Kenosha Regional Airport	42.595699	-87.927803
ENY	Yan'an Nanniwan Airport	36.479413	109.464083
EOH	Enrique Olaya Herrera Airport	6.219686	-75.590597
EOI	Eday Airport	59.190601	-2.772220
EOK	Keokuk Municipal Airport	40.459900	-91.428497
EOR	El Dorado Airport	6.715730	-61.638786
EOS	Neosho Hugh Robinson Airport	36.810799	-94.391701
EOZ	Elorza Airport	7.059677	-69.496700
EPA	El Palomar Airport	-34.609900	-58.612600
EPG	Browns Airport	40.867500	-96.110001
EPH	Ephrata Municipal Airport	47.307598	-119.515999
EPL	Épinal Mirecourt Airport	48.325001	6.069980
EPR	Esperance Airport	-33.684399	121.822998
EPT	Eliptamin Airport	-5.041200	141.677900
EPU	Pärnu Airport	58.418999	24.472799
EQS	Esquel Brigadier Antonio Parodi International Airport	-42.908001	-71.139503
ERA	Erigavo Airport	10.642051	47.387981
ERB	Ernabella Airport	-26.263300	132.182007
ERC	Erzincan Airport	39.710201	39.527000
ERD	Berdyansk Airport	46.814999	36.758099
ERE	Erave Airport	-6.606463	143.900213
ERF	Erfurt-Weimar Airport	50.978281	10.960713
ERG	Yerbogachen Airport	61.275002	108.029999
ERH	Moulay Ali Cherif Airport	31.947500	-4.398330
ERI	Erie International Tom Ridge Field	42.083127	-80.173867
ERL	Erenhot Saiwusu International Airport	43.424079	112.091081
ERM	Erechim Airport	-27.663614	-52.271489
ERN	Eirunepé Airport	-6.639533	-69.879709
ERQ	Elrose Airport	-20.976400	141.006600
ERR	Errol Airport	44.792500	-71.164200
ERS	Eros Airport	-22.604920	17.079002
ERT	Erdenet Airport	48.983056	104.150556
ERU	Erume Airport	-8.253800	146.974700
ERV	Kerrville / Kerr County Airport at Louis Schreiner Field	29.976700	-99.085701
ERZ	Erzurum International Airport	39.956501	41.170200
ESA	Esa'ala Airport	-9.874327	150.954208
ESB	Esenboğa International Airport	40.128101	32.995098
ESC	Delta County Airport	45.723199	-87.088623
ESD	Orcas Island Airport	48.708199	-122.910004
ESE	Ensenada International Airport / El Ciprés Air Base	31.794516	-116.602384
ESF	Esler Army Airfield / Esler Regional Airport	31.394266	-92.294082
ESG	Dr. Luis María Argaña International Airport	-22.046499	-60.621700
ESH	Brighton City Airport	50.835602	-0.297222
ESK	Eskişehir Air Base	39.784100	30.582100
ESL	Elista Airport	46.373901	44.330898
ESM	Carlos Concha Torres International Airport	0.978519	-79.626602
ESN	Easton Airport / Newnam Field	38.804199	-76.069000
ESO	Ohkay Owingeh Airport	36.026133	-106.045443
ESR	Ricardo García Posada Airport	-26.311100	-69.765198
ESS	Essen-Mülheim Airport	51.402302	6.937330
EST	Estherville Municipal Airport	43.407398	-94.746399
ESU	Essaouira-Mogador Airport	31.397499	-9.681670
ESW	Easton State Airport	47.254200	-121.185997
ETB	West Bend Municipal Airport	43.422278	-88.128966
ETD	Etadunna Airport	-28.740801	138.589005
ETE	Metema Airport	12.933000	36.167000
ETL	Svetlaya Airport	46.541704	138.321703
ETM	Ramon International Airport	29.727009	35.014116
ETN	Eastland Municipal Airport	32.413502	-98.809799
ETR	Santa Rosa - Artillery Colonel Victor Larrea International Airport	-3.441986	-79.996957
ETS	Enterprise Municipal Airport	31.299700	-85.899902
ETZ	Metz-Nancy-Lorraine Airport	48.982101	6.251320
EUA	Kaufana Airport	-21.378300	-174.957993
EUC	Eucla Airport	-31.707084	128.877243
EUE	Eureka Airport	39.604198	-116.004997
EUF	Weedon Field	31.951300	-85.128899
EUG	Eugene Airport	44.124599	-123.211998
EUM	Neumünster Airport	54.079445	9.941389
EUN	Laayoune Hassan I International Airport	27.142467	-13.224947
EUO	Paratebueno Airport	4.401295	-73.188381
EUQ	Evelio Javier Airport	10.766644	121.932506
EUX	F. D. Roosevelt Airport	17.496500	-62.979401
EVD	Eva Downs Airport	-18.000999	134.863007
EVE	Harstad/Narvik Airport	68.491302	16.678101
EVG	Sveg Airport	62.047798	14.422900
EVH	Evans Head Aerodrome	-29.101786	153.419255
EVM	Eveleth–Virginia Municipal Airport	47.424580	-92.499204
EVN	Zvartnots International Airport	40.148941	44.397887
EVV	Evansville Regional Airport	38.036999	-87.532402
EVW	Evanston-Uinta County Airport-Burns Field	41.274799	-111.035004
EVX	Évreux-Fauville (BA 105) Air Base	49.028702	1.219860
EWB	New Bedford Regional Airport	41.676102	-70.956902
EWE	Ewer Asmat Airport	-5.496185	138.078361
EWI	Enarotali Airport	-3.925739	136.378634
EWK	Newton City-County Airport	38.058201	-97.274498
EWN	Coastal Carolina Regional Airport	35.073002	-77.042900
EWO	Ewo Airport	-0.883000	14.800000
EWR	Newark Liberty International Airport	40.689400	-74.170545
EXM	Exmouth Airport	-22.040677	114.102663
EXT	Exeter International Airport	50.734261	-3.413984
EYA	Zeya Airport	53.687023	127.090972
EYK	Beloyarskiy Airport	63.686901	66.698601
EYL	Yélimané Airport	15.123682	-10.571177
EYP	El Alcaravan - Yopal Airport	5.319110	-72.384000
EYR	Yerington Municipal Airport	39.004101	-119.157997
EYS	Eliye Springs Airport	3.236405	35.974938
EYW	Key West International Airport	24.556119	-81.759579
EZE	Ezeiza International Airport - Ministro Pistarini	-34.822200	-58.535800
EZS	Elazığ Airport	38.597974	39.283480
EZV	Berezovo Airport	63.921001	65.030502
FAA	Faranah Airport	10.035500	-10.769800
FAB	Farnborough Airport	51.275799	-0.776333
FAC	Faaite Airport	-16.686570	-145.329394
FAE	Vágar Airport	62.063256	-7.275782
FAF	Felker Army Air Field	37.132500	-76.608803
FAG	Fagurhólsmýri Airport	63.874699	-16.641100
FAH	Farah Airport	32.366667	62.165347
FAI	Fairbanks International Airport	64.815102	-147.856003
FAM	Farmington Regional Airport	37.761101	-90.428597
FAO	Faro - Gago Coutinho International Airport	37.015909	-7.970939
FAQ	Frieda River Airport	-4.610468	141.960138
FAR	Hector International Airport	46.920700	-96.815804
FAT	Fresno Yosemite International Airport	36.775767	-119.718018
FAU	Fahud Airport	22.354759	56.484146
FAV	Fakarava Airport	-16.054100	-145.656998
FAY	Fayetteville Regional Airport - Grannis Field	34.991199	-78.880302
FAZ	Fasa Airport	28.891800	53.723301
FBA	Fonte Boa Airport	-2.532610	-66.083199
FBD	Fayzabad Airport	37.122148	70.520100
FBE	Paulo Abdala Airport	-26.059380	-53.063827
FBG	Simmons Army Air Field	35.131802	-78.936699
FBK	Ladd Army Airfield	64.837502	-147.613998
FBL	Faribault Municipal Airport-Liz Wall Strohfus Field	44.328440	-93.312534
FBM	Lubumbashi International Airport	-11.591494	27.530753
FBR	Fort Bridger Airport	41.391899	-110.406998
FBY	Fairbury Municipal Airport	40.182999	-97.169296
FCA	Glacier Park International Airport	48.310501	-114.255997
FCB	Ficksburg Sentraoes Airport	-28.823099	27.908899
FCH	Fresno Chandler Executive Airport	36.732399	-119.820000
FCM	Flying Cloud Airport	44.827202	-93.457100
FCN	Sea-Airport Cuxhaven/Nordholz / Nordholz Naval Airbase	53.767689	8.659201
FCO	Rome–Fiumicino Leonardo da Vinci International Airport	41.804532	12.251998
FCS	Butts AAF (Fort Carson) Air Field	38.678398	-104.757004
FCY	Forrest City Municipal Airport	34.942001	-90.775002
FDA	Fundación Airport	10.533300	-74.200000
FDE	Førde Airport, Bringeland	61.391102	5.756940
FDF	Martinique Aimé Césaire International Airport	14.591000	-61.003201
FDH	Bodensee Airport Friedrichshafen	47.671299	9.511490
FDK	Frederick Municipal Airport	39.417599	-77.374298
FDR	Frederick Regional Airport	34.352001	-98.983902
FDU	Bandundu Airport	-3.311320	17.381701
FDY	Findlay Airport	41.013500	-83.668701
FEB	Sanfebagar Airport	29.236629	81.215317
FEC	João Durval Carneiro Airport	-12.200694	-38.906164
FEG	Fergana International Airport	40.358799	71.745003
FEJ	Feijó Airport	-8.141213	-70.340821
FEN	Fernando de Noronha Airport	-3.854534	-32.423017
FEP	Albertus Airport	42.246201	-89.582001
FET	Fremont Municipal Airport	41.450240	-96.522884
FEZ	Fes Saïss International Airport	33.927299	-4.977960
FFA	First Flight Airport	36.018200	-75.671303
FFD	RAF Fairford	51.683568	-1.789172
FFL	Fairfield Municipal Airport	41.053024	-91.980114
FFM	Fergus Falls Municipal Airport - Einar Mickelson Field	46.284401	-96.156700
FFO	Wright-Patterson Air Force Base	39.826099	-84.048302
FFT	Capital City Airport	38.181698	-84.906764
FFU	Futaleufú Airport	-43.189201	-71.851097
FGD	Fderik Airport	22.673551	-12.729262
FGI	Fagali'i Airport	-13.849167	-171.739866
FGU	Fangatau Airport	-15.820044	-140.888071
FHU	Sierra Vista Municipal Airport / Libby Army Air Field	31.587383	-110.348225
FHZ	Fakahina Airport	-15.992259	-140.164246
FID	Elizabeth Field	41.252099	-72.032218
FIE	Fair Isle Airport	59.534721	-1.628509
FIG	Fria Airport	10.350600	-13.569200
FIH	Ndjili International Airport	-4.385750	15.444600
FIK	Finke Airport	-25.594700	134.582993
FIL	Fillmore Municipal Airport	38.958302	-112.362999
FIN	Finschhafen Airport	-6.621750	147.854050
FIZ	Fitzroy Crossing Airport	-18.183596	125.559783
FJR	Fujairah International Airport	25.108411	56.328061
FKB	Karlsruhe Baden-Baden Airport	48.779400	8.080500
FKI	Bangoka International Airport	0.481639	25.337999
FKJ	Fukui Airport	36.142799	136.223999
FKL	Venango Regional Airport	41.377899	-79.860397
FKN	Franklin Regional Airport	36.698101	-76.903801
FKQ	Fakfak Airport	-2.920508	132.267011
FKS	Fukushima Airport	37.227402	140.431000
FLA	Gustavo Artunduaga Paredes Airport	1.589190	-75.564400
FLB	Cangapara Airport	-6.846390	-43.077301
FLD	Fond du Lac County Airport	43.771198	-88.488403
FLF	Flensburg-Schäferhaus Airport	54.773335	9.378889
FLG	Flagstaff Pulliam Airport	35.139757	-111.669826
FLH	Flotta Isle Airstrip	58.825802	-3.142780
FLL	Fort Lauderdale Hollywood International Airport	26.072599	-80.152702
FLM	Aeródromo de Filadelfia	-22.354611	-60.053211
FLN	Hercílio Luz International Airport	-27.670279	-48.552502
FLO	Florence Regional Airport	34.185398	-79.723900
FLP	Marion County Regional Airport	36.290901	-92.590302
FLR	Florence Airport, Peretola	43.808558	11.202822
FLS	Flinders Island Airport	-40.091702	147.992996
FLT	Flat Airport	62.452599	-157.988998
FLV	Sherman Army Air Field	39.368301	-94.914703
FLW	Flores Airport	39.455299	-31.131399
FLX	Fallon Municipal Airport	39.499100	-118.749001
FLY	Finley Airport	-35.658918	145.561214
FLZ	Dr. Ferdinand Lumban Tobing Airport	1.557127	98.887145
FMA	Formosa National Airport	-26.212700	-58.228100
FME	Fort Meade Executive Airport	39.085400	-76.759399
FMG	Flamingo Airport	10.418600	-85.782700
FMH	Cape Cod Coast Guard Air Station	41.657899	-70.521630
FMI	Kalemie Airport	-5.875560	29.250000
FMM	Memmingen Allgau Airport	47.988092	10.238248
FMN	Four Corners Regional Airport	36.741199	-108.230003
FMO	Münster Osnabrück Airport	52.133816	7.688482
FMS	Fort Madison Municipal Airport	40.659113	-91.327763
FMT	Faresmaathoda Airport	0.192647	73.196755
FMU	Florence Municipal Airport	43.982800	-124.111000
FMY	Page Field	26.586599	-81.863297
FNA	Lungi International Airport	8.616440	-13.195500
FNB	Neubrandenburg Trollenhagen Airport	53.602200	13.306000
FNC	Cristiano Ronaldo International Airport	32.697812	-16.774613
FND	Funadhoo Airport	6.162443	73.287520
FNE	Fane Airport	-8.549278	147.085833
FNG	Fada N'gourma Airport	12.038931	0.362798
FNH	Fincha Airport	9.584387	37.377855
FNI	Nîmes-Arles-Camargue Airport	43.757401	4.416350
FNJ	Pyongyang Sunan International Airport	39.224098	125.669998
FNL	Northern Colorado Regional Airport	40.449690	-105.011272
FNT	Bishop International Airport	42.969294	-83.743355
FNU	Oristano-Fenosu Airport	39.895308	8.642661
FOA	Foula Airfield	60.121916	-2.053439
FOB	Fort Bragg Airport	39.472445	-123.795319
FOC	Fuzhou Changle International Airport	25.929254	119.672524
FOD	Fort Dodge Regional Airport	42.552624	-94.191237
FOE	Topeka Regional Airport	38.950901	-95.663597
FOG	Foggia Gino Lisa Airport	41.433596	15.534566
FOK	Francis S Gabreski Airport	40.843700	-72.631798
FOM	Foumban Nkounja Airport	5.636920	10.750800
FON	La Fortuna Arenal Airport	10.469311	-84.579073
FOO	Kornasoren Airport	-0.935745	134.872292
FOR	Pinto Martins International Airport	-3.775833	-38.532222
FOS	Forrest Airport	-30.836620	128.112811
FOT	Forster (Wallis Is) Airport	-32.202489	152.481136
FOU	Fougamou Airport	-1.278325	10.612497
FOY	Foya Airport	8.351300	-10.226900
FPO	Grand Bahama International Airport	26.557996	-78.695583
FPR	Treasure Coast International Airport	27.495100	-80.368301
FPY	Perry-Foley Airport	30.069300	-83.580597
FRA	Frankfurt Main Airport	50.026706	8.558350
FRB	Forbes Airport	-33.363602	147.934998
FRC	Tenente Lund Pressoto Airport	-20.592199	-47.382900
FRD	Friday Harbor Airport	48.523654	-123.024645
FRE	Fera/Maringe Airport	-8.107500	159.576996
FRG	Republic Airport	40.728576	-73.414267
FRH	French Lick Municipal Airport	38.506199	-86.636902
FRI	Marshall Army Air Field	39.053021	-96.764202
FRK	Frégate Island Airport (UNUSABLE)	-4.582785	55.944928
FRL	Forlì-Luigi Ridolfi International Airport	44.194801	12.070100
FRM	Fairmont Municipal Airport	43.643902	-94.415604
FRN	Bryant Army Airfield	61.266399	-149.653000
FRO	Florø Airport	61.583599	5.024720
FRQ	Feramin Airport	-5.208000	141.698800
FRR	Front Royal Warren County Airport	38.917500	-78.253502
FRS	Mundo Maya International Airport	16.913707	-89.866143
FRT	El Avellano Airport	-41.051666	-73.351110
FRW	Phillip Gaonwe Matante International Airport	-21.159183	27.468826
FRY	Eastern Slopes Regional Airport	43.991100	-70.947899
FRZ	Fritzlar Army Airfield	51.114600	9.286000
FSC	Figari Sud-Corse Airport	41.501850	9.097092
FSD	Sioux Falls Regional Airport	43.585463	-96.741152
FSH	Syekh Hamzah Fansyuri Airport	2.269614	97.967863
FSI	Henry Post Army Air Field	34.649799	-98.402199
FSK	Fort Scott Municipal Airport	37.798401	-94.769402
FSL	Fossil Downs Airport	-18.132100	125.787300
FSM	Fort Smith Regional Airport	35.336601	-94.367401
FSP	Saint-Pierre Pointe-Blanche Airport	46.762651	-56.174990
FST	Fort Stockton Pecos County Airport	30.915701	-102.916000
FSU	Fort Sumner Municipal Airport	34.483398	-104.217003
FSZ	Mount Fuji Shizuoka Airport	34.795022	138.190976
FTA	Futuna Airport	-19.516399	170.231995
FTE	El Calafate - Commander Armando Tola International Airport	-50.280267	-72.053401
FTI	Fitiuta Airport	-14.216131	-169.423771
FTK	Godman Army Air Field	37.907101	-85.972099
FTU	Tôlanaro Airport	-25.038099	46.956100
FTW	Fort Worth Meacham International Airport	32.819919	-97.360818
FTX	Owando Airport	-0.524566	15.937820
FTY	Fulton County Airport Brown Field	33.779099	-84.521400
FUB	Fulleborn Airport	-6.151800	150.626400
FUE	Fuerteventura Airport	28.452700	-13.863800
FUG	Fuyang Xiguan Airport	32.882157	115.734364
FUJ	Fukue Airport	32.666302	128.832993
FUK	Fukuoka Airport	33.585899	130.451004
FUL	Fullerton Municipal Airport	33.872002	-117.980003
FUM	Fuma Airport	-6.393300	142.440800
FUN	Funafuti International Airport	-8.523885	179.196976
FUO	Foshan Shadi Airport	23.082500	113.070833
FUT	Pointe Vele Airport	-14.311565	-178.066492
FVL	Flora Valley Airport	-18.297844	128.455897
FVM	Fuvahmulah Airport	-0.309722	73.435000
FVR	Oombulgurri Airport	-15.164700	127.840100
FWA	Fort Wayne International Airport	40.978896	-85.194465
FWH	NAS Fort Worth JRB / Carswell Field	32.769199	-97.441498
FWL	Farewell Airport	62.509327	-153.892279
FXE	Fort Lauderdale Executive Airport	26.197300	-80.170700
FXO	Cuamba Airport	-14.815000	36.529999
FXY	Forest City Municipal Airport	43.234699	-93.624100
FYJ	Fuyuan Dongji Airport	48.197219	134.362980
FYM	Fayetteville Municipal Airport	35.059700	-86.564003
FYN	Fuyun Koktokay Airport	46.804169	89.512006
FYT	Faya-Largeau Airport	17.917101	19.111099
FYU	Fort Yukon Airport	66.571651	-145.249987
FYV	Drake Field	36.005100	-94.170097
FZL	Fuzuli International Airport	39.594578	47.196128
GAA	Guamal Airport	9.150000	-74.233333
GAB	Gabbs Airport	38.923173	-117.957200
GAC	Celaque Gracias Airport	14.573492	-88.595801
GAD	Northeast Alabama Regional Airport	33.972599	-86.088996
GAE	Gabès Matmata International Airport	33.733691	9.919410
GAF	Gafsa Ksar International Airport	34.422001	8.822500
GAG	Gage Heibeck Airport	36.295502	-99.776398
GAH	Gayndah Airport	-25.615939	151.620550
GAI	Montgomery County Airpark	39.168301	-77.166000
GAJ	Yamagata Airport	38.411900	140.371002
GAL	Edward G. Pitka Sr Airport	64.736198	-156.936997
GAM	Gambell Airport	63.767694	-171.733303
GAN	Gan International Airport	-0.692975	73.152627
GAO	Mariana Grajales Airport	20.085300	-75.158302
GAP	Gusap Airport	-6.053196	145.959047
GAQ	Gao International Airport	16.248466	-0.005389
GAR	Garaina Airport	-7.875625	147.141266
GAS	Garissa Airport	-0.463508	39.648300
GAT	Gap-Tallard Airfield	44.455002	6.037780
GAU	Lokpriya Gopinath Bordoloi International Airport	26.106654	91.585226
GAV	Gag Island Airport	-0.400556	129.895004
GAW	Gangaw Airport	22.174700	94.134399
GAX	Gamba Airport	-2.785278	10.047222
GAY	Gaya Airport	24.744301	84.951202
GAZ	Guasopa Airport	-9.225918	152.944352
GBA	Cotswold Airport	51.668528	-2.056599
GBB	Gabala International Airport	40.808617	47.725389
GBC	Gasuke Airport	-6.102800	141.739300
GBD	Great Bend Municipal Airport	38.344299	-98.859200
GBE	Sir Seretse Khama International Airport	-24.555201	25.918200
GBF	Negarbo(Negabo) Airport	-6.567778	144.703058
GBG	Galesburg Regional HW Timmons Airport	40.938000	-90.431099
GBH	Galbraith Lake Airport	68.479698	-149.490005
GBI	Kalaburagi Airport	17.308154	76.965246
GBJ	Marie-Galante Airport	15.868925	-61.270087
GBK	Gbangbatok Airport	7.812535	-12.377815
GBL	South Goulburn Is Airport	-11.650000	133.382004
GBM	Garbaharey Airport	3.322940	42.213090
GBP	Gamboola Airport	-16.544120	143.668155
GBR	Walter J. Koladza Airport	42.184200	-73.403198
GBT	Gorgan Airport	36.909401	54.401299
GBU	Khashm El Girba Airport	14.925000	35.877998
GBV	Gibb River Airport	-16.418661	126.445685
GBW	Ginbata Airport	-22.581200	120.035530
GBZ	Great Barrier Aerodrome	-36.241402	175.472000
GCA	Guacamayas Airport	2.283333	-74.950000
GCC	Northeast Wyoming Regional Airport	44.348900	-105.539001
GCD	Grand Coulee Dam Airport	47.922001	-119.083000
GCH	Gachsaran Airport	30.333869	50.833796
GCI	Guernsey Airport	49.435001	-2.601970
GCJ	Grand Central Airport	-25.986300	28.140100
GCK	Garden City Regional Airport	37.927502	-100.723999
GCM	Owen Roberts International Airport	19.292801	-81.357697
GCN	Grand Canyon National Park Airport	35.952400	-112.147003
GCT	Grand Canyon Bar Ten Airstrip	36.257984	-113.231063
GCV	Gravatai Airport	-29.949400	-50.985050
GCW	Grand Canyon West Airport	35.985787	-113.817072
GCY	Greeneville Municipal Airport	36.195648	-82.811482
GDB	Gondia Airport	21.526817	80.290347
GDC	Donaldson Field Airport	34.758301	-82.376404
GDD	Gordon Downs Airport	-18.678101	128.591995
GDE	Gode Airport	5.935130	43.578602
GDI	Gordil Airport	9.581117	21.728172
GDL	Guadalajara International Airport	20.523342	-103.310108
GDM	Gardner Municipal Airport	42.549999	-72.016098
GDN	Gdańsk Lech Wałęsa Airport	54.377602	18.466200
GDO	Guasdualito Airport	7.210834	-70.756386
GDP	Guadalupe Airport	-6.782220	-43.582199
GDQ	Gondar Airport	12.519900	37.433998
GDR	Angra dos Reis Airport	-22.975300	-44.307098
GDT	JAGS McCartney International Airport	21.444500	-71.142303
GDV	Dawson Community Airport	47.137658	-104.806910
GDW	Gladwin Zettel Memorial Airport	43.970600	-84.474998
GDX	Sokol Airport	59.910999	150.720001
GDZ	Gelendzhik Airport	44.582093	38.012481
GEA	Nouméa Magenta Airport	-22.257706	166.472822
GEB	Gebe Airport	-0.078889	129.457993
GEC	Geçitkale Airbase	35.235910	33.720088
GED	Delaware Coastal Airport	38.689201	-75.358902
GEE	George Town Airport	-41.079491	146.839061
GEF	Geva Airport	-7.575830	156.597000
GEG	Spokane International Airport	47.619900	-117.533997
GEL	Santo Ângelo Airport	-28.282503	-54.169623
GEM	President Obiang Nguema International Airport	1.676437	11.024904
GEO	Cheddi Jagan International Airport	6.498550	-58.254101
GER	Rafael Cabrera Airport	21.834700	-82.783798
GES	General Santos International Airport	6.057208	125.096243
GET	Geraldton Airport	-28.796101	114.707001
GEV	Gällivare Airport	67.132401	20.814600
GEW	Gewoia Airport	-9.226300	148.494900
GEY	South Big Horn County Airport	44.516800	-108.083000
GFD	Pope Field	39.790715	-85.735019
GFE	Grenfell Airport	-34.000000	148.132996
GFF	Griffith Airport	-34.250801	146.067001
GFK	Grand Forks International Airport	47.949299	-97.176102
GFL	Floyd Bennett Memorial Airport	43.341202	-73.610298
GFN	Clarence Valley Regional Airport	-29.754795	153.031234
GFO	Bartica A Airport	6.358864	-58.655207
GFR	Granville Airport	48.883099	-1.564170
GFY	Grootfontein Airport	-19.602200	18.122700
GGB	Frederico Carlos Müller Airport	-14.019959	-52.152003
GGC	Lumbala Airport	-14.105106	21.450830
GGD	Gregory Downs Airport	-18.625000	139.233002
GGE	Georgetown County Airport	33.311699	-79.319603
GGF	Almeirim Airport	-1.479524	-52.578214
GGG	East Texas Regional Airport	32.383999	-94.711502
GGH	Engenheiro Gastão de Mesquita Filho Airport	-23.691570	-52.642091
GGJ	Guaíra Airport	-24.081100	-54.191700
GGM	Kakamega Airport	0.271353	34.788120
GGN	Gagnoa Airport	6.102855	-5.986809
GGO	Guiglo Airport	6.534711	-7.526847
GGR	Garowe Airport	8.458474	48.568136
GGS	Gobernador Gregores Airport	-48.783100	-70.150002
GGT	Exuma International Airport	23.562599	-75.877998
GGW	Glasgow Valley County Airport Wokal Field	48.212502	-106.614998
GHA	Noumérat - Moufdi Zakaria Airport	32.384102	3.794110
GHB	Governor's Harbour Airport	25.284700	-76.331001
GHC	Great Harbour Cay Airport	25.738300	-77.840103
GHE	Garachiné Airport	8.064400	-78.367300
GHF	Giebelstadt Airport	49.648056	9.966389
GHK	Gahcho Kue	63.435198	-109.144812
GHM	Centerville Municipal Airport	35.837399	-87.445396
GHN	Guanghan Airport	30.948500	104.329600
GHS	Melalan Airport	-0.203611	115.760002
GHT	Ghat Airport	25.145599	10.142600
GHU	Gualeguaychu Airport	-33.005567	-58.612833
GHV	Brașov-Ghimbav International Airport	45.705580	25.522871
GIB	Gibraltar Airport	36.151679	-5.349780
GIC	Boigu Island Airport	-9.232780	142.218002
GID	Gitega Airport	-3.417209	29.911308
GIF	Winter Haven Regional Airport - Gilbert Field	28.062901	-81.753304
GIG	Rio de Janeiro Galeão – Tom Jobim International Airport	-22.809999	-43.250557
GII	Siguiri Airport	11.399833	-9.188410
GIL	Gilgit Airport	35.918800	74.333603
GIM	Miele Mimbale Airport	-0.028940	11.418021
GIR	Santiago Vila Airport	4.276240	-74.796700
GIS	Gisborne Airport	-38.663300	177.977997
GIT	Mchauru Airport	-2.813667	32.172472
GIU	Sigiriya Air Force Base	7.956670	80.728500
GIY	Giyani Airport	-23.283300	30.650000
GIZ	Jizan Regional Airport / King Abdullah bin Abdulaziz Airport	16.901100	42.585800
GJA	La Laguna Airport	16.445400	-85.906601
GJL	Jijel Ferhat Abbas Airport	36.794125	5.873652
GJM	Guajará-Mirim Airport	-10.786410	-65.284860
GJR	Gjögur Airport	65.995300	-21.326900
GJT	Grand Junction Regional Airport	39.126663	-108.529387
GKA	Goroka Airport	-6.081690	145.391998
GKD	Gökçeada Airport	40.204498	25.883302
GKE	Geilenkirchen Air Base	50.960800	6.042420
GKH	Palungtar Airport	28.038500	84.466400
GKK	Kooddoo Airport	0.732400	73.433600
GKL	Great Keppel Is Airport	-23.184575	150.941640
GKN	Gulkana Airport	62.155859	-145.454662
GKT	Gatlinburg-Pigeon Forge Airport	35.857800	-83.528702
GLA	Glasgow Airport	55.871899	-4.433060
GLB	San Carlos Apache Airport	33.353100	-110.667000
GLC	Geladi Airport	6.984440	46.421398
GLD	Goodland Municipal Airport	39.370701	-101.699753
GLE	Gainesville Municipal Airport	33.651402	-97.196999
GLF	Golfito Airport	8.654010	-83.182198
GLG	Glengyle Airport	-24.808300	139.600006
GLH	Mid Delta Regional Airport	33.482899	-90.985603
GLI	Glen Innes Airport	-29.676029	151.691156
GLK	Galcaio Airport	6.780830	47.454700
GLL	Gol Airport	60.791066	9.048672
GLM	Glenormiston Airport	-22.888300	138.824997
GLN	Guelmim Airport	29.026699	-10.050300
GLO	Gloucestershire Airport	51.894199	-2.167220
GLP	Gulgubip Airport	-5.280800	141.541100
GLR	Gaylord Regional Airport	45.013500	-84.703598
GLS	Scholes International At Galveston Airport	29.265301	-94.860397
GLT	Gladstone Airport	-23.869763	151.225439
GLU	Gelephu Airport	26.884560	90.464120
GLV	Golovin Airport	64.550499	-163.007004
GLW	Glasgow Municipal Airport	37.031799	-85.953697
GLX	Gamarmalamo Airport	1.838134	127.786191
GLZ	Gilze Rijen Air Base	51.567402	4.931830
GMA	Gemena Airport	3.235370	19.771299
GMB	Gambela Airport	8.128760	34.563099
GMC	Guerima Airport	3.629996	-70.323028
GMD	Ben Slimane Airport	33.655399	-7.221450
GME	Gomel Airport	52.527000	31.016701
GMI	Gasmata Island Airport	-6.271110	150.330994
GMM	Gamboma Airport	-1.829403	15.885237
GMN	Greymouth Airport	-42.461700	171.190002
GMO	Gombe Lawanti International Airport	10.298889	10.900000
GMP	Seoul Gimpo International Airport	37.558300	126.791000
GMQ	Golog Maqên Airport	34.418066	100.301144
GMR	Totegegie Airport	-23.079901	-134.889999
GMS	Antônio Guerreiro Airport	-2.109444	-44.651114
GMT	Granite Mountain Air Station	65.402100	-161.281006
GMU	Greenville Downtown Airport	34.847903	-82.350217
GMV	Monument Valley Airport	37.015868	-110.202031
GMZ	La Gomera Airport	28.029600	-17.214600
GNA	Hrodna Airport	53.602001	24.053801
GNB	Grenoble Alpes Isère Airport	45.362900	5.329370
GND	Maurice Bishop International Airport	12.003996	-61.785302
GNF	Gansner Field	39.943902	-120.945000
GNG	Gooding Municipal Airport	42.917198	-114.764999
GNI	Lüdao Airport	22.673901	121.466003
GNJ	Ganja International Airport	40.738692	46.320383
GNM	Guanambi Airport	-14.208200	-42.746101
GNN	Ghinnir Airport	7.150000	40.716999
GNR	Dr. Arturo H. Illia Airport	-39.000702	-67.620499
GNS	Binaka Airport	1.166275	97.705196
GNT	Grants-Milan Municipal Airport	35.167301	-107.902000
GNU	Goodnews Airport	59.117561	-161.575241
GNV	Gainesville Regional Airport	29.690100	-82.271797
GNY	Şanlıurfa GAP Airport	37.445663	38.895592
GNZ	Ghanzi Airport	-21.692499	21.658100
GOA	Genoa Cristoforo Colombo Airport	44.412039	8.840732
GOB	Robe Airport	7.119033	40.045166
GOC	Gora Airstrip	-9.002100	148.236400
GOE	Gonaili Airport	-5.527717	151.573333
GOG	Gobabis Airport	-22.504400	18.973101
GOH	Nuuk International Airport	64.191066	-51.679140
GOI	Goa Dabolim International Airport	15.380062	73.833328
GOJ	Nizhny Novgorod / Strigino International Airport	56.227351	43.785152
GOK	Guthrie-Edmond Regional Airport	35.849800	-97.415604
GOL	Gold Beach Municipal Airport	42.413399	-124.424004
GOM	Goma International Airport	-1.666758	29.238037
GON	Groton New London Airport	41.330101	-72.045097
GOO	Goondiwindi Airport	-28.521400	150.320007
GOP	Gorakhpur Airport	26.739700	83.449699
GOQ	Golmud Airport	36.400600	94.786102
GOR	Gore Airport	8.161400	35.552900
GOS	Somersby Airstrip	-33.367681	151.299806
GOT	Göteborg Landvetter Airport	57.662800	12.279800
GOU	Garoua International Airport	9.334785	13.372129
GOV	Gove Airport	-12.269400	136.817993
GOX	Manohar International Airport	15.744257	73.860625
GOY	Tura Mountain Airport	64.333511	100.432892
GOZ	Gorna Oryahovitsa Airport	43.151402	25.712900
GPA	Patras Araxos Agamemnon Airport	38.151100	21.425600
GPB	Tancredo Thomas de Faria Airport	-25.388327	-51.523490
GPD	Mount Gordon Airport	-19.772650	139.404250
GPI	Guapi Airport	2.570130	-77.897969
GPL	Guapiles Airport	10.217200	-83.796997
GPN	Garden Point Airport	-11.399686	130.425568
GPO	General Pico Airport	-35.696201	-63.758301
GPS	Seymour Galapagos Ecological Airport	-0.453758	-90.265900
GPT	Gulfport Biloxi International Airport	30.405582	-89.069836
GPZ	Grand Rapids Itasca Co-Gordon Newstrom field	47.211102	-93.509804
GQQ	Galion Municipal Airport	40.753399	-82.723801
GRA	Gamarra Airport	8.201990	-73.765300
GRB	Austin Straubel International Airport	44.483459	-88.130805
GRC	Grand Cess Airport	4.571000	-8.207600
GRD	Greenwood County Airport	34.248699	-82.159103
GRE	Greenville Airport	38.836844	-89.376525
GRF	Gray Army Air Field	47.079201	-122.581001
GRG	Gardez Airport	33.627366	69.237023
GRI	Central Nebraska Regional Airport	40.967499	-98.309601
GRJ	George Airport	-34.005600	22.378902
GRK	Killeen Regional Airport / Robert Gray Army Airfield	31.067200	-97.828903
GRL	Garasa Airport	-7.980713	147.213461
GRM	Grand Marais Cook County Airport	47.838299	-90.382896
GRN	Gordon Municipal Airport	42.806000	-102.175003
GRO	Girona-Costa Brava Airport	41.904639	2.761774
GRP	Gurupi Airport	-11.739600	-49.132198
GRQ	Groningen Airport Eelde	53.119107	6.577652
GRR	Gerald R. Ford International Airport	42.880798	-85.522797
GRS	Grosseto Corrado Baccarini Air Base / Grosseto Airport	42.759701	11.071900
GRT	Gujrat Airport	32.628260	74.067287
GRU	São Paulo/Guarulhos–Governor André Franco Montoro International Airport	-23.431274	-46.469954
GRV	Akhmat Kadyrov Grozny International Airport	43.388106	45.699772
GRW	Graciosa Airport	39.092201	-28.029800
GRX	F.G.L. Airport Granada-Jaén Airport	37.188702	-3.777360
GRY	Grímsey Airport	66.545800	-18.017300
GRZ	Graz Airport	46.991100	15.439600
GSA	Long Pasia Airport	4.409756	115.724473
GSB	Seymour Johnson Air Force Base	35.339401	-77.960602
GSC	Gascoyne Junction Airport	-25.054600	115.202600
GSE	Säve Airport	57.774700	11.870400
GSH	Goshen Municipal Airport	41.526402	-85.792900
GSI	Grand-Santi Airport	4.285833	-54.373056
GSJ	San José Airport	13.936200	-90.835800
GSL	Taltheilei Narrows Airport	62.598099	-111.542999
GSM	Qeshm International Airport	26.754639	55.902353
GSN	Mount Gunson Airport	-31.459700	137.174443
GSO	Piedmont Triad International Airport	36.099370	-79.937262
GSP	Greenville-Spartanburg International Airport	34.895699	-82.218903
GSQ	El Owainat East International Airport	22.584256	28.721609
GSR	Gardo Airport	9.545975	49.119148
GSS	Sabi Sabi Airport	-24.947375	31.448848
GST	Gustavus Airport	58.425301	-135.707001
GSV	Gagarin International Airport	51.712778	46.171111
GTA	Gatokae Aerodrome	-8.738358	158.202836
GTC	Chato/Geita Airport	-2.742330	31.706830
GTE	Groote Eylandt Airport	-13.972405	136.458553
GTF	Great Falls International Airport	47.481998	-111.371002
GTG	Grantsburg Municipal Airport	45.798100	-92.664398
GTI	Rügen Airport	54.383470	13.325542
GTK	Sungai Tekai Airport	2.641180	102.892970
GTN	Glentanner Airport	-43.906700	170.128006
GTO	Jalaluddin Airport	0.637119	122.849998
GTP	Grants Pass Airport	42.510101	-123.388000
GTR	Golden Triangle Regional Airport	33.450298	-88.591400
GTS	The Granites Airport	-20.548300	130.347000
GTT	Georgetown Airport	-18.302676	143.530925
GTY	Gettysburg Regional Airport	39.841222	-77.274699
GTZ	Kirawira B Aerodrome	-2.160833	34.225556
GUA	La Aurora International Airport	14.582896	-90.527515
GUB	Guerrero Negro Airport	28.026100	-114.024002
GUC	Gunnison Crested Butte Regional Airport	38.534672	-106.934566
GUD	Goundam Airport	16.358426	-3.604536
GUE	Guriaso (Keraso) Airport	-3.583167	141.589500
GUF	Jack Edwards National Airport	30.290501	-87.671799
GUG	Guari Airport	-8.128600	146.872200
GUH	Gunnedah Airport	-30.957511	150.248981
GUI	Guiria Airport	10.574078	-62.312668
GUJ	Edu Chaves Field	-22.791599	-45.204800
GUL	Goulburn Airport	-34.810299	149.725998
GUM	Antonio B. Won Pat International Airport	13.485000	144.797282
GUO	Guriel Airport	5.317412	45.985308
GUP	Gallup Municipal Airport	35.511653	-108.788166
GUQ	Guanare Airport	9.026944	-69.755150
GUR	Gurney Airport	-10.311500	150.334000
GUS	Grissom Air Reserve Base	40.648102	-86.152100
GUU	Grundarfjörður Airport	64.991402	-23.224701
GUV	Mougulu Airport	-6.280859	142.420775
GUW	Atyrau International Airport	47.121318	51.820343
GUX	Guna Airport	24.654699	77.347298
GUY	Guymon Municipal Airport	36.685101	-101.508003
GUZ	Guarapari Airport	-20.646500	-40.491901
GVA	Geneva International Airport	46.238098	6.108950
GVE	Gordonsville Municipal Airport	38.155998	-78.165802
GVI	Green River Airport	-3.902243	141.170517
GVL	Lee Gilmer Memorial Airport	34.272598	-83.830200
GVN	Sovetskaya Gavan (Maygatka) Airport	48.925067	140.035348
GVP	Greenvale Airport	-18.996600	145.013600
GVR	Coronel Altino Machado Airport	-18.895882	-41.982869
GVT	Majors Airport	33.067799	-96.065300
GVX	Gävle–Sandviken Airport	60.594444	16.951111
GWA	Gwa Airport	17.600000	94.583298
GWD	New Gwadar International Airport	25.296733	62.498822
GWE	Josiah Tungamirai Air Force Base	-19.436718	29.861945
GWL	Gwalior Airport	26.293301	78.227798
GWO	Greenwood–Leflore Airport	33.495025	-90.088204
GWS	Sumers Airpark	39.506083	-107.309232
GWT	Westerland Sylt Airport	54.913200	8.340470
GWV	Glendale Fokker Field	39.948700	-80.759499
GXF	Seiyun Hadhramaut International Airport	15.965887	48.788146
GXG	Negage Airport	-7.754510	15.287700
GXH	Gannan Xiahe Airport	34.819014	102.622261
GXM	Kuala Kurun Airport	-1.128903	113.873075
GXQ	Teniente Vidal Airport	-45.594200	-72.106102
GXX	Yagoua Airport	10.356100	15.237200
GXY	Greeley–Weld County Airport	40.437401	-104.633003
GYA	Guayaramerín Airport	-10.888560	-65.380955
GYB	Port Hedland/Wodgina Airport	-21.036568	118.642936
GYD	Heydar Aliyev International Airport	40.472780	50.050931
GYE	José Joaquín de Olmedo International Airport	-2.157420	-79.883598
GYG	Magan Airport	62.103484	129.545288
GYI	Gisenyi Airport	-1.677200	29.258900
GYL	Argyle Airport	-16.636944	128.451389
GYM	General José María Yáñez International Airport	27.969000	-110.925003
GYN	Santa Genoveva International Airport	-16.632000	-49.220699
GYO	Blangkejeren Airport	3.945480	97.359680
GYP	Gympie Airport	-26.290149	152.702998
GYR	Phoenix Goodyear Airport	33.422501	-112.375999
GYS	Guangyuan Panlong Airport	32.390254	105.694571
GYU	Guyuan Liupanshan Airport	36.078889	106.216944
GYY	Gary/Chicago International Airport	41.617087	-87.413206
GYZ	Gruyere Airport	-28.034548	123.815060
GZG	Garze Gesar Airport	31.757500	99.554167
GZI	Ghazni Airport	33.487853	68.525243
GZO	Nusatupe Airport	-8.097780	156.863998
GZP	Gazipaşa-Alanya Airport	36.298832	32.297017
GZT	Gaziantep Oğuzeli International Airport	36.947201	37.478699
GZW	Qazvin Airport	36.240101	50.047100
HAA	Hasvik Airport	70.486702	22.139700
HAB	Marion County Rankin Fite Airport	34.117599	-87.998199
HAC	Hachijojima Airport	33.114843	139.785645
HAD	Halmstad Airport	56.691101	12.820200
HAF	Half Moon Bay Airport	37.513401	-122.500999
HAH	Prince Said Ibrahim International Airport	-11.533700	43.271900
HAI	Three Rivers Municipal Dr Haines Airport	41.959801	-85.593399
HAJ	Hannover Airport	52.461102	9.685080
HAK	Haikou Meilan International Airport	19.934900	110.459000
HAL	Halali Airport	-19.028500	16.458500
HAM	Hamburg Helmut Schmidt Airport	53.630402	9.988230
HAN	Noi Bai International Airport	21.221201	105.806999
HAO	Butler Co Regional Airport - Hogan Field	39.363800	-84.522003
HAQ	Hanimaadhoo International Airport	6.743235	73.167072
HAR	Capital City Airport	40.217098	-76.851501
HAS	Hail International Airport	27.437901	41.686298
HAT	Heathlands Airport	-11.736900	142.576996
HAU	Haugesund Airport, Karmøy	59.345299	5.208360
HAV	José Martí International Airport	22.989201	-82.409103
HAW	Haverfordwest Airport	51.833099	-4.961110
HAY	Hacaritama Airport	8.247000	-73.581400
HAZ	Hatzfeldhaven Airport	-4.403300	145.205600
HBA	Hobart International Airport	-42.837032	147.513022
HBB	Industrial Airpark	32.766800	-103.209000
HBD	Habi Airport	-6.320000	142.489300
HBE	Alexandria International Airport	30.932490	29.696437
HBG	Hattiesburg Bobby L Chain Municipal Airport	31.264799	-89.252800
HBK	Holbrook Municipal Airport	34.940701	-110.138000
HBQ	Haibei Qilian Airport	38.008068	100.645065
HBR	Hobart Regional Airport	34.991317	-99.051313
HBU	Bulgan Sum Airport	46.100601	91.584198
HBX	Hubballi Airport	15.361084	75.082096
HCA	Big Spring Mc Mahon-Wrinkle Airport	32.212601	-101.522003
HCC	Columbia County Airport	42.291302	-73.710297
HCJ	Hechi Jinchengjiang Airport	24.804344	107.710819
HCM	Eil Airport	8.104000	49.820000
HCN	Hengchun Airport	22.041100	120.730003
HCQ	Halls Creek Airport	-18.233900	127.669998
HCR	Holy Cross Airport	62.188301	-159.774994
HCW	Cheraw Municipal Airport/Lynch Bellinger Field	34.712898	-79.957001
HCZ	Chenzhou Beihu Airport	25.753419	112.845404
HDD	Hyderabad Airport	25.318100	68.366096
HDE	Brewster Field	40.452099	-99.336502
HDF	Heringsdorf Airport	53.878700	14.152300
HDG	Handan Airport	36.524824	114.424126
HDH	Kawaihapai Airfield	21.579500	-158.197006
HDK	Kulhudhuffushi Airport	6.630762	73.067815
HDM	Hamadan Airport	34.866416	48.560690
HDN	Yampa Valley Airport	40.481201	-107.218002
HDO	Hindon Airport / Hindon Air Force Station	28.707701	77.358902
HDR	Havadarya Airport	27.158300	56.172501
HDS	Eastgate Airport / Air Force Base Hoedspruit	-24.361864	31.052921
HDY	Hat Yai International Airport	6.933210	100.392998
HEA	Herat - Khwaja Abdullah Ansari International Airport	34.209999	62.228298
HEB	Hinthada Airport	17.633329	95.466698
HED	Herendeen Bay Airport	55.802346	-160.901346
HEE	Thompson-Robbins Airport	34.576571	-90.676160
HEG	Heglig Airport	9.994933	29.397718
HEH	Heho Airport	20.747140	96.792029
HEI	Heide-Büsum Airport	54.153332	8.901667
HEK	Heihe Aihui Airport	50.171621	127.308884
HEL	Helsinki Vantaa Airport	60.318363	24.963341
HEO	Haelogo Airport	-9.136580	147.598434
HER	Heraklion International Nikos Kazantzakis Airport	35.339699	25.180300
HES	Hermiston Municipal Airport	45.828223	-119.259024
HET	Hohhot Baita International Airport	40.849658	111.824598
HEW	Dongyang Hengdian General Airport	29.122619	120.242890
HEZ	Natchez–Adams County Airport / Hardy-Anders Field	31.614817	-91.297331
HFA	Uri Michaeli Haifa International Airport	32.810219	35.043719
HFD	Hartford Brainard Airport	41.736698	-72.649399
HFE	Hefei Xinqiao International Airport	31.987790	116.976900
HFF	Mackall Army Air Field	35.036087	-79.498615
HFN	Hornafjörður Airport	64.295601	-15.227200
HFS	Hagfors Airport	60.020100	13.578900
HFT	Hammerfest Airport	70.679703	23.668600
HGA	Egal International Airport	9.514082	44.083469
HGD	Hughenden Airport	-20.815001	144.225006
HGE	Higuerote Airport	10.462474	-66.092779
HGH	Hangzhou Xiaoshan International Airport	30.236090	120.428865
HGI	Itanagar Donyi Polo Hollongi Airport	26.966830	93.638792
HGL	Helgoland-Düne Airport	54.185280	7.915833
HGN	Mae Hong Son Airport	19.301300	97.975800
HGO	Korhogo Airport	9.387180	-5.556660
HGR	Hagerstown Regional Richard A Henson Field	39.708771	-77.728014
HGS	Hastings Airport	8.394348	-13.128891
HGU	Mount Hagen Kagamuga Airport	-5.828212	144.299412
HGZ	Hog River Airport	66.176133	-155.684816
HHE	JMSDF Hachinohe Air Base / Hachinohe Airport	40.551181	141.465428
HHH	Hilton Head Airport	32.224400	-80.697502
HHI	Wheeler Army Airfield	21.481637	-158.037048
HHN	Frankfurt-Hahn Airport	49.946353	7.261734
HHQ	Hua Hin Airport	12.636200	99.951500
HHR	Jack Northrop Field Hawthorne Municipal Airport	33.922798	-118.334999
HHZ	Hikueru Airport	-17.548297	-142.612037
HIA	Huai'an Lianshui Airport	33.792712	119.126657
HIB	Range Regional Airport	47.384831	-92.836905
HID	Horn Island Airport	-10.585636	142.292770
HIE	Mount Washington Regional Airport	44.367520	-71.545765
HIF	Hill Air Force Base	41.124030	-111.973086
HIG	Highbury Airport	-16.424148	143.145340
HII	Lake Havasu City Airport	34.570506	-114.357745
HIJ	Hiroshima Airport	34.436100	132.919006
HIL	Shilavo Airport	6.077545	44.763736
HIM	Hingurakgoda Air Force Base	8.049810	80.981400
HIN	Sacheon Airport / Sacheon Air Base	35.088591	128.071747
HIO	Portland Hillsboro Airport	45.540401	-122.949997
HIP	Headingly Airport	-21.333300	138.283005
HIR	Honiara International Airport	-9.428000	160.054993
HIT	Haivaro Airport	-6.940600	143.059000
HJB	Hejing Bayinbuluke Airport	42.976395	83.995543
HJJ	Huaihua Zhijiang Airport	27.443087	109.704666
HJR	Khajuraho Airport	24.817200	79.918602
HJT	Khujirt Airport	46.925800	102.773003
HKA	Blytheville Municipal Airport	35.940399	-89.830803
HKB	Healy Lake Airport	63.995800	-144.692600
HKD	Hakodate Airport	41.770000	140.822006
HKG	Hong Kong International Airport	22.311840	113.914862
HKK	Hokitika Airfield	-42.713600	170.985001
HKN	Hoskins Airport	-5.463846	150.407327
HKR	Mara North Conservancy Airstrip	-1.145420	35.124922
HKS	Hawkins Field	32.334499	-90.222198
HKT	Phuket International Airport	8.113257	98.317400
HKY	Hickory Regional Airport	35.741100	-81.389503
HLA	Lanseria International Airport	-25.938964	27.926642
HLB	Batesville Airport	39.342861	-85.258441
HLC	Hill City Municipal Airport	39.378799	-99.831497
HLD	Hulunbuir Hailar Airport	49.208616	119.822301
HLE	Saint Helena International Airport	-15.958898	-5.646066
HLF	Hultsfred Airport	57.525799	15.823300
HLG	Wheeling Ohio County Airport	40.174999	-80.646301
HLH	Ulanhot Yilelite Airport	46.195333	122.008333
HLI	Hollister Municipal Airport	36.893299	-121.410004
HLJ	Zhaodong Beidahuang General Airport	46.127790	125.773540
HLL	Hillside Airport	-21.718283	119.440334
HLM	Park Township Airport	42.795898	-86.162003
HLN	Helena Regional Airport	46.606800	-111.983002
HLP	Halim Perdanakusuma International Airport	-6.266989	106.890318
HLS	St Helens Airport	-41.336700	148.281998
HLT	Hamilton Airport	-37.648899	142.065002
HLV	Helenvale Airport	-15.685800	145.214996
HLW	Hluhluwe Airport	-28.016605	32.275171
HLZ	Hamilton International Airport	-37.866961	175.331952
HMA	Khanty Mansiysk Airport	61.028500	69.086098
HMB	Suhaj International Airport	26.342515	31.743017
HME	Hassi Messaoud-Oued Irara Krim Belkacem Airport	31.673000	6.140440
HMG	Hermannsburg Airport	-23.926485	132.807798
HMI	Hami Airport	42.841400	93.669197
HMJ	Khmelnytskyi Airport	49.359699	26.933399
HMN	Holloman Air Force Base	32.852501	-106.107002
HMO	General Ignacio L. Pesqueira International Airport	29.092811	-111.053015
HMR	Hamar Lufthavn, Stavsberg	60.818100	11.068000
HMS	Haji Muhammad Sidik Airport	-1.025810	114.928810
HMT	Hemet Ryan Airport	33.734001	-117.023003
HMV	Hemavan Airport	65.806099	15.082800
HMY	Seosan Air Base	36.703999	126.486000
HNA	Iwate Hanamaki Airport	39.428600	141.134995
HNB	Huntingburg Airport	38.249001	-86.953697
HNC	Billy Mitchell Airport	35.232800	-75.617798
HND	Tokyo Haneda International Airport	35.549678	139.786958
HNG	Hainanzhou Gonghe Airport	36.336700	100.480003
HNH	Hoonah Airport	58.096100	-135.410111
HNI	Heiweni Airport	-7.422300	146.427600
HNL	Daniel K. Inouye International Airport	21.318387	-157.925670
HNM	Hana Airport	20.795601	-156.014008
HNN	Honinabi Airport	-6.245700	142.177100
HNS	Haines Airport	59.243921	-135.523925
HNY	Hengyang Nanyue Airport	26.722080	112.617958
HOA	Hola Airport	-1.521276	40.003621
HOB	Lea County Regional Airport	32.687500	-103.217003
HOC	Komako Airport	-7.398400	145.882700
HOE	Ban Huoeisay Airport	20.257299	100.436996
HOF	Al-Ahsa International Airport	25.285299	49.485199
HOG	Frank Pais International Airport	20.785148	-76.315526
HOH	Hohenems-Dornbirn Airfield	47.384477	9.699776
HOI	Hao Airport	-18.074800	-140.945999
HOK	Hooker Creek Airport	-18.336700	130.638000
HOM	Homer Airport	59.644456	-151.479235
HON	Huron Regional Airport	44.385201	-98.228500
HOO	Nhon Co Airfield	11.978700	107.563800
HOP	Campbell Army Airfield (Fort Campbell)	36.674154	-87.489740
HOQ	Hof-Plauen Airport	50.288544	11.852876
HOR	Horta Airport	38.519901	-28.715900
HOS	Chos Malal Airport	-37.444698	-70.222504
HOT	Memorial Field Airport	34.478800	-93.096262
HOU	William P. Hobby Airport	29.645336	-95.276812
HOV	Ørsta-Volda Airport, Hovden	62.180000	6.074100
HOX	Hommalinn Airport	24.899599	94.914001
HPA	Lifuka Island Airport	-19.777000	-174.341003
HPB	Hooper Bay Airport	61.523899	-166.147003
HPE	Hope Vale Airport	-15.292300	145.103500
HPG	Shennongjia Hongping Airport	31.626000	110.340000
HPH	Cat Bi International Airport	20.817428	106.724315
HPN	Westchester County Airport	41.067001	-73.707603
HPT	Hampton Municipal Airport	42.723701	-93.226303
HPV	Princeville Airport	22.209313	-159.445150
HPY	Baytown Airport	29.786100	-94.952698
HQL	Tashikuergan Hongqilafu Airport	37.661333	75.288877
HQM	Bowerman Airport	46.971199	-123.936996
HQQ	Anyang Hongqiqu Airport	35.870833	114.461944
HRA	Mnichovo Hradiště Airport	50.540199	15.006600
HRB	Harbin Taiping International Airport	45.623402	126.250000
HRC	Sary Su Airport	48.397400	70.191500
HRE	Robert Gabriel Mugabe International Airport	-17.931801	31.092800
HRF	Hoarafushi Airport	6.969670	72.896287
HRG	Hurghada International Airport	27.176776	33.796692
HRH	Aligarh Airport	27.861437	78.145404
HRI	Mattala Rajapaksa International Airport	6.283878	81.124163
HRK	Kharkiv International Airport	49.926943	36.290814
HRL	Valley International Airport	26.228500	-97.654404
HRM	Hassi R'Mel Airport	32.930401	3.311540
HRO	Boone County Airport	36.261501	-93.154701
HRR	Herrera Airport	3.216667	-75.850000
HRS	Harrismith Airport	-28.235100	29.106199
HRY	Henbury Airport	-24.584000	133.236000
HRZ	Walter Bündchen Airport	-27.638300	-54.339100
HSA	Hazrat Sultan International Airport	43.311087	68.550352
HSB	Harrisburg-Raleigh Airport	37.811298	-88.550301
HSC	Shaoguan Danxia Airport	24.978600	113.420998
HSF	Suifenhe Dongning Airport	44.453889	130.843889
HSG	Kyushu Saga International Airport	33.149700	130.302002
HSH	Henderson Executive Airport	35.972801	-115.134003
HSI	Hastings Municipal Airport	40.605301	-98.427902
HSJ	Zhengzhou Shangjie Airport	34.842153	113.273983
HSK	Huesca-Pirineos Airport	42.076099	-0.316667
HSL	Huslia Airport	65.697899	-156.350998
HSM	Horsham Airport	-36.669701	142.173004
HSN	Zhoushan Putuoshan International Airport	29.933874	122.362307
HSP	Ingalls Field	37.951401	-79.833900
HSR	Rajkot International Airport	22.378824	71.039391
HSS	Maharaja Agrasen International Airport	29.186065	75.741420
HST	Homestead Air Reserve Base	25.488600	-80.383598
HSV	Huntsville International Airport	34.636244	-86.774378
HSZ	Hsinchu Air Base	24.818001	120.939003
HTA	Chita-Kadala International Airport	52.024841	113.305839
HTG	Khatanga Airport	71.978104	102.490997
HTH	Hawthorne Industrial Airport	38.544399	-118.634002
HTI	Hamilton Island Airport	-20.358101	148.951996
HTL	Roscommon County - Blodgett Memorial Airport	44.359798	-84.671095
HTM	Khatgal Airport	50.435988	100.139532
HTN	Hotan Airport	37.038502	79.864899
HTO	Town of East Hampton Airport	40.959954	-72.251050
HTR	Hateruma Airport	24.059751	123.805580
HTS	Tri-State Airport / Milton J. Ferguson Field	38.366699	-82.557999
HTT	Huatugou Airport	38.201645	90.837843
HTU	Hopetoun Airport	-35.715302	142.360001
HTV	Huntsville Regional Airport	30.746901	-95.587196
HTW	Lawrence County Airpark	38.419082	-82.494922
HTY	Hatay Airport	36.360790	36.285589
HTZ	Hato Corozal Airport	6.153311	-71.761969
HUA	Redstone Army Air Field	34.678699	-86.684799
HUB	Humbert River Airport	-16.489670	130.630280
HUC	Dr Hermenegildo Ortiz Quinones Airport	18.138082	-65.800728
HUD	Humboldt Municipal Airport	42.734831	-94.245315
HUE	Humera Airport	13.830120	36.882370
HUF	Terre Haute Regional Airport, Hulman Field	39.451500	-87.307602
HUG	Huehuetenango Airport	15.316667	-91.505556
HUH	Huahine-Fare Airport	-16.687084	-151.021593
HUI	Phu Bai International Airport	16.400581	107.704094
HUJ	Stan Stamper Municipal Airport	34.034801	-95.541901
HUK	Hukuntsi Airport	-23.989700	21.758101
HUL	Houlton International Airport	46.123100	-67.792099
HUM	Houma Terrebonne Airport	29.566500	-90.660400
HUN	Hualien Chiashan Airport	24.023163	121.617991
HUO	Holingol Huolinhe Airport	45.487222	119.407222
HUQ	Hon Airport	29.110100	15.965600
HUS	Hughes Airport	66.041100	-154.263001
HUT	Hutchinson Municipal Airport	38.065498	-97.860603
HUU	Alferez Fap David Figueroa Fernandini Airport	-9.878810	-76.204803
HUV	Hudiksvall Airport	61.768087	17.080715
HUW	Humaitá Airport	-7.532120	-63.072102
HUX	Bahías de Huatulco International Airport	15.775437	-96.260456
HUY	Humberside Airport	53.576152	-0.349540
HUZ	Huizhou Pingtan Airport	23.049999	114.599998
HVA	Analalava Airport	-14.629514	47.763555
HVB	Hervey Bay Airport	-25.320127	152.880662
HVD	Khovd Airport	47.954102	91.628197
HVE	Hanksville Airport	38.417999	-110.704002
HVG	Honningsvåg Airport, Valan	71.009697	25.983601
HVK	Hólmavík Airport	65.704697	-21.696400
HVN	Tweed New Haven Airport	41.262869	-72.887694
HVR	Havre City County Airport	48.541387	-109.762859
HVS	Hartsville Regional Airport	34.403099	-80.119202
HWA	Hawabango Airport	-7.392994	146.003487
HWD	Hayward Executive Airport	37.659199	-122.122002
HWK	Wilpena Pound Airport	-31.855907	138.468079
HWN	Hwange National Park Airport	-18.629900	27.021000
HWO	North Perry Airport	26.001200	-80.240700
HWR	Halwara International Airport	30.748501	75.629799
HXD	Haixi Delingha Airport	37.125286	97.268658
HXX	Hay Airport	-34.531399	144.830002
HYA	Cape Cod Gateway Airport	41.669300	-70.280403
HYC	Wycombe Air Park	51.611770	-0.808316
HYD	Rajiv Gandhi International Airport	17.231318	78.429855
HYF	Hayfields Airport	-3.698380	143.057902
HYN	Taizhou Luqiao Airport	28.562201	121.429001
HYR	Sawyer County Airport	46.025200	-91.444298
HYS	Hays Regional Airport	38.844521	-99.273148
HYV	Hyvinkää Airfield	60.654400	24.881100
HZA	Heze Mudan Airport	35.212972	115.736748
HZB	Merville-Calonne Airport	50.618401	2.642240
HZG	Hanzhong Chenggu Airport	33.133527	107.203817
HZH	Liping Airport	26.322170	109.149900
HZK	Húsavík Airport	65.952301	-17.426001
HZL	Hazleton Municipal Airport	40.986801	-75.994904
HZP	Fort Mackay / Horizon Airport	57.381699	-111.700996
HZU	Chengdu Huaizhou Airport	30.677339	104.529397
HZV	Hazyview Airport	-25.050100	31.131901
IAA	Igarka Airport	67.437202	86.621902
IAB	McConnell Air Force Base	37.621899	-97.268204
IAD	Washington Dulles International Airport	38.944500	-77.455803
IAG	Niagara Falls International Airport	43.107300	-78.946198
IAH	George Bush Intercontinental Airport	29.984400	-95.341400
IAL	Salinas Municipal Airport	-16.208300	-42.321999
IAM	Zarzaitine - In Aménas Airport	28.051500	9.642910
IAN	Bob Baker Memorial Airport	66.976128	-160.439014
IAO	Siargao Airport	9.859100	126.014000
IAQ	Bahregan Airport	29.840099	50.272701
IAR	Golden Ring Yaroslavl International Airport	57.560699	40.157398
IAS	Iaşi International Airport	47.179633	27.621431
IAX	Miangas Airport	5.560419	126.580095
IBA	Ibadan Airport	7.362460	3.978330
IBB	General Villamil Airport	-0.942628	-90.953003
IBE	Perales Airport	4.421610	-75.133300
IBI	Iboki Airport	-5.553600	149.190000
IBL	Indigo Bay Lodge Airport	-21.708000	35.452801
IBM	Iron Bridge Mine Airport	-21.287575	118.882520
IBO	Ibo Airport	-12.350174	40.602297
IBP	Iberia Airport	-11.411600	-69.488701
IBR	Ibaraki Airport	36.181456	140.414434
IBZ	Ibiza Airport	38.872898	1.373120
ICA	Ikabaru Airport	4.338137	-61.738661
ICC	Andrés Miguel Salazar Marcano Airport	10.794432	-63.981590
ICI	Cicia Airport	-17.743299	-179.341995
ICK	Nieuw Nickerie - Major Henk Fernandes Airport	5.955435	-57.040617
ICL	Schenck Field	40.721802	-95.026398
ICN	Incheon International Airport	37.469101	126.450996
ICO	Sicogon Airstrip	11.459500	123.250600
ICS	Cascade Airport	44.493801	-116.015999
ICT	Wichita Dwight D. Eisenhower National Airport	37.650314	-97.428583
ICY	Icy Bay Airport	59.966269	-141.660118
IDA	Idaho Falls Regional Airport	43.514599	-112.070999
IDB	Idre Airport	61.869701	12.689400
IDF	Idiofa Airport	-4.970605	19.578670
IDG	Ida Grove Municipal Airport	42.332600	-95.444901
IDH	Idaho County Airport	45.942600	-116.123001
IDI	Indiana County–Jimmy Stewart Airport	40.631119	-79.101884
IDK	Indulkana Airport	-26.965435	133.321989
IDN	Indagen Airport	-6.226630	147.244000
IDO	Santa Izabel do Morro Airport	-11.572300	-50.666199
IDP	Independence Municipal Airport	37.158401	-95.778397
IDR	Devi Ahilya Bai Holkar International Airport	22.721404	75.800510
IDY	Île d'Yeu Airport	46.717641	-2.392544
IEG	Zielona Góra-Babimost Airport	52.138500	15.798600
IEJ	Iejima Airport	26.722537	127.786801
IES	Riesa-Göhlis Airport	51.293610	13.356111
IEV	Igor Sikorsky Kyiv International Airport (Zhuliany)	50.401940	30.451940
IFA	Iowa Falls Municipal Airport	42.470798	-93.269997
IFF	Iffley Airport	-18.900000	141.216995
IFH	Hesa Airport	32.928902	51.561100
IFJ	Ísafjörður Airport	66.058098	-23.135300
IFL	Innisfail Airport	-17.559401	146.011993
IFN	Isfahan Shahid Beheshti International Airport	32.755142	51.883877
IFO	Ivano-Frankivsk International Airport	48.884201	24.686100
IFP	Laughlin Bullhead International Airport	35.154726	-114.559322
IFU	Ifuru Airport	5.708300	73.025000
IGA	Inagua Airport	20.975000	-73.666901
IGB	Ingeniero Jacobacci - Captain H R Bordón Airport	-41.320900	-69.574898
IGD	Iğdır Airport	39.976627	43.876648
IGE	Tchongorove Airport	-1.930801	9.319577
IGG	Igiugig Airport	59.324001	-155.901993
IGH	Ingham Airport	-18.664149	146.145804
IGL	Çiğli Airbase	38.513000	27.010099
IGM	Kingman Airport	35.259499	-113.938004
IGN	Maria Cristina (Iligan) Airport	8.130490	124.214996
IGO	Jaime Ortiz Betancourt Airport	7.677606	-76.683165
IGR	Cataratas Del Iguazú International Airport	-25.737301	-54.473400
IGS	Ingolstadt Manching Airport	48.715698	11.534000
IGT	Magas Airport	43.323268	45.012568
IGU	Cataratas International Airport	-25.594167	-54.489444
IHC	Inhaca Airport	-25.997145	32.929352
IHO	Ihosy Airport	-22.404720	46.164937
IHR	Iranshahr Airport	27.236099	60.720001
IHU	Ihu Airport	-7.897560	145.395996
IIA	Inishmaan Aerodrome	53.092999	-9.568060
IIL	Ilam Airport	33.586601	46.404800
IIS	Nissan Island Airport	-4.499720	154.225998
IJK	Izhevsk Airport	56.834524	53.462172
IJU	João Batista Bos Filho Airport	-28.368711	-53.846568
IJX	Jacksonville Municipal Airport	39.774601	-90.238297
IKA	Imam Khomeini International Airport	35.416100	51.152199
IKB	Wilkes County Airport	36.222801	-81.098297
IKG	Karakol International Airport	42.508099	78.407799
IKI	Iki Airport	33.749001	129.785004
IKK	Greater Kankakee Airport	41.071400	-87.846298
IKL	Ikela Airport	-1.048109	23.372501
IKO	Nikolski Air Station	52.941552	-168.849478
IKP	Inkerman Airport	-16.229225	141.434607
IKS	Tiksi Airport	71.697701	128.903000
IKT	Irkutsk International Airport	52.266707	104.395563
IKU	Issyk-Kul International Airport	42.585584	76.701181
ILA	Ilaga Airport	-3.976480	137.622500
ILD	Lleida-Alguaire Airport	41.728185	0.535023
ILE	Skylark Field	31.085800	-97.686501
ILF	Ilford Airport	56.051622	-95.618820
ILG	Wilmington Airport	39.678699	-75.606499
ILI	Iliamna Airport	59.754398	-154.910996
ILK	Atsinanana Airport	-19.583000	48.803001
ILL	Willmar Municipal Airport John L Rice Field (2006)	45.117552	-95.132259
ILM	Wilmington International Airport	34.272345	-77.905117
ILN	Wilmington Airpark	39.427898	-83.792099
ILO	Iloilo International Airport	10.833017	122.493358
ILP	Île des Pins Airport	-22.588900	167.455994
ILQ	General Jorge Fernandez Maldon Airport	-17.695000	-71.344002
ILR	General Tunde Idiagbon International Airport	8.440210	4.493920
ILS	Ilopango International Airport	13.699500	-89.119904
ILU	Kilaguni Airport	-2.906848	38.071738
ILY	Islay Airport	55.682708	-6.257525
ILZ	Žilina-Dolný Hričov Airport	49.233292	18.613386
IMA	Iamalele Airport	-9.510700	150.524600
IMB	Imbaimadai Airport	5.708110	-60.294201
IMD	Imonda Airport	-3.328000	141.157300
IMF	Bir Tikendrajit International Airport	24.760000	93.896698
IMG	Inhaminga Airport	-18.410000	35.004500
IMK	Simikot Airport	29.971100	81.818901
IML	Imperial Municipal Airport	40.509300	-101.621002
IMM	Immokalee Regional Airport	26.427933	-81.403531
IMN	Imane Airport	-6.752400	146.107200
IMO	Zemio Airport	5.002226	25.101857
IMP	Prefeito Renato Moreira Airport	-5.531290	-47.459999
IMQ	Maku National Airport	39.191293	44.928505
IMT	Ford Airport	45.819110	-88.114557
IMU	Akimuga Airstrip	-4.604300	137.657600
INA	Inta Airport	66.055568	60.110880
INB	Independence Airport	16.534560	-88.441615
INC	Yinchuan Hedong International Airport	38.322758	106.393214
IND	Indianapolis International Airport	39.717300	-86.294403
INF	In Guezzam Airport	19.560518	5.749326
INH	Inhambane Airport	-23.876400	35.408501
INI	Niš Constantine the Great Airport	43.336538	21.856242
INJ	Injune Airport	-25.851000	148.549700
INK	Winkler County Airport	31.779600	-103.200996
INL	Falls International Airport	48.566200	-93.403099
INM	Innamincka Airport	-27.697589	140.739498
INN	Innsbruck Airport	47.260201	11.344000
INO	Inongo Airport	-1.947220	18.285801
INQ	Inisheer Aerodrome	53.064701	-9.510900
INS	Creech Air Force Base	36.587200	-115.672997
INT	Smith Reynolds Airport	36.133701	-80.222000
INU	Nauru International Airport	-0.547893	166.919525
INV	Inverness Airport	57.542500	-4.047500
INW	Winslow Lindbergh Regional Airport	35.021900	-110.723000
INX	Inanwatan Airport	-2.127447	132.160056
INY	Inyati Airport	-24.777700	31.385500
INZ	In Salah Airport	27.250999	2.512020
IOA	Ioannina King Pyrrhus National Airport	39.696400	20.822500
IOK	Iokea Airport	-8.401000	146.277000
IOM	Isle of Man Airport	54.083081	-4.623871
ION	Impfondo Airport	1.589968	18.046624
IOP	Ioma Airport	-8.361400	147.840000
IOR	Inishmore Aerodrome	53.106701	-9.653610
IOS	Bahia - Jorge Amado Airport	-14.815929	-39.033458
IOW	Iowa City Municipal Airport	41.639198	-91.546501
IPA	Ipota Airport	-18.856389	169.283333
IPC	Mataveri International Airport	-27.165411	-109.421027
IPE	Ipil Airport	7.784898	122.601500
IPG	Ipiranga Airport	-2.940141	-69.694264
IPH	Sultan Azlan Shah Airport	4.567330	101.091643
IPI	San Luis Airport	0.861946	-77.671783
IPL	Imperial County Airport	32.835390	-115.574026
IPN	Usiminas Airport	-19.470699	-42.487598
IPT	Williamsport Regional Airport	41.242126	-76.922450
IPU	Ipiaú Airport	-14.173538	-39.683990
IPZ	San Isidro del General Airport	9.348676	-83.712301
IQA	Al Asad Air Base	33.785599	42.441200
IQM	Qiemo Yudu Airport	38.234516	85.465462
IQN	Qingyang Xifeng Airport	35.802638	107.598896
IQQ	Diego Aracena International Airport	-20.536273	-70.181373
IQT	Coronel FAP Francisco Secada Vignetta International Airport	-3.784740	-73.308800
IRA	Ngorangora Airport	-10.449700	161.897995
IRB	Iraan Municipal Airport	30.905701	-101.891998
IRC	Circle City (New) Airport	65.827673	-144.076195
IRD	Ishurdi Airport	24.152500	89.049400
IRE	Irecê Airport	-11.339900	-41.847000
IRG	Lockhart River Airport	-12.786900	143.304993
IRI	Iringa Airport	-7.668630	35.752102
IRJ	Capitan V A Almonacid Airport	-29.381599	-66.795799
IRK	Kirksville Regional Airport	40.093498	-92.544899
IRM	Igrim Airport	63.200391	64.440136
IRN	Iriona Airport	15.939167	-85.137222
IRO	Birao Airport	10.236400	22.716900
IRP	Matari Airport	2.827610	27.588301
IRS	Kirsch Municipal Airport	41.813301	-85.439003
IRZ	Tapuruquara Airport	-0.378604	-64.992558
ISA	Mount Isa Airport	-20.666380	139.488468
ISB	Islamabad International Airport	33.549000	72.825660
ISC	St. Mary's Airport	49.913375	-6.291894
ISD	Santa Bárbara Airport	2.445825	-77.981753
ISE	Süleyman Demirel International Airport	37.855400	30.368401
ISG	New Ishigaki Airport	24.396389	124.245000
ISI	Isisford Airport	-24.258301	144.425003
ISJ	Isla Mujeres National Airport	21.245962	-86.740365
ISK	Nashik International Airport	20.119101	73.912903
ISL	İstanbul Atatürk Airport	40.971913	28.823714
ISM	Kissimmee Gateway Airport	28.289801	-81.437103
ISO	Kinston Regional Jetport At Stallings Field	35.331402	-77.608803
ISP	Long Island MacArthur Airport	40.796324	-73.101703
ISQ	Schoolcraft County Airport	45.974602	-86.171799
ISS	Wiscasset Airport	43.961399	-69.712601
IST	İstanbul Airport	41.274874	28.732136
ISU	Jalal Talabani International Airport	35.560487	45.315137
ISW	Alexander Field South Wood County Airport	44.360298	-89.838997
ITA	Itacoatiara Airport	-3.126539	-58.481668
ITB	Itaituba Airport	-4.242131	-56.000651
ITE	Ituberá Airport	-13.731571	-39.140377
ITH	Ithaca Tompkins Regional Airport	42.491001	-76.458397
ITI	Fazenda Americana Airport	-18.147591	-41.715044
ITJ	Campo Comandantes Airport	-26.983055	-48.816387
ITK	Itokama Airport	-9.201527	148.264261
ITM	Osaka Itami International Airport	34.780853	135.440829
ITN	Tertuliano Guedes de Pinho Airport	-14.810500	-39.290401
ITO	Hilo International Airport	19.721350	-155.045428
ITP	Itaperuna Airport	-21.219299	-41.875900
ITQ	Itaqui Airport	-29.171981	-56.538343
ITR	Francisco Vilela do Amaral Airport	-18.444700	-49.213402
ITU	Iturup Airport	45.256389	147.955490
IUA	Canandaigua Airport	42.908902	-77.325226
IUE	Niue International Airport	-19.080109	-169.923493
IUL	Ilu Airport	-3.705100	138.200200
IUP	Apuí Airport	-7.172773	-59.839600
IVA	Ampampamena Airport	-13.484816	48.632702
IVC	Invercargill Airport	-46.412399	168.313004
IVG	Berane Airport	42.839001	19.862000
IVI	Viveros Island Airport	8.469300	-79.001600
IVL	Ivalo Airport	68.607300	27.405300
IVO	Chivolo Airport	10.016667	-74.683333
IVR	Inverell Airport	-29.888300	151.143997
IVW	Inverway Airport	-17.841101	129.643005
IWA	Ivanovo South Airport	56.939400	40.940800
IWD	Gogebic Iron County Airport	46.525298	-90.131578
IWJ	Iwami Airport	34.676399	131.789993
IWK	Iwakuni Kintaikyo Airport	34.146333	132.247238
IWO	Ioto (Iwo Jima) Airbase	24.784153	141.322610
IWS	West Houston Airport	29.818199	-95.672600
IXA	Agartala - Maharaja Bir Bikram Airport	23.886999	91.240402
IXB	Bagdogra Airport	26.681200	88.328598
IXC	Shaheed Bhagat Singh International Airport	30.673500	76.788498
IXD	Prayagraj Airport	25.440100	81.733902
IXE	Mangaluru International Airport	12.954710	74.886812
IXG	Belagavi Airport	15.859300	74.618301
IXH	Kailashahar Airport	24.308657	92.007680
IXI	Lilabari North Lakhimpur Airport	27.295682	94.097266
IXJ	Jammu Airport	32.688849	74.838152
IXK	Keshod Airport	21.317101	70.270401
IXL	Leh Kushok Bakula Rimpochee Airport	34.135899	77.546501
IXM	Madurai Airport	9.834510	78.093399
IXN	Khowai Airport	24.061899	91.603897
IXP	Pathankot Airport	32.233611	75.634444
IXQ	Kamalpur Airport	24.134325	91.810769
IXR	Birsa Munda Airport	23.314301	85.321701
IXS	Silchar Airport	24.912901	92.978699
IXT	Pasighat Airport	28.064786	95.336952
IXU	Aurangabad Airport	19.862875	75.396312
IXV	Along Airport	28.175301	94.802002
IXW	Sonari Airport	22.813706	86.168981
IXX	Bidar Airport / Bidar Air Force Station	17.908100	77.487099
IXY	Kandla Airport	23.112700	70.100304
IXZ	Veer Savarkar International Airport / INS Utkrosh	11.640194	92.729020
IYK	Inyokern Airport	35.658798	-117.830002
IZA	Presidente Itamar Franco Airport	-21.513086	-43.173069
IZE	Itzehoe Hungriger Wolf Airfield	53.992009	9.576409
IZM	Selçuk Efes Airport	37.950699	27.329000
IZO	Izumo Enmusubi Airport	35.413601	132.889999
IZT	General Antonio Cárdenas Rodríguez National Airport / Ixtepec Air Base	16.445961	-95.093708
JAA	Jalalabad Airport	34.399799	70.498596
JAB	Jabiru Airport	-12.658056	132.894638
JAC	Jackson Hole Airport	43.607300	-110.737999
JAD	Perth Jandakot Airport	-32.097500	115.880997
JAE	Shumba Airport	-5.592480	-78.774002
JAF	Jaffna International Airport	9.792330	80.070099
JAG	Shahbaz Air Base	28.284201	68.449699
JAI	Jaipur International Airport	26.824200	75.812202
JAK	Jacmel Airport	18.241100	-72.518501
JAL	El Lencero Airport	19.475107	-96.797008
JAM	Bezmer Air Base	42.454899	26.352200
JAN	Jackson-Medgar Wiley Evers International Airport	32.311199	-90.075897
JAP	Chacarita Airport	9.981410	-84.772697
JAQ	Jacquinot Bay Airport	-5.652500	151.507004
JAR	Jahrom Airport	28.586700	53.579102
JAS	Jasper County Airport Bell Field	30.885700	-94.034897
JAT	Jabot Airport	7.749775	168.977838
JAU	Francisco Carle Airport	-11.783100	-75.473396
JAV	Ilulissat Airport	69.243202	-51.057098
JAW	Araripina Airport	-7.586417	-40.535431
JAX	Jacksonville International Airport	30.492469	-81.687813
JBB	Notohadinegoro Airport	-8.242494	113.693476
JBK	Qitai Jiangbulake Airport	44.166086	89.550140
JBQ	La Isabela International Airport	18.572500	-69.985603
JBR	Jonesboro Municipal Airport	35.831699	-90.646400
JBS	São Borja Airport	-28.654900	-56.034599
JCB	Santa Terezinha Airport	-27.171514	-51.553327
JCI	New Century AirCenter Airport	38.830898	-94.890297
JCK	Julia Creek Airport	-20.668301	141.723007
JCL	České Budějovice South Bohemian Airport	48.948171	14.428320
JCM	Jacobina Airport	-11.163200	-40.553101
JCR	Jacareacanga Airport	-6.233160	-57.776901
JCS	Crateús Airport	-5.211350	-40.704201
JCT	Kimble County Airport	30.511299	-99.763496
JCY	LBJ Ranch Airport	30.251801	-98.622498
JDA	Grant County Regional Airport / Ogilvie Field	44.404202	-118.962997
JDE	Jiande Qiandaohu General Airport	29.360905	119.180829
JDF	Francisco de Assis Airport	-21.791482	-43.386072
JDG	Jeongseok Airport	33.399601	126.711998
JDH	Jodhpur Airport	26.251101	73.048897
JDN	Jordan Airport	47.328800	-106.953003
JDO	Orlando Bezerra de Menezes Airport	-7.219320	-39.269096
JDR	Prefeito Octávio de Almeida Neves Airport	-21.085638	-44.225299
JDZ	Jingdezhen Luojia Airport	29.338600	117.176003
JED	King Abdulaziz International Airport	21.680241	39.157436
JEE	Jérémie Airport	18.663099	-74.170303
JEF	Jefferson City Memorial Airport	38.591202	-92.156097
JEG	Aasiaat Airport	68.721802	-52.784698
JEJ	Jeh Airport	7.565350	168.962006
JEK	Jeki Airport	-15.633400	29.603600
JEQ	Jequié Airport	-13.877700	-40.071602
JER	Jersey Airport	49.207901	-2.195510
JFK	John F. Kennedy International Airport	40.639447	-73.779317
JFN	Northeast Ohio Regional Airport	41.778000	-80.695503
JFR	Paamiut Airport	62.014736	-49.670937
JGA	Jamnagar Airport	22.465500	70.012604
JGB	Jagdalpur Airport	19.074301	82.036797
JGD	Daxing'anling Elunchun Airport	50.371389	124.117500
JGN	Jiayuguan International Airport	39.859052	98.339344
JGS	Jinggangshan Airport	26.856899	114.737000
JHB	Senai International Airport	1.641310	103.669998
JHF	São Paulo Catarina Executive Airport	-23.426886	-47.165658
JHG	Xishuangbanna Gasa International Airport	21.974648	100.762224
JHL	Fort MacKay/Albian Aerodrome	57.223900	-111.418999
JHM	Kapalua Airport	20.962900	-156.673004
JHN	Jenderal Besar Abdul Haris Nasution Airport	0.943995	99.534093
JHS	Sisimiut Airport	66.951302	-53.729301
JHW	Chautauqua County-Jamestown Airport	42.154250	-79.254008
JIA	Juína Airport	-11.419444	-58.701668
JIB	Djibouti-Ambouli Airport	11.547300	43.159500
JIC	Jinchang Jinchuan Airport	38.542222	102.348333
JIJ	Gerad Wilwal International Airport	9.331907	42.911811
JIK	Ikaria Airport	37.682701	26.347099
JIL	Jilin Ertaizi Airport	44.002652	126.395244
JIM	Jimma Airport	7.666090	36.816601
JIN	Jinja Airport	0.453094	33.193560
JIO	Jos Orno Imsula Airport	-8.140683	127.909669
JIP	Jipijapa Airport	-1.000000	-80.666664
JIQ	Qianjiang Wulingshan Airport	29.513333	108.831111
JIR	Jiri Airport	27.626313	86.230581
JIU	Jiujiang Lushan Airport	29.476944	115.801111
JJD	Comandante Ariston Pessoa Airport	-2.906425	-40.357338
JJG	Humberto Ghizzo Bortoluzzi Regional Airport	-28.675300	-49.059600
JJI	Juanjui Airport	-7.169100	-76.728600
JJM	Mulika Lodge Airport	0.165083	38.195141
JJN	Quanzhou Jinjiang International Airport	24.795855	118.588599
JJU	Qaqortoq Airport	60.763830	-46.065001
JKG	Jönköping Airport	57.757599	14.068700
JKH	Chios Island National Airport	38.343201	26.140600
JKL	Kalymnos Airport	36.963299	26.940599
JKR	Janakpur Airport	26.708799	85.922401
JKV	Cherokee County Airport	31.869301	-95.217400
JLA	Quartz Creek Airport	60.484235	-149.722909
JLG	Jalgaon Airport	20.962678	75.627492
JLN	Joplin Regional Airport	37.151798	-94.498299
JLR	Jabalpur Airport	23.177799	80.052002
JLS	Jales Airport	-20.292296	-50.545546
JMA	Aeroporto Elias Breder Airport	-20.259722	-42.183887
JMB	Jamba Airport	-14.698193	16.070148
JMJ	Lancang Jingmai Airport	22.417733	99.784012
JMK	Mykonos Island National Airport	37.435101	25.348101
JMO	Jomsom Airport	28.780426	83.723000
JMR	Maricá Airport	-22.919500	-42.830898
JMS	Jamestown Regional Airport	46.929699	-98.678200
JMU	Jiamusi Songjiang International Airport	46.842793	130.464260
JNA	Januária Airport	-15.473800	-44.385502
JNB	O.R. Tambo International Airport	-26.140081	28.246801
JNG	Jining Da'an Airport	35.647358	116.743269
JNH	Jiaxing Nanhu Airport	30.698056	120.663056
JNJ	Ja'Aluni Airport	19.474900	57.308300
JNU	Juneau International Airport	58.354935	-134.574416
JNX	Naxos Island National Airport	37.081100	25.368099
JNZ	Jinzhou Bay Airport	40.936032	121.277114
JOE	Joensuu Airport	62.658815	29.619398
JOG	Adisutjipto International Airport	-7.788180	110.431999
JOH	Port St Johns Airport	-31.606120	29.521750
JOI	Lauro Carneiro de Loyola Airport	-26.224501	-48.797401
JOJ	Doris Lake	68.125275	-106.585281
JOK	Yoshkar-Ola Airport	56.700600	47.904701
JOL	Jolo Airport	6.053670	121.011002
JOM	Njombe Airport	-9.350000	34.799999
JOP	Josephstaal Airport	-4.747083	145.007083
JOS	Yakubu Gowon Airport	9.639830	8.869050
JOT	Joliet Regional Airport	41.517799	-88.175499
JPA	Presidente Castro Pinto International Airport	-7.148691	-34.950554
JPE	Nagib Demachki Airport	-3.019798	-47.316474
JPO	Aeroporto Brigadeiro Firmino Ayres	-7.038990	-37.251598
JPR	Ji-Paraná Airport	-10.870743	-61.846675
JPY	Paraty Airport	-23.224044	-44.723400
JQA	Qaarsut Airport	70.734200	-52.696201
JQE	Jaqué Airport	7.517780	-78.157204
JRF	Kalaeloa Airport	21.307400	-158.070009
JRG	Jharsuguda Airport	21.913500	84.050400
JRH	Jorhat Airport	26.730456	94.175416
JRJ	Ganzhou Ruijin Airport	25.960236	116.077016
JRN	Juruena Airport	-10.314114	-58.494877
JRO	Kilimanjaro International Airport	-3.427049	37.073530
JRT	Juruti Airport	-2.186667	-56.090279
JSA	Jaisalmer Airport	26.888700	70.864998
JSB	Walfrido Salmito de Almeida Airport	-4.042841	-40.893813
JSH	Sitia Airport	35.216099	26.101299
JSI	Skiathos Island National Airport	39.177101	23.503700
JSJ	Jiansanjiang Shidi Airport	47.108248	132.657920
JSK	Jask Airport	25.654757	57.801718
JSM	Jose De San Martin Airport	-44.048599	-70.458900
JSO	Dr. Luciano de Arruda Coelho Regional Airport	-3.614769	-40.232208
JSR	Jessore Airport	23.183800	89.160797
JST	John Murtha Johnstown Cambria County Airport	40.316101	-78.833900
JSU	Maniitsoq Airport	65.412498	-52.939400
JSY	Syros Airport	37.422798	24.950899
JTA	Pedro Teixeira Castelo Airport	-5.933400	-40.297500
JTC	Bauru/Arealva–Moussa Nakhal Tobias State Airport	-22.160755	-49.070325
JTI	Jataí Airport	-17.829901	-51.772999
JTN	Itanhaém Airport	-24.159729	-46.790604
JTR	Santorini International Airport	36.400045	25.478638
JTY	Astypalaia Airport	36.579899	26.375799
JUA	Inácio Luís do Nascimento Airport	-11.296600	-57.549500
JUB	Juba International Airport	4.872010	31.601101
JUH	Chizhou Jiuhuashan Airport	30.740300	117.685600
JUI	Juist Airport	53.681421	7.056398
JUJ	Gobernador Horacio Guzman International Airport	-24.392799	-65.097801
JUL	Inca Manco Capac International Airport	-15.467689	-70.156530
JUM	Jumla Airport	29.274200	82.193298
JUN	Jundah Airport	-24.838045	143.061962
JUO	Juradó Airport	7.071810	-77.727117
JUR	Jurien Bay Airport	-30.302699	115.055551
JUT	Jutigalpa airport	14.652600	-86.220299
JUV	Upernavik Airport	72.790199	-56.130600
JUZ	Quzhou Airport	28.966130	118.898793
JVA	Ankavandra Airport	-18.805010	45.273467
JVI	Central Jersey Regional Airport	40.524399	-74.598396
JVL	Southern Wisconsin Regional Airport	42.620300	-89.041603
JWA	Jwaneng Airport	-24.602301	24.691000
JWN	Zanjan Airport	36.773701	48.359402
JWO	Jungwon Air Base/Chungju Airport	37.030240	127.886353
JXA	Jixi Xingkaihu Airport	45.293000	131.193000
JXN	Jackson County Airport/Reynolds Field	42.260509	-84.463019
JYR	Jiroft Airport	28.723519	57.675037
JYV	Jyväskylä Airport	62.399502	25.678301
JZH	Jiuzhai Huanglong Airport	32.853333	103.682222
KAA	Kasama Airport	-10.210169	31.123045
KAB	Kariba Airport	-16.519800	28.885000
KAC	Qamishli International Airport	37.020599	41.191399
KAD	Kaduna International Airport	10.696000	7.320110
KAF	Karato Airport	-6.265500	155.305200
KAG	Gangneung Airport (K-18)	37.753601	128.943915
KAI	Kaieteur Airport	5.177349	-59.488980
KAJ	Kajaani Airport	64.285500	27.692400
KAK	Kar Airport	-6.245200	143.551600
KAL	Kaltag Airport	64.318640	-158.741970
KAM	Kamaran Airport	15.368755	42.612515
KAN	Mallam Aminu Kano International Airport	12.045613	8.523566
KAO	Kuusamo Airport	65.987602	29.239401
KAP	Kapanga Airport	-8.371157	22.647457
KAQ	Kamulai Airport	-8.150694	146.834000
KAR	Kamarang Airport	5.865340	-60.614201
KAS	Karasburg Airport	-28.029700	18.738500
KAT	Kaitaia Airport	-35.069837	173.287053
KAU	Kauhava Airfield	63.127102	23.051399
KAV	Kavanayen Airport	5.593056	-61.763333
KAW	Kawthoung Airport	10.049300	98.538002
KAX	Kalbarri Airport	-27.692813	114.259169
KAY	Wakaya Island Airport	-17.617001	179.016998
KAZ	Kuabang Airport	1.188608	127.896036
KBA	Kabala Airport	9.638323	-11.515560
KBB	Kirkimbie Station Airport	-17.779200	129.210007
KBC	Birch Creek Airport	66.274002	-145.824005
KBD	Kimberley Downs Airport	-17.398577	124.355565
KBF	Karubaga Airport	-3.684615	138.479018
KBH	Kahama Airstrip	-3.847000	32.686500
KBI	Kribi Airport	2.873890	9.977780
KBJ	Kings Canyon Airport	-24.260229	131.488924
KBK	Kushinagar International Airport	26.776534	83.889214
KBL	Kabul International Airport	34.565899	69.212303
KBM	Kabwum	-6.155472	147.191472
KBN	Tunta Airport	-6.120761	24.546204
KBO	Kabalo Airport	-6.083000	26.917000
KBP	Boryspil International Airport	50.345001	30.894699
KBQ	Kasungu Airport	-13.014600	33.468601
KBR	Sultan Ismail Petra Airport	6.166850	102.292999
KBS	Bo Airport	7.944400	-11.761000
KBT	Kaben Airport	8.900560	170.843994
KBU	Gusti Syamsir Alam Airport	-3.294796	116.163815
KBV	Krabi International Airport	8.095591	98.988955
KBX	Kambuaya Airport	-1.316815	132.286987
KBY	Streaky Bay Airport	-32.836621	134.292991
KBZ	Kaikoura Airport	-42.424999	173.604996
KCA	Kuqa Qiuci Airport	41.677856	82.872917
KCB	Tepoe Airstrip	3.150000	-55.716999
KCD	Kamur Airport	-6.185100	138.637200
KCE	Collinsville Airport	-20.596701	147.860001
KCF	Thar Airport	27.203205	69.148840
KCG	Chignik Airport	56.311501	-158.373001
KCH	Kuching International Airport	1.487364	110.352859
KCI	Koolan Central Airport	-16.125000	123.735000
KCJ	Komaio Airport	-7.271400	143.595200
KCK	Kirensk Airport	57.773000	108.064000
KCL	Chignik Lagoon Airport	56.310776	-158.534818
KCM	Kahramanmaraş Airport	37.538826	36.953522
KCO	Cengiz Topel Airport	40.735001	30.083300
KCP	Kam'yanets'-Podil's'kyi Airfield	48.695631	26.609471
KCQ	Chignik Lake Airport	56.255001	-158.774994
KCR	Colorado Creek Airport	63.571196	-156.006653
KCS	Kings Creek Airport	-24.421285	131.819458
KCT	Koggala Airport	5.993680	80.320297
KCU	Masindi Airport	1.758060	31.736700
KCY	Krasnoyarsk Cheremshanka Airport	56.177584	92.545881
KCZ	Kochi Ryoma Airport	33.545217	133.670166
KDA	Kolda Airport	12.898604	-14.968322
KDB	Kambalda Airport	-31.190700	121.597800
KDC	Kandi Airport	11.144790	2.940381
KDD	Khuzdar Airport	27.790600	66.647301
KDE	Koroba Airport	-5.695200	142.744100
KDH	Ahmad Shah Baba International Airport	31.505769	65.847963
KDI	Haluoleo Airport	-4.081610	122.417999
KDJ	Ville Airport	-0.183000	10.750000
KDK	Kodiak Municipal Airport	57.806151	-152.373693
KDL	Kärdla Airport	58.990799	22.830700
KDM	Kaadedhdhoo Airport	0.488131	72.996902
KDN	Ndende Airport	-2.400000	11.367000
KDO	Kadhdhoo Airport	1.859170	73.521896
KDP	Kandep Airport	-5.840611	143.507222
KDQ	Kamberatoro Airport	-3.600556	141.051667
KDR	Kandrian Airport	-6.192170	149.547830
KDS	Kamaran Downs Airport	-24.338800	139.278500
KDT	Kamphaeng Saen Airport	14.102000	99.917198
KDU	Skardu International Airport	35.338660	75.538648
KDV	Vunisea Airport	-19.058100	178.156998
KDX	Kadugli Airport	11.138000	29.701099
KDY	Typliy Klyuch Airport	62.789001	136.854996
KEA	Kerki Airport	37.822051	65.135279
KEB	Nanwalek Airport	59.352100	-151.925003
KEC	Kasenga Airport	-10.355228	28.617243
KED	Kaédi Airport	16.159500	-13.507600
KEE	Kelle Airport	-0.071271	14.506621
KEF	Keflavik International Airport	63.985001	-22.605600
KEG	Keglsugl Airport	-5.832778	145.097222
KEI	Kepi Airport	-6.542970	139.332401
KEJ	Alexei Leonov Kemerovo International Airport	55.270100	86.107201
KEK	Ekwok Airport	59.356800	-157.470993
KEL	Kiel-Holtenau Airport	54.379570	10.145266
KEM	Kemi-Tornio Airport	65.778702	24.582100
KEN	Kenema Airport	7.896364	-11.174126
KEO	Odienne Airport	9.539457	-7.561340
KEP	Nepalgunj Airport	28.103600	81.667000
KEQ	Kebar Airport	-0.810418	133.054937
KER	Ayatollah Hashemi Rafsanjani International Airport	30.271276	56.949692
KES	Kelsey Airport	56.037498	-96.509697
KET	Kengtung Airport	21.301600	99.636002
KEU	Keekorok Airport	-1.586345	35.257455
KEV	Halli Airport	61.856039	24.786686
KEW	Keewaywin Airport	52.991100	-92.836403
KEX	Kanabea Airport	-7.538889	145.905000
KEY	Kericho Airport	-0.389900	35.242093
KFA	Kiffa Airport	16.590000	-11.406200
KFE	Fortescue - Dave Forrest Aerodrome	-22.290754	119.437143
KFG	Kalkgurung Airport	-17.431900	130.807999
KFM	Kirby Lake Airport	55.355598	-110.637001
KFP	False Pass Airport	54.847510	-163.407168
KFS	Kastamonu Airport	41.314201	33.795799
KFZ	Kukës International Airport	42.035802	20.415955
KGA	Kananga Airport	-5.900050	22.469200
KGB	Konge Airport	-6.223900	147.215200
KGC	Kingscote Airport	-35.713902	137.520996
KGD	Khrabrovo Airport	54.891610	20.598559
KGE	Kaghau Airport	-7.330500	157.585000
KGF	Sary-Arka Airport	49.670799	73.334396
KGG	Kédougou Airport	12.572300	-12.220300
KGH	Yongai Airport	-8.528900	147.460300
KGI	Kalgoorlie Boulder Airport	-30.791543	121.464586
KGJ	Karonga Airport	-9.953571	33.893264
KGK	Koliganek Airport	59.726601	-157.259003
KGL	Kigali International Airport	-1.968630	30.139500
KGM	Kungim Airport	-5.671000	141.030000
KGN	Kasongo-Lunda Airport	-6.468027	16.805012
KGO	Kirovograd Airport	48.542801	32.285000
KGP	Kogalym International Airport	62.190399	74.533798
KGR	Kulgera Airport	-25.842800	133.292007
KGS	Kos International Airport "Ippokratis"	36.794523	27.091150
KGT	Kangding Airport	30.142464	101.738720
KGU	Keningau Airport	5.355487	116.164884
KGW	Kagi Airport	-9.135917	147.669444
KGX	Grayling Airport	62.895187	-160.066289
KGY	Kingaroy Airport	-26.581077	151.839927
KGZ	Glacier Creek Airport	61.455101	-142.380997
KHA	Khaneh Airport	36.729096	45.158084
KHC	Kerch Airport	45.372501	36.401402
KHD	Khoram Abad Airport	33.435398	48.282902
KHE	Kherson International Airport	46.675800	32.506401
KHG	Kashgar Laining International Airport	39.542273	76.020230
KHH	Kaohsiung International Airport	22.577101	120.349998
KHI	Jinnah International Airport	24.906500	67.160797
KHJ	Kauhajoki Airfield	62.463212	22.390817
KHK	Khark Airport	29.260503	50.322193
KHM	Kanti Airport	25.988300	95.674400
KHN	Nanchang Changbei International Airport	28.864815	115.902710
KHO	Khoka Moya Airport	-24.593000	31.415100
KHR	Kharkhorin Airport	47.246667	102.826111
KHS	Khasab Airport	26.171000	56.240601
KHT	Khost International Airport	33.284605	69.807340
KHU	Kakhnovka Airfield	49.136799	33.477893
KHV	Khabarovsk Novy Airport	48.528338	135.188588
KHW	Khwai River Lodge Airport	-19.149477	23.787937
KHX	Savannah Airstrip	-0.716500	29.699700
KHY	Khoy Airport	38.427502	44.973598
KHZ	Kauehi Airport	-15.780622	-145.128443
KIC	Mesa Del Rey Airport	36.228001	-121.122002
KID	Kristianstad Airport	55.921700	14.085500
KIE	Aropa Airport	-6.305727	155.728249
KIF	Kingfisher Lake Airport	53.012501	-89.855301
KIG	Koingnaas Airport	-30.187136	17.282706
KIH	Kish International Airport	26.525427	53.980462
KII	Kibuli Airstrip	-9.006528	142.698056
KIJ	Niigata Airport	37.954166	139.112189
KIK	Kirkuk International Airport	35.469501	44.348900
KIL	Kilwa Airport	-9.288600	28.326900
KIM	Kimberley Airport	-28.805401	24.764872
KIN	Norman Manley International Airport	17.935699	-76.787498
KIO	Kili Airport	5.643860	169.124586
KIP	Kickapoo Downtown Airport	33.857800	-98.490402
KIQ	Kira Airport	-8.065111	147.332028
KIR	Kerry Airport	52.180901	-9.523780
KIS	Kisumu International Airport	-0.086139	34.728901
KIT	Kithira Airport	36.273978	23.016719
KIU	Kiunga Airport	-1.741272	41.482707
KIW	Southdowns Airport	-12.900500	28.149900
KIX	Kansai International Airport	34.427299	135.244003
KIY	Kilwa Airport	-8.911230	39.508619
KJA	Krasnoyarsk International Airport	56.175743	92.485788
KJB	Kurnool Airport	15.716288	78.169230
KJH	Kaili Huangping Airport	26.972000	107.988000
KJI	Burqin Kanas Airport	48.222300	86.995900
KJJ	Kajjansi Airfield	0.196800	32.552970
KJK	Kortrijk-Wevelgem International Airport	50.818878	3.209551
KJP	Kerama Airport	26.168337	127.293423
KJT	Kertajati International Airport	-6.647384	108.165561
KJX	Kuala Batu Airport	3.735749	96.790109
KKA	Koyuk Alfred Adams Airport	64.939499	-161.154007
KKC	Khon Kaen Airport	16.466600	102.783997
KKD	Kokoda Airport	-8.884679	147.730957
KKE	Kerikeri Airport	-35.259148	173.913317
KKG	Konawaruk Airport	5.268400	-58.995000
KKH	Kongiganak Airport	59.960800	-162.880997
KKI	Akiachak Airport	60.913809	-161.493329
KKJ	Kitakyushu Airport	33.845901	131.035004
KKK	Kalakaket Creek AS Airport	64.416626	-156.820393
KKM	Khok Kathiam Airport	14.874620	100.663397
KKN	Kirkenes Airport, Høybuktmoen	69.725800	29.891300
KKO	Kaikohe Airport	-35.451099	173.817001
KKP	Koolburra Airport	-15.318900	143.955002
KKQ	Krasnoselkup Airport	65.717000	82.455000
KKR	Kaukura Airport	-15.663300	-146.884995
KKS	Kashan Airport	33.895302	51.577000
KKT	Kentland Municipal Airport	40.758733	-87.429457
KKU	Ekuk Airport	58.811199	-158.559006
KKW	Kikwit Airport	-5.035770	18.785601
KKX	Kikai Airport	28.321301	129.927994
KKY	Kilkenny Airport	52.650799	-7.296110
KKZ	Koh Kong Airport	11.613397	102.997084
KLB	Kalabo Airport	-14.998818	22.648372
KLC	Kaolack Airport	14.146900	-16.051300
KLD	Migalovo Air Base	56.824699	35.757702
KLE	Kaélé Airport	10.092500	14.445600
KLF	Grabtsevo Airport	54.549999	36.366669
KLG	Kalskag Airport	61.536301	-160.341003
KLH	Kolhapur Airport	16.664700	74.289398
KLI	Kotakoli Airbase	4.156991	21.666670
KLK	Kalokol Airport	3.491610	35.836777
KLL	Levelock Airport	59.126060	-156.860906
KLM	Kalaleh Airport	37.383301	55.452000
KLN	Larsen Bay Airport	57.535160	-153.976455
KLO	Kalibo International Airport	11.679400	122.375999
KLP	Seruyan Kuala Pembuang Airport	-3.376062	112.536521
KLR	Kalmar Airport	56.685501	16.287600
KLS	Southwest Washington Regional Airport	46.118000	-122.898003
KLU	Klagenfurt Airport	46.642502	14.337700
KLV	Karlovy Vary Airport	50.202999	12.915000
KLW	Klawock Airport	55.579201	-133.076004
KLX	Kalamata Airport	37.068298	22.025499
KLY	Kinkungwa Airport	-2.578000	26.733999
KLZ	Kleinsee Airport	-29.688400	17.094000
KMA	Kerema Airport	-7.963610	145.770996
KMB	Koinambe Airport	-5.487500	144.606944
KMC	King Khaled Military City Airport	27.900900	45.528198
KME	Kamembe Airport	-2.462240	28.907900
KMF	Kamina Airport	-7.649250	145.956944
KMG	Kunming Changshui International Airport	25.110313	102.936743
KMH	Johan Pienaar Airport	-27.456596	23.411946
KMI	Miyazaki Airport	31.877199	131.449005
KMJ	Kumamoto Airport	32.837299	130.854996
KMK	Makabana Airport	-3.483000	12.617000
KML	Kamileroi Airport	-19.375000	140.057007
KMM	Kimaam Airport	-7.977890	138.851776
KMN	Kamina City Airport	-8.728878	24.991407
KMO	Manokotak Airport	58.932056	-158.901886
KMP	Keetmanshoop Airport	-26.539801	18.111401
KMQ	Komatsu Airport / JASDF Komatsu Air Base	36.393407	136.406895
KMR	Karimui Airport	-6.492100	144.823000
KMS	Prempeh I International Airport	6.714560	-1.590820
KMU	Kismayo Airport	-0.377353	42.459202
KMV	Kalay Airport	23.188801	94.051102
KMW	Kostroma Sokerkino Airport	57.796902	41.019402
KMX	King Khalid Air Base	18.297300	42.803501
KMZ	Kaoma Airport	-14.800000	24.783001
KNA	Viña del Mar Airport	-32.949600	-71.478600
KNB	Kanab Municipal Airport	37.011101	-112.530998
KND	Kindu Airport	-2.919180	25.915400
KNE	Kanainj Airport	-5.290300	144.707200
KNF	RAF Marham	52.648395	0.550692
KNG	Utarom Airport	-3.644600	133.695116
KNH	Kinmen Airport	24.427900	118.359001
KNI	Katanning Airport	-33.699423	117.657030
KNJ	Kindamba Airport	-3.749781	14.490264
KNK	Kokhanok Airport	59.433248	-154.802170
KNM	Kaniama Airport	-7.599343	24.158592
KNN	Kankan Airport	10.448438	-9.228757
KNO	Kualanamu International Airport	3.637847	98.870566
KNP	Kapanda Airport	-9.769370	15.455319
KNQ	Koné Airport	-21.053551	164.838768
KNR	Jam Airport	27.820499	52.352200
KNS	King Island Airport	-39.877499	143.878006
KNT	Kennett Memorial Airport	36.225899	-90.036598
KNU	Kanpur Airport	26.404301	80.410103
KNW	New Stuyahok Airport	59.451838	-157.373829
KNX	East Kimberley Regional (Kununurra) Airport	-15.778100	128.707993
KNY	Kodinsk Airport	58.479401	99.093903
KNZ	Kenieba Airport	12.839046	-11.253397
KOA	Ellison Onizuka Kona International Airport at Keāhole	19.738783	-156.045603
KOC	Koumac Airport	-20.546323	164.255648
KOD	Kotabangun Airport	-0.266670	116.583336
KOE	El Tari Airport	-10.171600	123.670998
KOF	Komatipoort Airport	-25.440300	31.930000
KOH	Koolatah Airport	-15.888484	142.439461
KOI	Kirkwall Airport	58.957903	-2.905077
KOJ	Kagoshima Airport	31.803400	130.718994
KOK	Kokkola-Pietarsaari Airport	63.721199	23.143101
KOM	Komo-Manda Airport	-6.068200	142.859800
KOO	Kongolo Airport	-5.393898	26.989932
KOP	Nakhon Phanom Airport	17.383801	104.642998
KOQ	Köthen Airport	51.723745	11.948826
KOR	Kakoro(Koroko) Airstrip	-7.834667	146.533500
KOS	Sihanouk International Airport	10.570557	103.632067
KOT	Kotlik Airport	63.030602	-163.533005
KOU	Koulamoutou Mabimbi Airport	-1.184610	12.441300
KOV	Kokshetau International Airport	53.329102	69.594597
KOW	Ganzhou Huangjin Airport	25.853333	114.778889
KOX	Kokonao Airport	-4.710750	136.435150
KOZ	Ouzinkie Airport	57.942094	-152.464314
KPA	Kopiago Airport	-5.388300	142.497700
KPC	Port Clarence Coast Guard Station	65.253700	-166.858994
KPE	Yapsiei Airport	-4.628056	141.094167
KPF	Kondobol Airport	-8.533600	142.504900
KPI	Kapit Airport	2.010524	112.931468
KPL	Kapal Airport	-8.630184	142.823756
KPM	Kompiam Airport	-5.381667	143.924722
KPN	Kipnuk Airport	59.931796	-164.028196
KPO	Pohang Airport (G-815/K-3)	35.987955	129.420383
KPP	Kalpowar Airport	-14.890000	144.220000
KPS	Kempsey Airport	-31.072320	152.765313
KPT	Jackpot Airport/Hayden Field	41.976002	-114.657997
KPV	Perryville Airport	55.906500	-159.160910
KPW	Keperveem Airport	67.845001	166.139999
KQA	Akutan Airport	54.144590	-165.604332
KQH	Kishangarh Airport Ajmer	26.591007	74.812956
KQL	Kol Airport	-5.731167	144.846000
KQR	Karara Airport	-29.217223	116.687154
KQT	Bokhtar International Airport	37.866315	68.864475
KRA	Kerang Airport	-35.751400	143.938995
KRB	Karumba Airport	-17.456699	140.830002
KRC	Departi Parbo Airport	-2.094042	101.470250
KRD	Kurundi Airport	-20.510000	134.670600
KRE	Kirundo Airport	-2.544772	30.094575
KRF	Kramfors-Sollefteå Höga Kusten Airport	63.048599	17.768900
KRG	Karasabai Airport	4.030050	-59.547490
KRI	Kikori Airport	-7.424380	144.250076
KRJ	Karawari Airstrip	-4.596667	143.522500
KRK	Kraków John Paul II International Airport	50.077702	19.784800
KRL	Korla Licheng Airport	41.614979	86.140817
KRM	Karanambo Airport	3.769883	-59.344409
KRN	Kiruna Airport	67.821999	20.336800
KRO	Kurgan Airport	55.475300	65.415604
KRP	Midtjyllands Airport / Air Base Karup	56.297139	9.104311
KRQ	Kramatorsk Airport	48.706799	37.630922
KRR	Krasnodar Pashkovsky International Airport	45.034465	39.174215
KRS	Kristiansand Airport	58.204201	8.085370
KRT	Khartoum International Airport	15.589500	32.553200
KRU	Kerau Airport	-8.271612	147.071899
KRV	Kerio Valley Airport	0.317916	35.664712
KRW	Turkmenbaşy International Airport	40.062833	53.005085
KRX	Kar Kar Airport	-4.557000	145.940400
KRY	Karamay Airport	45.466550	84.952700
KRZ	Kiri Airport	-1.499806	18.928456
KSA	Kosrae International Airport	5.356980	162.957993
KSB	Kasonombe Airport	-6.381900	146.985900
KSC	Košice International Airport	48.663101	21.241100
KSD	Karlstad Airport	59.444698	13.337400
KSE	Kasese Airport	0.183000	30.100000
KSF	Kassel Airport	51.418395	9.391638
KSG	Kisengam Airport [CLOSED]	-6.362000	146.709999
KSH	Shahid Ashrafi Esfahani Airport	34.345901	47.158100
KSI	Kissidougou Airport	9.160560	-10.124400
KSJ	Kasos Airport	35.421398	26.910000
KSK	Karlskoga Airport	59.345901	14.495900
KSL	Kassala Airport	15.387500	36.328800
KSM	St Mary's Airport	62.060501	-163.302002
KSN	Kostanay International Airport	53.206902	63.550301
KSO	Kastoria National Airport Aristotle	40.446301	21.282200
KSP	Kosipe Airport	-8.450716	147.209195
KSQ	Karshi Airport	38.802246	65.773068
KSR	Selayar - Haji Aroeppala Airport	-6.179210	120.437479
KSS	Sikasso (Dignangan) Airport	11.598382	-5.798896
KSU	Kristiansund Airport, Kvernberget	63.111801	7.824520
KSV	Springvale Airport	-23.549999	140.699997
KSW	Kiryat Shmona Airport	33.216275	35.596220
KSX	Yasuru Airport	-6.601500	146.181300
KSY	Kars Airport	40.562199	43.115002
KSZ	Kotlas Airport	61.235802	46.697498
KTA	Karratha Airport	-20.712200	116.773003
KTC	Katiola Airport	8.132858	-5.064870
KTD	Kitadaito Airport	25.944700	131.326996
KTE	Kerteh Airport	4.537220	103.427002
KTF	Takaka Airport	-40.813301	172.774994
KTG	Rahadi Osman Airport	-1.817165	109.963469
KTI	Techo International Airport	11.359987	104.921272
KTJ	Kichwa Tembo Airport	-1.263497	35.027533
KTL	Kitale Airport	0.971989	34.958599
KTM	Tribhuvan International Airport	27.696600	85.359100
KTN	Ketchikan International Airport	55.355598	-131.714004
KTO	Kato Airport	4.649160	-59.832199
KTP	Tinson Pen Airport	17.988600	-76.823799
KTQ	Kitee Airport	62.166100	30.073601
KTR	Tindal Airport	-14.521100	132.378006
KTS	Brevig Mission Airport	65.331826	-166.467848
KTT	Kittilä International Airport	67.700996	24.846800
KTU	Kota Airport	25.160200	75.845596
KTV	Kamarata Airport	5.717100	-62.337270
KTW	Katowice Wojciech Korfanty International Airport	50.476015	19.080705
KTY	Katukurunda Air Force Base	6.552120	79.977501
KUA	Kuantan Airport	3.775390	103.209000
KUB	Anduki Airport	4.635158	114.378748
KUC	Kuria Airport	0.218611	173.442001
KUD	Kudat Airport	6.924111	116.837068
KUE	Kukudu Airport	-8.026200	156.947830
KUF	Kurumoch International Airport	53.504902	50.164299
KUG	Kubin Island Airport	-10.226480	142.219619
KUH	Kushiro Airport	43.041000	144.192993
KUK	Kasigluk Airport	60.872747	-162.524700
KUL	Kuala Lumpur International Airport	2.745580	101.709999
KUM	Yakushima Airport	30.385599	130.658997
KUN	Kaunas International Airport	54.963965	24.085820
KUO	Kuopio Airport	63.007099	27.797800
KUP	Kupiano Airport	-10.073600	148.218000
KUQ	Kuri Airport	-7.135083	143.276111
KUR	Razer Airport	36.029893	70.714159
KUS	Kulusuk Airport	65.573601	-37.123600
KUT	David the Builder Kutaisi International Airport	42.177448	42.485353
KUU	Kullu Manali Airport	31.876699	77.154404
KUV	Gunsan Airport / Gunsan Air Base	35.903801	126.615997
KUX	Kuyol Airport	-5.372361	141.623889
KUY	Kamusi Airport	-7.420347	143.121811
KVA	Kavala Alexander the Great International Airport	40.913300	24.619200
KVB	Skövde Airport	58.456402	13.972700
KVC	King Cove Airport	55.116299	-162.266006
KVE	Kitava Airport	-8.628500	151.327000
KVG	Kavieng Airport	-2.579400	150.807999
KVK	Kirovsk-Apatity Airport	67.462851	33.585294
KVL	Kivalina Airport	67.734565	-164.559917
KVM	Markovo Airport	64.665446	170.417626
KVO	Morava Airport	43.817519	20.586662
KVR	Kavalerovo Airport	44.272600	135.029000
KVX	Pobedilovo Airport	58.503883	49.347831
KWA	Bucholz Army Air Field	8.720120	167.731995
KWB	Dewadaru Airport	-5.800910	110.478380
KWD	Kavadja Airport	7.964938	23.526018
KWE	Guiyang Longdongbao International Airport	26.541805	106.804020
KWG	Kryvyi Rih International Airport	48.043301	33.209999
KWH	Khwahan Airport	37.890021	70.203830
KWI	Kuwait International Airport	29.224487	47.969813
KWJ	Gwangju Airport	35.123173	126.805444
KWK	Kwigillingok Airport	59.876499	-163.169005
KWL	Guilin Liangjiang International Airport	25.219828	110.039553
KWM	Kowanyama Airport	-15.485369	141.752572
KWN	Quinhagak Airport	59.755100	-161.845000
KWO	Kawito Airport	-7.977007	142.823578
KWS	Kwailabesi Airport	-8.360508	160.775127
KWT	Kwethluk Airport	60.790298	-161.444000
KWY	Kiwayu Airport	-1.960644	41.297156
KWZ	Kolwezi Airport	-10.765900	25.505699
KXB	Sangia Nibandera Airport	-4.338158	121.524047
KXD	Kondinskoye Airport	59.655083	67.430046
KXE	P C Pelser Airport	-26.871099	26.718000
KXF	Koro Island Airport	-17.345800	179.421997
KXK	Komsomolsk-on-Amur Airport	50.409000	136.934006
KXO	Kisoro Airport	-1.283700	29.719700
KXU	Katiu Airport	-16.339681	-144.407966
KYA	Konya Airport	37.979000	32.561901
KYB	Ken's Bore airport	-22.157220	116.156223
KYD	Lanyu Airport	22.027000	121.535004
KYE	Rene Mouawad Air Base	34.589298	36.011299
KYF	Yeelirrie Airport	-27.277060	120.095673
KYI	Yalata Mission Airport	-31.470600	131.824997
KYK	Karluk Airport	57.565919	-154.453762
KYO	Tampa North Aero Park Airport	28.221300	-82.374496
KYP	Kyaukpyu Airport	19.426399	93.534798
KYS	Kayes Dag Dag Airport	14.482521	-11.399335
KYT	Kyauktu Airport	21.400000	94.133301
KYU	Koyukuk Airport	64.876099	-157.727005
KYX	Yalumet Airport	-6.090000	147.011700
KYZ	Kyzyl Airport	51.669399	94.400597
KZD	Krakor Airport	12.538500	104.148600
KZF	Kaintiba Airport	-7.500250	146.033833
KZG	Kitzingen Airfield	49.744293	10.207313
KZI	Kozani National Airport Filippos	40.286098	21.840799
KZN	Kazan International Airport	55.606201	49.278702
KZO	Korkyt Ata International Airport	44.706902	65.592499
KZR	Zafer Airport	39.111107	30.130405
KZS	Kastelorizo Airport	36.141701	29.576401
LAA	Southeast Colorado Regional Airport	38.066407	-102.691373
LAB	Lab Lab Airport	-5.720400	148.056600
LAC	Layang-Layang Airport	7.371570	113.844002
LAD	Quatro de Fevereiro International Airport	-8.858370	13.231200
LAE	Nadzab Tomodachi International Airport	-6.567995	146.726544
LAF	Purdue University Airport	40.412875	-86.939363
LAH	Oesman Sadik Airport	-0.633764	127.505394
LAI	Lannion Airport	48.754398	-3.471660
LAJ	Lages Airport	-27.782101	-50.281502
LAK	Aklavik/Freddie Carmichael Airport	68.223297	-135.005990
LAL	Lakeland Linder International Airport	27.989267	-82.020715
LAM	Los Alamos Airport	35.879799	-106.268997
LAN	Capital Region International Airport	42.777582	-84.585721
LAO	Laoag International Airport	18.175089	120.531006
LAP	Manuel Márquez de León International Airport	24.072331	-110.362662
LAQ	Al Abraq International Airport	32.789036	21.954864
LAR	Laramie Regional Airport	41.312099	-105.675003
LAS	Harry Reid International Airport	36.083361	-115.151817
LAU	Manda Airport	-2.252431	40.912892
LAW	Lawton Fort Sill Regional Airport	34.567699	-98.416603
LAX	Los Angeles International Airport	33.942501	-118.407997
LAY	Ladysmith Airport	-28.581699	29.749701
LAZ	Bom Jesus da Lapa Airport	-13.262100	-43.408100
LBA	Leeds Bradford Airport	53.865898	-1.660570
LBB	Lubbock Preston Smith International Airport	33.663601	-101.822998
LBC	Lübeck Blankensee Airport	53.805401	10.719200
LBD	Khujand International Airport	40.215401	69.694702
LBE	Arnold Palmer Regional Airport	40.275902	-79.404800
LBF	North Platte Regional Airport Lee Bird Field	41.126202	-100.683998
LBG	Paris-Le Bourget International Airport	48.962276	2.436539
LBI	Albi Le Sequestre airport	43.913898	2.113060
LBJ	Komodo Airport	-8.480694	119.888306
LBK	Liboi Airport	0.348333	40.881699
LBL	Liberal Mid-America Regional Airport	37.044201	-100.959999
LBM	Luabo Airport	-18.413900	36.106800
LBN	Lake Baringo (Kampi Ya Samaki) Airport	0.603167	36.013000
LBO	Lusambo Airport	-4.961670	23.378300
LBP	Long Banga Airport	3.202138	115.401811
LBQ	Lambarene Airport	-0.704389	10.245700
LBR	Lábrea Airport	-7.278970	-64.769501
LBS	Labasa Airport	-16.466700	179.339996
LBT	Lumberton Regional Airport	34.610773	-79.059430
LBU	Labuan Airport	5.301667	115.248333
LBV	Libreville Leon M'ba International Airport	0.458951	9.412140
LBW	Yuvai Semaring Airport	3.900495	115.690089
LBX	Lubang Airport	13.855400	120.105003
LBY	La Baule-Escoublac Airport	47.289398	-2.346390
LBZ	Lucapa Airport	-8.442339	20.732701
LCA	Larnaca International Airport	34.875099	33.624901
LCB	André Antônio Maggi Airport	-15.193400	-59.384800
LCC	Lecce Galatina Air Base / Galatina Fortunato Cesari Airport	40.239201	18.133301
LCD	Louis Trichardt Airport	-23.061899	29.864700
LCE	Golosón International Airport	15.742500	-86.852997
LCF	Las Vegas Airport	15.668363	-88.961763
LCG	A Coruña Airport	43.302101	-8.377260
LCH	Lake Charles Regional Airport	30.126101	-93.223297
LCI	Laconia Municipal Airport	43.572701	-71.418900
LCJ	Łódź Władysław Reymont Airport	51.721901	19.398100
LCK	Rickenbacker International Airport	39.813801	-82.927803
LCM	La Cumbre Airport	-31.005800	-64.531898
LCN	Balcanoona Airport	-30.535000	139.337006
LCO	Lague Airport	-2.450000	14.533000
LCP	Loncopue Airport	-38.081902	-70.643898
LCQ	Lake City Gateway Airport	30.181999	-82.576897
LCR	Virgilio Barco Vargas (La Chorrera) Airport	-1.456361	-72.801086
LCS	Longchuan Guangsong Airport	24.266520	97.904800
LCT	Shijiazhuang Luancheng Airport	37.913050	114.591660
LCX	Liancheng Guanzhishan Airport	25.675920	116.745907
LCY	London City Airport	51.505299	0.055278
LDA	Malda Airport	25.010180	88.126917
LDB	Governor José Richa Airport	-23.334375	-51.128365
LDC	Lindeman Island Airport	-20.453600	149.039993
LDE	Tarbes-Lourdes-Pyrénées Airport	43.178699	-0.006439
LDG	Leshukonskoye Airport	64.896004	45.723000
LDH	Lord Howe Island Airport	-31.538204	159.075460
LDI	Lindi Airport	-9.851005	39.759110
LDJ	Linden Airport	40.617401	-74.244598
LDK	Lidköping-Hovby Airport	58.465500	13.174400
LDM	Mason County Airport	43.962502	-86.407898
LDN	Lamidanda Airport	27.253099	86.669998
LDO	Ladouanie Airport	4.376108	-55.407057
LDS	Yichun Lindu Airport	47.752056	129.019125
LDU	Lahad Datu Airport	5.032410	118.323760
LDV	Landivisiau Air Base	48.530300	-4.151640
LDW	Lansdowne Airport	-17.612800	126.743000
LDX	Saint-Laurent-du-Maroni Airport	5.481891	-54.034964
LDY	City of Derry Airport	55.042801	-7.161110
LDZ	Londolozi Airport	-24.747800	31.474300
LEA	Learmonth Airport	-22.235201	114.090024
LEB	Lebanon Municipal Airport	43.626099	-72.304199
LEC	Coronel Horácio de Mattos Airport	-12.482300	-41.277000
LED	Pulkovo Airport	59.800301	30.262501
LEE	Leesburg International Airport	28.823099	-81.808701
LEF	Lebakeng Airport	-29.890800	28.655600
LEH	Le Havre-Octeville Airport	49.534038	0.088406
LEI	Almería Airport	36.843899	-2.370100
LEJ	Leipzig/Halle Airport	51.420657	12.232705
LEK	Tata Airport	11.337512	-12.290869
LEL	Lake Evella Airport	-12.498900	135.806000
LEM	Lemmon Municipal Airport	45.918701	-102.106003
LEN	León Airport	42.590709	-5.653406
LEO	Lekoni Airport	-1.572400	14.287800
LEP	Leopoldina Airport	-21.468226	-42.727076
LEQ	Land's End Airport	50.102798	-5.670560
LER	Leinster Airport	-27.843300	120.703003
LES	Lesobeng Airport	-29.755583	28.357054
LET	Alfredo Vásquez Cobo International Airport	-4.191147	-69.942003
LEU	Pirineus - la Seu d'Urgel Airport	42.338600	1.409170
LEV	Levuka Airfield	-17.711100	178.759003
LEW	Auburn Lewiston Municipal Airport	44.048500	-70.283501
LEX	Blue Grass Airport	38.035066	-84.606738
LEY	Lelystad Airport	52.453188	5.514622
LEZ	La Esperanza Airport	14.291111	-88.175003
LFB	Lumbo Airport	-15.033100	40.671700
LFH	Lanping Fenghua General Airport	26.645180	99.544190
LFI	Langley Air Force Base	37.082901	-76.360497
LFK	Angelina County Airport	31.233999	-94.750000
LFM	Lamerd Airport	27.372700	53.188801
LFN	Triangle North Executive Airport	36.023300	-78.330299
LFO	Kelafo East Airport	5.657000	44.349998
LFP	Lakefield Airport	-14.920700	144.203000
LFQ	Linfen Yaodu Airport	36.132629	111.641236
LFR	La Fria Airport	8.239167	-72.271027
LFT	Lafayette Regional Airport	30.205299	-91.987602
LFW	Lomé–Tokoin International Airport	6.165610	1.254510
LGA	LaGuardia Airport	40.777199	-73.872597
LGB	Long Beach International Airport	33.816523	-118.149891
LGC	LaGrange Callaway Airport	33.008873	-85.074331
LGD	La Grande/Union County Airport	45.290199	-118.007004
LGE	Mulan Airport	-20.108900	127.619000
LGF	Laguna Army Airfield	32.860794	-114.396150
LGG	Liège Airport	50.638574	5.443897
LGH	Leigh Creek Airport	-30.598301	138.425995
LGI	Deadman's Cay Airport	23.179001	-75.093597
LGK	Langkawi International Airport	6.329730	99.728699
LGL	Long Lellang Airport	3.421000	115.153999
LGN	Linga Linga Airport	-5.531944	149.734167
LGO	Langeoog Airport	53.742379	7.496345
LGQ	Nueva Loja Airport	0.093056	-76.867500
LGR	Cochrane Airport	-47.243591	-72.588150
LGS	Comodoro D.R. Salomón Airport	-35.493599	-69.574303
LGT	La Gaviota Airport	4.550543	-70.925353
LGU	Logan-Cache Airport	41.791199	-111.851997
LGW	London Gatwick Airport	51.148744	-0.185739
LGX	Lugh Ganane Airport	3.812400	42.545900
LGZ	Shannan Longzi Airport	28.422422	92.348082
LHA	Lahr Airport	48.369301	7.827720
LHE	Allama Iqbal International Airport	31.521601	74.403603
LHG	Lightning Ridge Airport	-29.452857	147.977146
LHI	Lereh Airport	-3.080046	139.952817
LHK	Guangzhou MR Air Base / Guanghua Airport	32.388660	111.694250
LHL	Lachin International Airport	39.883787	46.363137
LHN	Linhares Municipal Airport	-19.355202	-40.071280
LHR	London Heathrow Airport	51.470748	-0.459909
LHS	Las Heras Airport	-46.538517	-68.965323
LHU	Lianshulu Lodge Airstrip	-18.116495	23.393460
LHV	William T. Piper Memorial Airport	41.135601	-77.422302
LHW	Lanzhou Zhongchuan International Airport	36.515202	103.620003
LIA	Liangping Airport	30.679399	107.786003
LIB	Limbunya Airport	-17.235600	129.882004
LIC	Limon Municipal Airport	39.274799	-103.666000
LIE	Libenge Airport	3.626584	18.638477
LIF	Lifou Airport	-20.774563	167.239328
LIG	Limoges Airport	45.862801	1.179440
LIH	Lihue Airport	21.974393	-159.337146
LII	Mulia Airport	-3.701938	137.957000
LIJ	Lishui Airport	28.372700	119.839000
LIK	Likiep Airport	9.823160	169.307999
LIL	Lille Airport	50.566564	3.102429
LIM	Jorge Chávez International Airport	-12.021900	-77.114305
LIN	Milano Linate Airport	45.445099	9.276740
LIO	Limón International Airport	9.957960	-83.022003
LIP	Lins Airport	-21.663491	-49.729954
LIQ	Lisala Airport	2.170660	21.496901
LIR	Daniel Oduber Quirós International Airport	10.593300	-85.544403
LIS	Lisbon Humberto Delgado Airport	38.781300	-9.135920
LIT	Bill & Hillary Clinton National Airport/Adams Field	34.729222	-92.223591
LIV	Livengood Camp Airport	65.467000	-148.653400
LIW	Loikaw Airport	19.691500	97.214798
LIX	Likoma Island Airport	-12.079787	34.736253
LIY	MidCoast Regional Airport at Wright Army Airfield	31.891237	-81.561003
LIZ	Loring International Airport	46.950401	-67.885902
LJA	Lodja Airport	-3.462745	23.615162
LJG	Lijiang Sanyi International Airport	26.677483	100.244944
LJN	Texas Gulf Coast Regional Airport	29.108601	-95.462097
LJU	Ljubljana Jože Pučnik Airport	46.223701	14.457600
LKA	Larantuka Gewayentana Airport	-8.274424	123.002000
LKB	Lakeba Island Airport	-18.199200	-178.817001
LKC	Lekana Airport	-2.313000	14.606000
LKD	Lakeland Airport	-15.841213	144.849118
LKG	Lokichogio Airport	4.204120	34.348202
LKH	Long Akah Airport	3.310909	114.785553
LKI	Lasikin Airport	2.411328	96.327722
LKK	Kulik Lake Airport	58.982101	-155.121002
LKL	Lakselv Airport, Banak	70.068802	24.973499
LKM	Bolaang Mongondow Airport	0.888550	124.033634
LKN	Leknes Airport	68.152496	13.609400
LKO	Chaudhary Charan Singh International Airport	26.760599	80.889297
LKP	Lake Placid Airport	44.264500	-73.961899
LKR	Las Khorey Airport	11.173480	48.214260
LKV	Lake County Airport	42.161098	-120.399002
LKW	Lekhwair Airport	22.804866	55.372801
LKY	Lake Manyara Airport	-3.376310	35.818298
LKZ	RAF Lakenheath	52.409540	0.561161
LLA	Luleå Airport	65.543800	22.122000
LLB	Libo Airport	25.452500	107.961667
LLC	Cagayan North International Airport	18.182388	121.746223
LLE	Malelane Airport	-25.473581	31.565947
LLF	Yongzhou Lingling Airport	26.338661	111.610043
LLG	Chillagoe Airport	-17.138386	144.528494
LLH	La Lima - Reginaldo Hammer Airport	15.442801	-87.898564
LLI	Lalibela Airport	11.975225	38.980198
LLJ	Silampari Airport	-3.288165	102.914490
LLK	Lankaran International Airport	38.757919	48.807042
LLL	Lissadell Airport	-16.661000	128.594000
LLM	Lomlom Airport	-10.296828	166.327322
LLN	Kelila Airport	-3.728968	138.710117
LLO	Bua - Palopo Lagaligo Airport	-3.082270	120.244823
LLS	Alferez Armando Rodriguez Airport	-24.721399	-60.548801
LLT	Lobito Airport	-12.371200	13.536600
LLV	Lüliang Dawu Airport	37.683333	111.142778
LLW	Kamuzu International Airport	-13.789400	33.780998
LLX	Caledonia County Airport	44.569099	-72.017998
LLY	South Jersey Regional Airport	39.942902	-74.845703
LMA	Minchumina Airport	63.886002	-152.302002
LMB	Salima Airport	-13.755893	34.584188
LMC	La Macarena Airport	2.175650	-73.786740
LMD	Los Menucos Airport	-40.817699	-68.074699
LME	Le Mans-Arnage Airport	47.948604	0.201702
LMH	Limon Airport	15.856066	-85.443978
LMI	Lumi Airport	-3.476840	142.041292
LML	Lae Island Airport	8.921110	166.264999
LMM	Valle del Fuerte International Airport	25.685503	-109.081159
LMN	Limbang Airport	4.808300	115.010002
LMO	RAF Lossiemouth	57.705200	-3.339170
LMP	Lampedusa Airport	35.497898	12.618100
LMQ	Marsa al Brega Airport	30.378099	19.576401
LMR	Lime Acres Finsch Mine Airport	-28.360100	23.439100
LMS	Louisville Winston County Airport	33.146198	-89.062500
LMT	Crater Lake-Klamath Regional Airport	42.156101	-121.733002
LMU	Letung Airport	2.964470	105.754840
LMV	Madivaru Airport	5.457545	73.370261
LMX	Lopez de Micay Airport	2.841177	-77.237214
LMY	Lake Murray Airport	-7.009920	141.494003
LMZ	Palma Airport	-10.750600	40.470200
LNA	Palm Beach County Park Airport	26.593000	-80.085098
LNB	Lamen Bay Airport	-16.584200	168.158997
LNC	Lengbati Airport	-6.384611	147.368639
LND	Hunt Field	42.815201	-108.730003
LNE	Lonorore Airport	-15.865600	168.171997
LNF	Munbil Airport	-4.855941	141.220165
LNG	Lese Airport	-8.279900	146.276500
LNH	Lake Nash Airport	-20.980700	137.917800
LNI	Point Lonely Short Range Radar Site Airfield	70.911118	-153.237766
LNJ	Lincang Boshang Airport	23.738100	100.025002
LNK	Lincoln Airport	40.844882	-96.761780
LNL	Longnan Chengzhou Airport	33.789918	105.790014
LNM	Langimar Airport	-7.223139	146.227083
LNN	Lake County Executive Airport	41.683998	-81.389702
LNO	Leonora Airport	-28.878099	121.315002
LNP	Lonesome Pine Airport	36.987499	-82.529999
LNR	Tri-County Regional Airport	43.209900	-90.181332
LNS	Lancaster Airport	40.121700	-76.296097
LNU	Robert Atty Bessing	3.575256	116.619769
LNV	Londolovit Airport	-3.043610	152.628998
LNX	Smolensk North Airport	54.824000	32.025000
LNY	Lanai Airport	20.785675	-156.951324
LNZ	Linz-Hörsching Airport	48.235362	14.188128
LOA	Lorraine Airport	-18.993299	139.906998
LOB	San Rafael Airport	-32.813912	-70.646642
LOC	Lock Airport	-33.544201	135.692993
LOD	Longana Airport	-15.306700	167.966995
LOE	Loei Airport	17.439100	101.722000
LOH	Ciudad de Catamayo Airport	-3.995606	-79.371902
LOI	Helmuth Baungarten Airport	-27.160000	-49.542500
LOK	Lodwar Airport	3.121970	35.608700
LOL	Derby Field	40.066399	-118.565002
LOM	Francisco Primo de Verdad y Ramos Airport	21.258983	-101.943758
LOO	Laghouat - Molay Ahmed Medeghri Airport	33.764400	2.928340
LOP	Lombok International Airport	-8.759962	116.278169
LOS	Murtala Muhammed International Airport	6.577370	3.321160
LOT	Lewis University Airport	41.607300	-88.096199
LOU	Bowman Field	38.228001	-85.663696
LOV	Monclova International Airport	26.955700	-101.470001
LOW	Louisa County Airport / Freeman Field	38.009800	-77.970100
LOY	Loiyangalani Airport	2.763605	36.718325
LOZ	London-Corbin Airport/Magee Field	37.082199	-84.084900
LPA	Gran Canaria Airport	27.931900	-15.386600
LPB	El Alto International Airport	-16.510272	-68.189416
LPC	Lompoc Airport	34.665600	-120.468002
LPD	La Pedrera Airport	-1.324882	-69.581294
LPE	La Primavera Airport	5.477600	-70.421200
LPF	Liupanshui Yuezhao Airport	26.609417	104.979000
LPG	La Plata Airport	-34.972200	-57.894700
LPI	Linköping City Airport	58.404909	15.684499
LPJ	Armando Schwarck Airport	6.577504	-66.816564
LPK	Lipetsk Airport	52.702801	39.537800
LPL	Liverpool John Lennon Airport	53.334863	-2.849637
LPM	Lamap Airport	-16.461123	167.829253
LPN	Leron Plains Airport	-6.391700	146.343400
LPO	La Porte Municipal Airport	41.572498	-86.734497
LPP	Lappeenranta Airport	61.044601	28.144743
LPQ	Luang Phabang International Airport	19.904273	102.167191
LPS	Lopez Island Airport	48.483898	-122.938004
LPT	Lampang Airport	18.270901	99.504204
LPU	Long Apung Airport	1.706932	114.969934
LPX	Liepāja International Airport	56.517502	21.096901
LPY	Le Puy-Loudes Airfield	45.080700	3.762890
LQK	Pickens County Airport	34.810001	-82.702904
LQM	Caucaya Airport	-0.182278	-74.770800
LQN	Qala-i-Naw Airport	34.985472	63.117404
LRA	Larissa Air Base	39.650253	22.465500
LRB	Leribe Airport	-28.855600	28.052799
LRD	Laredo International Airport	27.543800	-99.461601
LRE	Longreach Airport	-23.432020	144.277492
LRF	Little Rock Air Force Base	34.916901	-92.149696
LRG	Loralai Airport	30.355499	68.613503
LRH	La Rochelle Île de Ré Airport	46.179199	-1.195280
LRJ	Le Mars Municipal Airport	42.778000	-96.193703
LRL	Niamtougou International Airport	9.766675	1.090944
LRM	Casa De Campo International Airport	18.452222	-68.911111
LRQ	Laurie River Airport	56.248600	-101.304001
LRR	Lar Airport	27.674700	54.383301
LRS	Leros Airport	37.184898	26.800301
LRT	Lorient South Brittany (Bretagne Sud) Airport	47.760601	-3.440000
LRU	Las Cruces International Airport	32.289398	-106.921997
LRV	Los Roques Airport	11.946935	-66.668333
LSA	Losuia Airport	-8.505820	151.080994
LSB	Lordsburg Municipal Airport	32.333500	-108.692001
LSC	La Florida Airport	-29.916201	-71.199501
LSE	La Crosse Regional Airport	43.879002	-91.256699
LSF	Lawson Army Air Field	32.332546	-84.988003
LSG	Leshan Airport	29.438627	103.749218
LSH	Lashio Airport	22.977900	97.752197
LSI	Sumburgh Airport	59.878899	-1.295560
LSJ	Long Island Airport	-5.360400	147.017700
LSK	Lusk Municipal Airport	42.753799	-104.404999
LSL	Los Chiles Airport	11.035300	-84.706100
LSM	Long Semado Airport	4.217000	115.599998
LSN	Los Banos Municipal Airport	37.062901	-120.869003
LSO	Les Sables-d'Olonne Talmont Airport	46.476898	-1.722780
LSP	Josefa Camejo International Airport	11.780775	-70.151497
LSQ	María Dolores Airport	-37.401699	-72.425400
LSR	Alas Leuser Airport	3.391456	97.863726
LSS	Terre-de-Haut Airport	15.864400	-61.580601
LST	Launceston Airport	-41.544935	147.210785
LSU	Long Sukang Airport	4.552220	115.494003
LSV	Nellis Air Force Base	36.236198	-115.033997
LSW	Malikus Saleh Airport	5.226680	96.950302
LSX	Lhok Sukon Airport	5.069510	97.259201
LSY	Lismore Airport	-28.830689	153.258419
LSZ	Lošinj Airport	44.566985	14.393883
LTA	Tzaneen Airport	-23.824400	30.329300
LTC	Lai Airport	9.397900	16.312500
LTD	Ghadames Airport	30.145484	9.702095
LTF	Leitre Airport	-2.833700	141.625700
LTG	Langtang Airport	28.200001	85.583000
LTH	Long Thanh International Airport (Under Construction)	10.772842	107.040596
LTI	Altai Airport	46.376400	96.221100
LTK	Latakia International Airport	35.401100	35.948700
LTL	Lastourville Airport	-0.826667	12.748600
LTM	Lethem Airport	3.372760	-59.789398
LTN	London Luton Airport	51.874699	-0.368333
LTO	Loreto International Airport	25.989549	-111.348408
LTP	Lyndhurst Airport	-19.195801	144.371002
LTQ	Le Touquet-Côte d'Opale Airport	50.518284	1.621656
LTS	Altus Air Force Base	34.667099	-99.266701
LTT	La Môle Airport	43.205399	6.482000
LTU	Murod Kond Airport	18.411501	76.464699
LTV	Lotus Vale Airport	-17.048300	141.376007
LTW	St. Mary's County Regional Airport	38.315399	-76.550102
LTX	Cotopaxi International Airport	-0.906833	-78.615799
LUA	Tenzing-Hillary Airport	27.686768	86.729479
LUB	Lumid Pau Airport	2.393930	-59.441002
LUC	Laucala Island Airport	-16.748100	-179.667007
LUD	Luderitz Airport	-26.687401	15.242900
LUE	Lučenec Airfield	48.339401	19.735800
LUF	Luke Air Force Base	33.535000	-112.383003
LUG	Lugano Airport	46.004299	8.910580
LUH	Ludhiana Airport	30.854700	75.952599
LUI	Carta Airport	15.033192	-86.692334
LUK	Cincinnati Municipal Airport Lunken Field	39.102357	-84.418945
LUL	Hesler Noble Field	31.672600	-89.172203
LUM	Dehong Mangshi International Airport	24.401100	98.531700
LUN	Kenneth Kaunda International Airport	-15.330833	28.452722
LUO	Luena Airport	-11.768100	19.897699
LUP	Kalaupapa Airport	21.211000	-156.973999
LUQ	Brigadier Mayor D Cesar Raul Ojeda Airport	-33.273201	-66.356400
LUR	Cape Lisburne LRRS Airport	68.875099	-166.110001
LUT	New Laura Airport	-15.182758	144.345535
LUU	Laura Airport	-15.560495	144.451418
LUV	Karel Sadsuitubun Airport	-5.760278	132.759444
LUW	Syukuran Aminuddin Amir Airport	-1.035893	122.773934
LUX	Luxembourg-Findel International Airport	49.626845	6.212134
LUZ	Lublin Airport	51.240157	22.713461
LVA	Laval-Entrammes Airport	48.032208	-0.743999
LVD	Lime Village Airport	61.359100	-155.440002
LVI	Harry Mwanga Nkumbula International Airport	-17.821524	25.819642
LVK	Livermore Municipal Airport	37.693401	-121.820000
LVL	Brunswick Municipal Airport	36.774229	-77.793846
LVM	Mission Field	45.699402	-110.447998
LVO	Laverton Airport	-28.614267	122.428673
LVP	Lavan Airport	26.810742	53.354302
LVR	Municipal Bom Futuro Airport	-13.037861	-55.950250
LVS	Las Vegas Municipal Airport	35.654202	-105.141998
LWA	Lebak Rural Airport	6.673900	124.058100
LWB	Greenbrier Valley Airport	37.857914	-80.400438
LWC	Lawrence Municipal Airport	39.011200	-95.216599
LWE	Wonopito Airport	-8.361805	123.438554
LWH	Lawn Hill Airport	-18.574530	138.586106
LWI	Lowai Airport	-6.334400	146.645800
LWK	Lerwick / Tingwall Airport	60.192200	-1.243610
LWL	Wells Municipal Airport/Harriet Field	41.117100	-114.921997
LWM	Lawrence Municipal Airport	42.717201	-71.123398
LWN	Shirak International Airport	40.750401	43.859299
LWO	Lviv International Airport	49.812500	23.956100
LWR	Leeuwarden Air Base	53.228600	5.760560
LWS	Lewiston Nez Perce County Airport	46.374500	-117.014999
LWT	Lewistown Municipal Airport	47.048429	-109.466143
LWV	Lawrenceville Vincennes International Airport	38.764301	-87.605499
LWY	Lawas Airport	4.849170	115.407997
LXA	Lhasa Gonggar International Airport	29.298001	90.911951
LXG	Luang Namtha Airport	20.966999	101.400002
LXN	Jim Kelly Field	40.791000	-99.777298
LXR	Luxor International Airport	25.671018	32.706446
LXS	Limnos Airport	39.917099	25.236300
LXU	Lukulu Airport	-14.375891	23.248648
LXV	Lake County Airport	39.220299	-106.317001
LYA	Luoyang Beijiao Airport	34.741100	112.388000
LYB	Edward Bodden Little Cayman Airfield	19.660161	-80.088826
LYC	Lycksele Airport	64.548302	18.716200
LYG	Lianyungang Huaguoshan International Airport	34.414060	119.178990
LYH	Lynchburg Regional Airport - Preston Glenn Field	37.326698	-79.200401
LYI	Linyi Qiyang Airport	35.052918	118.411828
LYK	Lunyuk Airport	-8.989931	117.216018
LYN	Lyon Bron Airport	45.727947	4.943991
LYO	Lyons-Rice County Municipal Airport	38.339481	-98.228702
LYP	Faisalabad International Airport	31.364923	72.995319
LYR	Svalbard Airport, Longyear	78.246101	15.465600
LYS	Lyon Saint-Exupéry Airport	45.725996	5.090139
LYT	Lady Elliot Island Airstrip	-24.112900	152.715600
LYU	Ely Municipal Airport	47.824501	-91.830704
LYX	Lydd London Ashford Airport	50.956246	0.939074
LZA	Luiza Airport	-7.189971	22.392540
LZC	Lázaro Cárdenas Airport	18.001672	-102.220316
LZG	Langzhong Gucheng Airport	31.501910	106.034417
LZH	Liuzhou Bailian Airport / Bailian Air Base	24.207500	109.390999
LZI	Luozi Airport	-4.943881	14.123337
LZM	Luzamba Airport	-9.115960	18.049299
LZN	Matsu Nangan Airport	26.159656	119.958376
LZO	Luzhou Yunlong Airport	29.030357	105.468407
LZR	Lizard Island Airport	-14.673273	145.454571
LZU	Gwinnett County Briscoe Field	33.978100	-83.962402
LZY	Nyingchi Mainling Airport	29.303301	94.335297
MAA	Chennai International Airport	12.990005	80.169296
MAB	João Correa da Rocha Airport	-5.368590	-49.138000
MAC	Macon Downtown Airport	32.822102	-83.561996
MAD	Adolfo Suárez Madrid–Barajas Airport	40.493407	-3.572249
MAE	Madera Municipal Airport	36.988602	-120.112000
MAF	Midland International Air and Space Port	31.942499	-102.202003
MAG	Madang Airport	-5.207080	145.789001
MAH	Menorca Airport	39.862598	4.218650
MAJ	Marshall Islands International Airport	7.065110	171.271656
MAK	Malakal International Airport	9.558739	31.651937
MAL	Mangole Airport, Falabisahaya	-1.782255	125.482246
MAM	General Servando Canales International Airport	25.769899	-97.525299
MAN	Manchester Airport	53.349375	-2.279521
MAO	Eduardo Gomes International Airport	-3.038610	-60.049702
MAP	Mamai Airport	-10.290833	149.519167
MAQ	Mae Sot Airport	16.699900	98.545097
MAR	La Chinita International Airport	10.557542	-71.729307
MAS	Momote Airport	-2.061890	147.423996
MAT	Tshimpi Airport	-5.799610	13.440400
MAU	Maupiti Airport	-16.426500	-152.244003
MAV	Maloelap Island Airport	8.704440	171.229996
MAW	Malden Regional Airport	36.600601	-89.992203
MAX	Ouro Sogui Airport	15.593600	-13.322800
MAY	Clarence A. Bain Airport	24.287701	-77.684601
MAZ	Eugenio Maria De Hostos Airport	18.255699	-67.148499
MBA	Moi International Airport	-4.034830	39.594200
MBB	Marble Bar Airport	-21.163300	119.833000
MBC	M'Bigou Airport	-1.893056	11.912500
MBD	Mmabatho International Airport	-25.798401	25.548000
MBE	Monbetsu Airport	44.303902	143.404007
MBF	Porepunkah Airport	-36.717731	146.890039
MBG	Mobridge Municipal Airport	45.546501	-100.407997
MBH	Maryborough Airport	-25.513528	152.713603
MBI	Songwe Airport	-8.919942	33.273981
MBJ	Sangster International Airport	18.503420	-77.913230
MBK	Orlando Villas Boas Regional Airport	-10.170368	-54.953964
MBL	Manistee County Blacker Airport	44.272707	-86.246495
MBM	Mkambati Airport	-31.284900	29.988400
MBN	Mount Barnett Airport	-16.741453	125.905608
MBO	Mamburao Airport	13.208048	120.605457
MBP	Moyobamba Airport	-6.018889	-76.988327
MBQ	Mbarara Airport	-0.555278	30.599400
MBS	MBS International Airport	43.533181	-84.083104
MBT	Moises R. Espinosa Airport	12.369682	123.630095
MBU	Babanakira Airport	-9.747500	159.839005
MBV	Masa Airport	-6.345000	147.591000
MBW	Melbourne Moorabbin Airport	-37.977765	145.099799
MBX	Maribor Edvard Rusjan Airport	46.479900	15.686100
MBY	Omar N Bradley Airport	39.464393	-92.428365
MBZ	Maués Airport	-3.372170	-57.724800
MCA	Macenta Airport	8.481456	-9.526048
MCB	McComb-Pike County Airport / John E Lewis Field	31.178499	-90.471901
MCC	McClellan Airfield	38.667599	-121.401001
MCD	Mackinac Island Airport	45.864899	-84.637299
MCE	Merced Regional Macready Field	37.284698	-120.514000
MCF	MacDill Air Force Base	27.849300	-82.521202
MCG	McGrath Airport	62.952900	-155.606003
MCI	Kansas City International Airport	39.301699	-94.713893
MCJ	Jorge Isaac Airport	11.232500	-72.490100
MCK	McCook Ben Nelson Regional Airport	40.207787	-100.592794
MCL	Denali National Park Airport	63.732465	-148.911266
MCN	Middle Georgia Regional Airport	32.692799	-83.649200
MCO	Orlando International Airport	28.429399	-81.308998
MCP	Macapá - Alberto Alcolumbre International Airport	0.050664	-51.072201
MCS	Monte Caseros Airport	-30.271900	-57.640200
MCT	Muscat International Airport	23.600218	58.285268
MCU	Montluçon-Guéret Airport	46.222599	2.363960
MCV	McArthur River Mine Airport	-16.442499	136.084000
MCW	Mason City Municipal Airport	43.159801	-93.329716
MCX	Makhachkala Uytash International Airport	42.816799	47.652302
MCY	Sunshine Coast Airport	-26.593324	153.083190
MCZ	Zumbi dos Palmares International Airport	-9.512559	-35.791839
MDB	Melinda Airport	16.998419	-88.318191
MDC	Sam Ratulangi International Airport	1.548591	124.926250
MDD	Midland Airpark	32.036499	-102.100998
MDE	Jose Maria Córdova International Airport	6.164540	-75.423100
MDF	Taylor County Airport	45.101002	-90.303299
MDG	Mudanjiang Hailang International Airport	44.525172	129.568634
MDH	Southern Illinois Airport	37.778099	-89.251999
MDI	Makurdi Airport	7.703880	8.613940
MDJ	Madras Municipal Airport	44.670200	-121.154999
MDK	Mbandaka Airport	0.022600	18.288700
MDL	Mandalay International Airport	21.702200	95.977898
MDM	Munduku Airport	-4.620400	143.451600
MDN	Madison Regional Airport	38.758900	-85.465500
MDO	Middleton Island Airport	59.449902	-146.307007
MDP	Mindiptana Airport	-5.876929	140.709460
MDQ	Ástor Piazzola International Airport	-37.934200	-57.573300
MDR	Musiara Airstrip	-1.298636	35.063885
MDS	Middle Caicos Airport	21.826020	-71.802500
MDT	Harrisburg International Airport	40.192838	-76.762333
MDU	Mendi Airport	-6.147740	143.656998
MDV	Médouneu Airport	1.008500	10.755200
MDW	Chicago Midway International Airport	41.785999	-87.752403
MDX	Mercedes Airport	-29.221399	-58.087799
MDY	Henderson Field	28.201700	-177.380997
MDZ	Governor Francisco Gabrielli International Airport	-32.831699	-68.792900
MEA	Macaé Benedito Lacerda Airport	-22.343000	-41.765999
MEB	Melbourne Essendon Airport	-37.728100	144.901993
MEC	Eloy Alfaro International Airport	-0.946078	-80.678802
MED	Prince Mohammad Bin Abdulaziz Airport	24.553400	39.705101
MEE	Maré Airport	-21.482438	168.038465
MEF	Melfi Airport	11.060192	17.944495
MEG	Malanje Airport	-9.525090	16.312401
MEH	Mehamn Airport	71.029701	27.826700
MEI	Key Field / Meridian Regional Airport	32.332600	-88.751900
MEJ	Port Meadville Airport	41.626499	-80.214699
MEK	Bassatine Airport	33.879101	-5.515120
MEL	Melbourne Airport	-37.670732	144.837898
MEM	Frederick W. Smith International Airport	35.043845	-89.976340
MEN	Mende-Brenoux Airfield	44.502102	3.532820
MEO	Dare County Regional Airport	35.918790	-75.695662
MEP	Mersing Airport	2.389148	103.874183
MEQ	Cut Nyak Dhien Airport	4.040998	96.253312
MER	Castle Airport	37.380501	-120.568001
MES	Soewondo Air Force Base	3.558425	98.672275
MET	Moreton Airport	-12.444200	142.638000
MEU	Monte Dourado - Serra do Areão Airport	-0.889839	-52.602200
MEV	Minden-Tahoe Airport	39.000301	-119.751000
MEW	Mweka Airport	-4.855027	21.541786
MEX	Mexico City Benito Juárez International Airport	19.435822	-99.070330
MEY	Meghauli Airport	27.577400	84.228750
MEZ	Musina(Messina) Airport	-22.355672	29.986200
MFA	Mafia Airport	-7.917478	39.668502
MFB	Monfort Airport	0.633333	-69.750000
MFC	Mafeteng Airport	-29.801100	27.243601
MFD	Mansfield Lahm Regional Airport	40.821400	-82.516602
MFE	McAllen Miller International Airport	26.176141	-98.237965
MFF	Moanda Airport	-1.526558	13.251332
MFG	Muzaffarabad Airport	34.338835	73.508886
MFH	Mesquite Airport	36.833105	-114.055928
MFI	Marshfield Municipal Airport	44.636902	-90.189301
MFJ	Moala Airport	-18.566700	179.951004
MFK	Matsu Beigan Airport	26.224140	120.002679
MFL	Mount Full Stop Airport	-19.670000	144.885200
MFM	Macau International Airport	22.149599	113.592003
MFN	Milford Sound Airport	-44.673302	167.923004
MFO	Manguna Airport	-5.577778	151.792333
MFP	Manners Creek Airport	-22.100000	137.983002
MFQ	Maradi Airport	13.502500	7.126750
MFR	Rogue Valley International-Medford Airport	42.374199	-122.873001
MFS	Miraflores Airport	1.350000	-71.944400
MFU	Mfuwe International Airport	-13.258900	31.936600
MFV	Accomack County Airport	37.646900	-75.761101
MFX	Méribel Altiport	45.407505	6.577597
MFZ	Meselia Airport	-6.136400	149.118300
MGA	Augusto C. Sandino (Managua) International Airport	12.141500	-86.168198
MGB	Mount Gambier Airport	-37.744382	140.780561
MGC	Michigan City Municipal Airport	41.703300	-86.821198
MGD	Magdalena Airport	-13.260748	-64.060764
MGE	Dobbins Air Reserve Base	33.915401	-84.516296
MGF	Regional de Maringá - Sílvio Name Júnior Airport	-23.476060	-52.016187
MGH	Margate Airport	-30.857401	30.343000
MGI	National Wildlife Refuge Airport	28.323000	-96.464000
MGJ	Orange County Airport	41.509998	-74.264603
MGK	Mong Tong Airport	20.296700	98.898903
MGL	Mönchengladbach Airport	51.230278	6.504444
MGM	Montgomery Regional (Dannelly Field) Airport	32.300598	-86.393997
MGN	Baracoa Airport	9.284740	-74.846100
MGP	Manga Airport	-4.147000	153.018600
MGQ	Aden Adde International Airport	2.014440	45.304699
MGR	Moultrie Municipal Airport	31.084900	-83.803299
MGS	Mangaia Island Airport	-21.895987	-157.906662
MGT	Milingimbi Airport	-12.094400	134.893997
MGU	Manaung Airport	18.845800	93.688904
MGV	Margaret River (Station) Airport	-18.621700	126.883003
MGW	Morgantown Municipal Airport Walter L. (Bill) Hart Field	39.643305	-79.917598
MGX	Moabi Airport	-2.455187	10.935800
MGY	Dayton-Wright Brothers Airport	39.589001	-84.224899
MGZ	Myeik Airport	12.439800	98.621498
MHA	Mahdia Airport	5.272845	-59.149296
MHC	Mocopulli Airport	-42.340388	-73.715693
MHD	Mashhad International Airport	36.234821	59.642949
MHE	Mitchell Municipal Airport	43.774799	-98.038597
MHF	Morichal Airport	1.750000	-69.916667
MHG	Mannheim-City Airport	49.473057	8.514167
MHH	Leonard M. Thompson International Airport	26.510711	-77.084262
MHI	Moucha Airport	11.729750	43.209559
MHK	Manhattan Regional Airport	39.140999	-96.670799
MHL	Marshall Memorial Municipal Airport	39.095798	-93.202904
MHM	Manaoba Airport	-8.325008	160.800510
MHN	Hooker County Airport	42.042155	-101.059113
MHO	Mount House Airport	-17.051917	125.712491
MHQ	Mariehamn Airport	60.122200	19.898199
MHR	Sacramento Mather Airport	38.554744	-121.297989
MHS	Dunsmuir Muni-Mott Airport	41.263199	-122.272003
MHT	Manchester-Boston Regional Airport	42.932598	-71.435699
MHU	Mount Hotham Airport	-37.047501	147.334000
MHV	Mojave Air & Space Port	35.056391	-118.145342
MHW	Monteagudo Airport	-19.827000	-63.960999
MHX	Manihiki Island Airport	-10.380910	-160.999424
MHY	Morehead Airport	-8.714111	141.644444
MHZ	RAF Mildenhall	52.361900	0.486406
MIA	Miami International Airport	25.796011	-80.289751
MIB	Minot Air Force Base	48.415600	-101.358002
MIC	Crystal Airport	45.062000	-93.353897
MID	Manuel Crescencio Rejón International Airport	20.930485	-89.645462
MIE	Delaware County Johnson Field	40.242298	-85.395897
MIF	Roy Hurd Memorial Airport	31.582500	-102.908997
MIG	Mianyang Nanjiao Airport	31.428101	104.740997
MIH	Mitchell Plateau Airport	-14.790817	125.825729
MII	Frank Miloye Milenkowichi–Marília State Airport	-22.196899	-49.926485
MIJ	Mili Island Airport	6.084754	171.731419
MIK	Mikkeli Airport	61.686600	27.201799
MIM	Merimbula Airport	-36.908600	149.901001
MIN	Minnipa Airport	-32.843300	135.145004
MIO	Miami Municipal Airport	36.909199	-94.887497
MIP	Mitzpe Ramon Airfield	30.650600	34.806900
MIQ	Millard Airport	41.195877	-96.112107
MIR	Monastir Habib Bourguiba International Airport	35.758099	10.754700
MIS	Misima Island Airport	-10.689200	152.837997
MIT	Shafter Airport - Minter Field	35.507401	-119.192002
MIU	Maiduguri International Airport	11.854163	13.080702
MIV	Millville Municipal Airport	39.367802	-75.072197
MIW	Marshalltown Municipal Airport	42.112701	-92.917801
MIX	Miriti Parana Airport	-0.886017	-70.983446
MIY	Mittebah Airport	-18.809300	137.081500
MIZ	Mainoru Airstrip	-14.053300	134.094200
MJA	Manja Airport	-21.426105	44.316509
MJB	Mejit Atoll Airport	10.283302	170.869000
MJC	Man Airport	7.272070	-7.587360
MJD	Moenjodaro Airport	27.335199	68.143097
MJE	Majkin Airport	8.163362	168.173862
MJF	Mosjøen Airport, Kjærstad	65.783997	13.214900
MJG	Mayajigua Airport	22.230801	-79.062202
MJI	Mitiga International Airport	32.891770	13.287878
MJJ	Moki Airport	-5.718100	145.240400
MJK	Shark Bay Airport	-25.897294	113.575802
MJL	Mouilla Ville Airport	-1.845140	11.056700
MJM	Mbuji Mayi Airport	-6.121240	23.569000
MJN	Amborovy Airport	-15.666842	46.351233
MJO	Mount Etjo Airport	-21.023300	16.452801
MJP	Manjimup Airport	-34.265301	116.139999
MJQ	Jackson Municipal Airport	43.650002	-94.986504
MJR	Miramar Airport	-38.227100	-57.869700
MJS	Maganja da Costa Airport	-17.308700	37.500000
MJT	Mytilene International Airport	39.057406	26.598629
MJU	Tampa Padang Airport	-2.590017	119.025051
MJW	Mahenye Airport	-21.231000	32.333600
MJX	Ocean County Airport	39.927502	-74.292397
MJY	Motygino Airport	58.180921	94.745272
MJZ	Mirny Airport	62.534698	114.039001
MKB	Mekambo Airport	0.976706	13.968462
MKC	Charles B. Wheeler Downtown Airport	39.123199	-94.592796
MKE	General Mitchell International Airport	42.947201	-87.896599
MKG	Muskegon County Airport	43.169498	-86.238197
MKH	Mokhotlong Airport	-29.281799	29.072800
MKI	M'Boki Airport	5.333010	25.931900
MKJ	Makoua Airport	-0.020842	15.577746
MKK	Molokai Airport	21.152901	-157.095993
MKL	McKellar-Sipes Regional Airport	35.599899	-88.915604
MKM	Mukah Airport	2.881944	112.043333
MKN	Malekolon Airport	-4.023431	153.657278
MKO	Muskogee-Davis Regional Airport	35.656502	-95.366699
MKP	Makemo Airport	-16.583900	-143.658005
MKQ	Mopah International Airport	-8.523898	140.419693
MKR	Meekatharra Airport	-26.611700	118.547997
MKS	Mekane Selam Airport	10.725400	38.741500
MKT	Mankato Regional Airport	44.224781	-93.919128
MKU	Makokou Airport	0.579211	12.890900
MKW	Rendani Airport	-0.891833	134.048996
MKY	Mackay Airport	-21.170816	149.182588
MKZ	Malacca International Airport	2.265613	102.252778
MLA	Malta International Airport	35.845932	14.491546
MLB	Melbourne Orlando International Airport	28.102009	-80.641088
MLC	Mc Alester Regional Airport	34.882401	-95.783501
MLD	Malad City Airport	42.166599	-112.296997
MLE	Velana International Airport	4.191830	73.529099
MLF	Milford Municipal-Ben and Judy Briscoe Field	38.426601	-113.012001
MLG	Abdul Rachman Saleh Airport	-7.929099	112.714233
MLI	Quad City International Airport	41.448502	-90.507500
MLJ	Baldwin County Regional Airport	33.154202	-83.240701
MLK	Malta Airport	48.366901	-107.918999
MLL	Marshall Don Hunter Sr Airport	61.864300	-162.026001
MLM	General Francisco J. Mujica International Airport	19.849899	-101.025002
MLN	Melilla Airport	35.279800	-2.956260
MLO	Milos Airport	36.696899	24.476900
MLP	Malabang Airport	7.616911	124.057961
MLQ	Malalaua Airport	-8.071389	146.155472
MLR	Millicent Airport	-37.583599	140.365997
MLS	Miles City Airport - Frank Wiley Field	46.427268	-105.885372
MLT	Millinocket Municipal Airport	45.647800	-68.685600
MLU	Monroe Regional Airport	32.510899	-92.037697
MLV	Merluna Airport	-13.064900	142.453600
MLW	Spriggs Payne Airport	6.289060	-10.758700
MLX	Malatya Erhaç Airport	38.435299	38.091000
MLY	Manley Hot Springs Airport	64.991880	-150.644102
MLZ	Cerro Largo International Airport	-32.337898	-54.216702
MMB	Memanbetsu Airport	43.880600	144.164001
MMC	Ciudad Mante Los Huastecas National Airport	22.738957	-99.018516
MMD	Minamidaito Airport	25.846500	131.263000
MME	Teesside International Airport	54.509201	-1.429410
MMF	Mamfe Airport	5.704170	9.306390
MMG	Mount Magnet Airport	-28.116100	117.842003
MMH	Mammoth Yosemite Airport	37.625381	-118.843060
MMI	McMinn County Airport	35.397301	-84.562599
MMJ	Shinshu-Matsumoto Airport	36.166801	137.923004
MMK	Emperor Nicholas II Murmansk Airport	68.781700	32.750801
MML	Southwest Minnesota Regional Airport - Marshall/Ryan Field	44.450500	-95.821899
MMM	Middlemount Airport	-22.801444	148.706796
MMN	Minute Man Air Field	42.460298	-71.519031
MMO	Maio Airport	15.155900	-23.213699
MMP	San Bernardo Airport	9.258348	-74.438393
MMQ	Mbala Airport	-8.859170	31.336399
MMS	Selfs Airport	34.231499	-90.289597
MMT	Mc Entire Joint National Guard Base	33.920799	-80.801300
MMU	Morristown Municipal Airport	40.799062	-74.414949
MMV	Mal Airport	-1.391390	144.171310
MMX	Malmö Sturup Airport	55.535564	13.376327
MMY	Miyako Airport	24.782801	125.294998
MMZ	Maymana Zahiraddin Faryabi Airport	35.930801	64.760902
MNA	Melangguane Airport	4.010334	126.673192
MNB	Muanda Airport	-5.930637	12.351334
MNC	Nacala International Airport	-14.488200	40.712200
MND	Medina Airport	4.483687	-73.344739
MNE	Mungeranie Airport	-28.009199	138.656998
MNF	Mana Island Airport	-17.672844	177.098500
MNG	Maningrida Airport	-12.056100	134.233994
MNH	Mussanah Airport	23.640556	57.487500
MNI	John A. Osborne Airport	16.791835	-62.193204
MNJ	Mananjary Airport	-21.201799	48.358299
MNK	Maiana Airport	1.003610	173.031006
MNL	Ninoy Aquino International Airport	14.508600	121.019997
MNM	Menominee–Marinette Twin County Airport	45.126701	-87.638397
MNN	Marion Municipal Airport	40.616199	-83.063499
MNO	Manono Airport	-7.288890	27.394400
MNP	Maron Island Airport	-1.550403	145.017504
MNQ	Monto Airport	-24.892267	151.101787
MNR	Mongu Airport	-15.254500	23.162300
MNS	Mansa Airport	-11.137000	28.872601
MNT	Minto Al Wright Airport	65.147991	-149.368658
MNU	Mawlamyine Airport	16.444700	97.660698
MNV	Mount Valley Airport	-14.083300	133.817001
MNW	Macdonald Downs Airport	-22.444000	135.199005
MNX	Manicoré Airport	-5.811380	-61.278301
MNY	Mono Airport	-7.416940	155.565002
MNZ	Washington Manassas Harry P. Davis Field	38.723021	-77.515422
MOA	Orestes Acosta Airport	20.653900	-74.922203
MOB	Mobile Regional Airport	30.691200	-88.242798
MOC	Mário Ribeiro Airport	-16.706919	-43.818901
MOD	Modesto City Co-Harry Sham Field	37.625801	-120.954002
MOE	Momeik Airport	23.092501	96.645302
MOF	Frans Xavier Seda Airport	-8.639514	122.238135
MOG	Mong Hsat Airport	20.516800	99.256798
MOH	Maleo Airport	-2.201143	121.662884
MOI	Mitiaro Island Airport	-19.842501	-157.703003
MOJ	Moengo Airstrip	5.607600	-54.400300
MOK	Muynak Airport	43.753636	59.029884
MOL	Molde Airport, Årø	62.744701	7.262500
MOM	Letfotar Airport	17.750000	-12.500000
MON	Mount Cook Airport	-43.764999	170.132996
MOO	Moomba Airport	-28.099400	140.197006
MOP	Mount Pleasant Municipal Airport	43.621700	-84.737503
MOQ	Morondava Airport	-20.284700	44.317600
MOR	Morristown Regional Airport	36.179401	-83.375504
MOS	Moses Point Airport	64.694116	-162.060699
MOT	Minot International Airport	48.258010	-101.279123
MOU	Mountain Village Airport	62.095402	-163.682007
MOV	Moranbah Airport	-22.057800	148.076996
MOX	Morris Municipal Airport Charlie Schmidt Field	45.566002	-95.967201
MOY	Monterrey Airport	4.906926	-72.894809
MOZ	Moorea Temae Airport	-17.489790	-149.761777
MPA	Katima Mulilo Airport	-17.634258	24.176688
MPC	Muko Muko Airport	-2.541058	101.087651
MPD	Sindhri Tharparkar Airport	25.682800	69.072800
MPF	Mapoda Airport	-7.979000	143.169400
MPG	Makini Airport	-6.532222	147.651167
MPH	Godofredo P. Ramos Airport	11.924500	121.954002
MPI	Mamitupu Airport	9.185100	-77.984100
MPJ	Petit Jean Park Airport	35.138901	-92.909202
MPL	Montpellier-Méditerranée Airport	43.576199	3.963010
MPM	Maputo Airport	-25.920799	32.572601
MPN	Mount Pleasant Airport / RAF Mount Pleasant	-51.822642	-58.445777
MPO	Pocono Mountains Municipal Airport	41.136025	-75.379572
MPP	Mulatupo Airport	8.945487	-77.733486
MPR	Mc Pherson Airport	38.352402	-97.691299
MPS	Mount Pleasant Regional Airport	33.095501	-94.961502
MPT	Maliana Airport	-8.972240	125.214996
MPU	Mapua(Mabua) Airport	-2.811389	151.991111
MPV	Edward F Knapp State Airport	44.203499	-72.562302
MPW	Mariupol International Airport	47.076099	37.449600
MPX	Miyanmin Airport	-4.903056	141.620833
MPY	Maripasoula Airport	3.655907	-54.039431
MPZ	Mount Pleasant Municipal Airport	40.946602	-91.511101
MQA	Mandora Airport	-19.737990	120.838180
MQB	Macomb Municipal Airport	40.520100	-90.652397
MQC	Miquelon Airport	47.095501	-56.380299
MQD	Maquinchao Airport	-41.243099	-68.707802
MQE	Marqua Airport	-22.805799	137.251007
MQF	Magnitogorsk International Airport	53.391991	58.755235
MQG	Midgard Airport	-22.010600	17.370000
MQH	Minaçu Airport	-13.549100	-48.195301
MQJ	Moma Airport	66.450861	143.261551
MQK	San Matías Airport	-16.339199	-58.401901
MQL	Mildura Airport	-34.229198	142.085999
MQM	Mardin Airport	37.223301	40.631699
MQN	Mo i Rana Airport, Røssvoll	66.363899	14.301400
MQO	Malam Airport	-8.709167	142.649722
MQP	Kruger Mpumalanga International Airport	-25.383327	31.105325
MQQ	Moundou Airport	8.628503	16.074241
MQR	Mosquera Airport	2.649550	-78.336100
MQS	Mustique Airport	12.887900	-61.180199
MQT	Marquette Sawyer Regional Airport	46.351498	-87.395884
MQU	Mariquita Airport	5.212560	-74.883600
MQV	Mostaganem Airport	35.905180	0.144539
MQW	Telfair Wheeler Airport	32.095798	-82.879997
MQX	Mekele Alula Aba Nega Airport	13.467400	39.533501
MQY	Smyrna Airport	36.008999	-86.520103
MQZ	Margaret River Airport	-33.930599	115.099998
MRA	Misrata International Airport	32.325001	15.061000
MRB	Eastern WV Regional Airport/Shepherd Field	39.401901	-77.984596
MRC	Maury County Airport	35.554100	-87.178902
MRD	Alberto Carnevalli Airport	8.582078	-71.161041
MRE	Mara Serena Lodge Airstrip	-1.404588	35.008349
MRF	Marfa Municipal Airport	30.369593	-104.015893
MRG	Mareeba Airport	-17.070277	145.424228
MRH	May River Airstrip	-4.361500	141.785000
MRI	Merrill Field	61.212792	-149.843988
MRK	Marco Island Executive Airport	25.995001	-81.672501
MRM	Manari Airport	-9.190800	147.621900
MRN	Foothills Regional Airport	35.820202	-81.611397
MRO	Hood Airport	-40.974634	175.634540
MRP	Marla Airport	-27.334298	133.627696
MRQ	Marinduque Airport	13.361000	121.825996
MRR	Jose Maria Velasco Ibarra Airport	-4.378230	-79.941002
MRS	Marseille Provence Airport	43.438088	5.212500
MRT	Moroak Airport	-14.818133	133.700594
MRU	Sir Seewoosagur Ramgoolam International Airport	-20.430201	57.683601
MRV	Mineralnye Vody Airport	44.225101	43.081902
MRW	Lolland Falster Maribo Airport	54.699447	11.438163
MRX	Mahshahr Airport	30.556200	49.151901
MRY	Monterey Regional Airport	36.586777	-121.844183
MRZ	Moree Airport	-29.498899	149.845001
MSA	Muskrat Dam Airport	53.441399	-91.762802
MSC	Falcon Field	33.460800	-111.727997
MSF	Mount Swan Airport	-22.624696	135.034512
MSG	Matsaile Airport	-29.840562	28.776680
MSH	RAFO Masirah	20.675400	58.890499
MSI	Masalembo Airport	-5.583330	114.432999
MSJ	Misawa Airport / Misawa Air Base	40.703201	141.367996
MSK	Morelia Airport	3.750453	-71.456137
MSL	Northwest Alabama Regional Airport	34.745123	-87.612981
MSM	Masi Manimba Airport	-4.783000	17.850000
MSN	Dane County Regional Truax Field	43.139900	-89.337502
MSO	Missoula Montana Airport	46.915816	-114.091107
MSP	Minneapolis–Saint Paul International Airport / Wold–Chamberlain Field	44.880081	-93.221741
MSQ	Minsk National Airport	53.888071	28.039964
MSR	Muş Airport	38.747799	41.661201
MSS	Massena International Airport Richards Field	44.936157	-74.844304
MST	Maastricht Aachen Airport	50.911087	5.769401
MSU	Moshoeshoe I International Airport	-29.456277	27.554456
MSV	Sullivan County International Airport	41.701596	-74.794997
MSW	Massawa International Airport	15.670000	39.370098
MSX	Mossendjo Airport	-2.950000	12.700000
MSY	Louis Armstrong New Orleans International Airport	29.993401	-90.264673
MSZ	Welwitschia Mirabilis International Airport	-15.261200	12.146800
MTA	Matamata Glider Airport	-37.734402	175.742004
MTB	Montelibano Airport	7.971740	-75.432500
MTC	Selfridge Air National Guard Base Airport	42.613463	-82.836919
MTD	Mount Sanford Station Airport	-16.978300	130.554993
MTE	Monte Alegre Airport	-1.995800	-54.074200
MTF	Mizan Teferi Airport	6.957100	35.554700
MTG	Vila Bela da Santíssima Trindade Airport	-14.995499	-59.945662
MTH	Florida Keys Marathon International Airport	24.726006	-81.051380
MTI	Mosteiros Airport	15.045000	-24.339199
MTJ	Montrose Regional Airport	38.509800	-107.893997
MTK	Makin Island Airport	3.374440	172.992004
MTL	Maitland Airport	-32.701265	151.492912
MTN	Martin State Airport	39.325699	-76.413803
MTO	Coles County Memorial Airport	39.477901	-88.279198
MTP	Montauk Airport	41.076500	-71.920797
MTQ	Mitchell Airport	-26.483299	147.936996
MTR	Los Garzones Airport	8.823740	-75.825800
MTS	Matsapha International Airport	-26.528919	31.307577
MTT	Minatitlán/Coatzacoalcos International Airport	18.103399	-94.580704
MTU	Montepuez Airport	-13.121900	39.052799
MTV	Mota Lava Airport	-13.666000	167.712006
MTW	Manitowoc County Airport	44.127116	-87.681983
MTX	Metro Field	64.806801	-147.761993
MTY	Monterrey International Airport	25.778521	-100.106989
MTZ	Bar Yehuda Airfield	31.328199	35.388599
MUA	Munda Airport	-8.327970	157.263000
MUB	Maun International Airport	-19.970491	23.431409
MUC	Munich Airport	48.353802	11.786100
MUD	Mueda Airport	-11.672900	39.563099
MUE	Waimea Kohala Airport	20.001301	-155.667999
MUG	Mulege Airport	26.905347	-111.970725
MUH	Mersa Matruh International Airport	31.324313	27.222270
MUI	Muir Army Air Field (Fort Indiantown Gap) Airport	40.435214	-76.568661
MUJ	Mui River Airport	5.864600	35.748500
MUK	Mauke Airport	-20.136101	-157.345001
MUL	Spence Airport	31.141569	-83.703718
MUM	Muli Airport	2.911389	73.583611
MUN	José Tadeo Monagas International Airport	9.749023	-63.153348
MUO	Mountain Home Air Force Base	43.043598	-115.872002
MUP	Mulga Park Airport	-25.860001	131.649994
MUQ	Muccan Station Airport	-20.658899	120.067001
MUR	Marudi Airport	4.178734	114.330318
MUS	JMSDF Minami Torishima Air Base	24.289700	153.979004
MUT	Muscatine Municipal Airport	41.367803	-91.148201
MUU	Barra Grande Airport	-13.906082	-38.940804
MUW	Ghriss Airport	35.207699	0.147142
MUX	Multan International Airport	30.203199	71.419098
MUY	Mouyondzi Airport	-4.014874	13.966112
MUZ	Musoma Airport	-1.503000	33.802100
MVA	Mývatn Airport	65.655800	-16.918100
MVB	M'Vengue El Hadj Omar Bongo Ondimba International Airport	-1.656160	13.438000
MVC	Monroe County Aeroplex Airport	31.458000	-87.350996
MVD	Carrasco General Cesáreo L. Berisso International Airport	-34.835647	-56.026497
MVE	Montevideo Chippewa County Airport	44.969101	-95.710297
MVF	Dix-Sept Rosado Airport	-5.201920	-37.364300
MVK	Mulka Airport	-28.347799	138.649994
MVL	Morrisville-Stowe State Airport	44.534599	-72.613998
MVM	Kayenta Airport	36.716444	-110.228444
MVN	Mount Vernon Outland Airport	38.322774	-88.859257
MVO	Mongo Airport	12.170480	18.675642
MVP	Fabio Alberto Leon Bentley Airport	1.253660	-70.233900
MVQ	Mogilev Airport	53.954899	30.095100
MVR	Salak Airport	10.451400	14.257400
MVS	Mucuri Airport	-18.048901	-39.864321
MVT	Mataiva Airport	-14.868100	-148.716995
MVU	Musgrave Airport	-14.775700	143.504700
MVV	Megève Altiport	45.823005	6.649406
MVW	Skagit Regional Airport	48.470901	-122.420998
MVX	Minvoul Airport	2.152413	12.108044
MVY	Martha's Vineyard Airport	41.393101	-70.614304
MVZ	Masvingo International Airport	-20.055300	30.859100
MWA	Veterans Airport of Southern Illinois	37.751208	-89.016568
MWB	Morawa Airport	-29.201700	116.022003
MWC	Lawrence J Timmerman Airport	43.110401	-88.034401
MWD	Mianwali Air Base	32.563099	71.570702
MWE	Merowe Airport	18.443333	31.843333
MWF	Maewo-Naone Airport	-14.997222	168.081111
MWG	Marawaka Airport	-6.973600	145.884900
MWH	Grant County International Airport	47.207699	-119.320000
MWI	Maramuni Airport	-5.130000	143.482900
MWJ	Matthews Ridge Airport	7.487736	-60.185237
MWK	Matak Airport	3.348120	106.258003
MWL	Mineral Wells Regional Airport	32.781601	-98.060204
MWM	Windom Municipal Airport	43.913399	-95.109398
MWN	Mwadui Airport	-3.521332	33.615542
MWO	Middletown Regional Airport	39.530998	-84.395302
MWQ	Magway Airport	20.165600	94.941399
MWR	Motswari Airport	-24.190300	31.386400
MWS	Indonesia Morowali Industrial Park (IMIP) Airport	-2.799322	122.141385
MWT	Moolawatana Airport	-29.906900	139.765000
MWU	Mussau Airport	-1.450000	149.700000
MWV	Mondulkiri Airport	12.464562	107.188039
MWX	Muan International Airport	34.991406	126.382814
MWY	Miranda Downs Airport	-17.328899	141.886002
MWZ	Mwanza International Airport	-2.446563	32.936049
MXA	Manila Municipal Airport	35.894402	-90.154602
MXB	Andi Jemma Airport	-2.558031	120.324342
MXC	Monticello Airport	37.932430	-109.341225
MXD	Marion Downs Airport	-23.363702	139.649663
MXE	Laurinburg Maxton Airport	34.791901	-79.365799
MXF	Maxwell Air Force Base	32.382900	-86.365799
MXH	Moro Airport	-6.363330	143.238007
MXI	Mati National Airport	6.949091	126.273680
MXJ	Minna Airport	9.652170	6.462260
MXK	Mindik Airport	-6.471667	147.441139
MXL	General Rodolfo Sánchez Taboada International Airport	32.630629	-115.242805
MXM	Morombe Airport	-21.753837	43.374753
MXN	Morlaix-Ploujean Airport	48.603199	-3.815780
MXO	Monticello Regional Airport	42.220402	-91.163300
MXP	Milan Malpensa International Airport	45.630600	8.728110
MXQ	Lorenzo Airport	-13.389444	-38.910000
MXR	Myrhorod Air Base	49.932000	33.641000
MXS	Maota Airport	-13.742300	-172.257996
MXT	Maintirano Airport	-18.049999	44.033001
MXU	Mullewa Airport	-28.475000	115.516998
MXV	Mörön Airport	49.663677	100.100028
MXW	Mandalgobi Airport	45.738098	106.268997
MXX	Mora Airport	60.957901	14.511400
MXY	Mc Carthy Airport	61.437099	-142.904007
MXZ	Meizhou Meixian Changgangji International Airport	24.263425	116.097857
MYA	Moruya Airport	-35.897800	150.143997
MYB	Mayumba Airport	-3.458372	10.676539
MYC	Escuela Mariscal Sucre Airport	10.249978	-67.649422
MYD	Malindi International Airport	-3.229310	40.101700
MYE	Miyakejima Airport	34.073601	139.559998
MYF	Montgomery-Gibbs Executive Airport	32.815700	-117.139999
MYG	Mayaguana Airport	22.379499	-73.013494
MYH	Marble Canyon Airport	36.812500	-111.647003
MYI	Murray Island Airport	-9.915105	144.054644
MYJ	Matsuyama Airport	33.826893	132.700114
MYK	May Creek Airport	61.335701	-142.686996
MYL	McCall Municipal Airport	44.888837	-116.101112
MYM	Monkey Mountain Airport	4.452267	-59.603126
MYN	Marib Airport	15.469228	45.327272
MYO	Myroodan Station Airport	-18.123996	124.270261
MYP	Mary International Airport	37.623530	61.895668
MYQ	Mysore Airport	12.229751	76.653683
MYR	Myrtle Beach International Airport	33.679699	-78.928299
MYS	Moyale Airport	3.562300	39.043300
MYT	Myitkyina Airport	25.383600	97.351898
MYU	Mekoryuk Airport	60.372338	-166.269751
MYV	Yuba County Airport	39.097801	-121.570000
MYW	Mtwara Airport	-10.336204	40.181997
MYX	Menyamya Airport	-7.211667	146.019361
MYY	Miri Airport	4.322010	113.987000
MYZ	Monkey Bay Airport	-14.083600	34.919701
MZA	Mayor PNP Nancy Flores Paucar Airport	-11.325400	-74.535598
MZB	Mocímboa da Praia Airport	-11.361800	40.354900
MZC	Mitzic Airport	0.783000	11.550000
MZD	Méndez Airport	-2.733330	-78.316704
MZE	Manatee Airport	17.278460	-89.023800
MZG	Penghu Magong Airport	23.568701	119.627998
MZH	Amasya Merzifon Airport	40.829399	35.521999
MZI	Mopti Airport	14.512800	-4.079560
MZJ	Pinal Airpark	32.510601	-111.328003
MZK	Marakei Airport	2.058610	173.270996
MZL	La Nubia Airport	5.029600	-75.464700
MZN	Minj Airport	-5.902962	144.686586
MZO	Sierra Maestra International Airport	20.288605	-77.087545
MZP	Motueka Airport	-41.123299	172.988998
MZQ	Mkuze Airport	-27.626101	32.044300
MZR	Mazar-i-Sharif International Airport	36.704120	67.210459
MZS	Moradabad Airport	28.817460	78.921870
MZT	General Rafael Buelna International Airport	23.162823	-106.264517
MZU	Muzaffarpur Airport	26.119101	85.313698
MZV	Mulu Airport	4.048330	114.805000
MZW	Mecheria Airport	33.535900	-0.242353
MZY	Mossel Bay Airport	-34.158746	22.055676
MZZ	Marion Municipal Airport	40.489899	-85.679703
NAA	Narrabri Airport	-30.319201	149.826996
NAC	Naracoorte Airport	-36.985298	140.725006
NAD	Macanal Airport	2.808967	-67.621683
NAE	Natitingou Airport	10.376965	1.360507
NAF	Banaina Airport	2.723050	117.125999
NAG	Dr. Babasaheb Ambedkar International Airport	21.092199	79.047203
NAH	Naha Airport	3.684780	125.527162
NAI	Annai Airport	3.959440	-59.124199
NAJ	Nakhchivan International Airport	39.188801	45.458401
NAK	Nakhon Ratchasima Airport	14.949500	102.313004
NAL	Nalchik Airport	43.512901	43.636600
NAM	Namniwel Airport	-3.143159	126.976469
NAN	Nadi International Airport	-17.761822	177.437843
NAO	Nanchong Gaoping Airport	30.798104	106.164150
NAP	Naples International Airport	40.886002	14.290800
NAQ	Qaanaaq Airport	77.488602	-69.388702
NAR	Puerto Nare Airport	6.210020	-74.590600
NAS	Lynden Pindling International Airport	25.039000	-77.466202
NAT	Rio Grande do Norte/São Gonçalo do Amarante–Governador Aluízio Alves International Airport	-5.769822	-35.366610
NAU	Napuka Island Airport	-14.177397	-141.266112
NAV	Nevşehir Kapadokya Airport	38.771900	34.534500
NAW	Narathiwat Airport	6.519920	101.742996
NAY	Beijing Nanyuan Airport	39.782158	116.386299
NAZ	Nana Airport	-10.675800	162.204900
NBA	Nambaiyufa Airport	-6.241200	145.242400
NBB	Barranco Minas Airport	3.490691	-69.808151
NBC	Begishevo Airport	55.564701	52.092499
NBE	Enfidha - Hammamet International Airport	36.075833	10.438611
NBG	New Orleans NAS JRB/Alvin Callender Field	29.825300	-90.035004
NBH	Nambucca Heads Airport	-30.673058	152.984233
NBJ	Dr. Antonio Agostinho Neto International Airport	-9.050734	13.499078
NBL	Wannukandi Airport	9.273476	-78.139848
NBN	Annobón Airport	-1.408615	5.624163
NBO	Jomo Kenyatta International Airport	-1.318886	36.928233
NBS	Changbaishan Airport	42.066944	127.602222
NBW	Leeward Point Field	19.906500	-75.207100
NBX	Douw Aturure Airport	-3.397973	135.393071
NCA	North Caicos Airport	21.916094	-71.942954
NCE	Nice-Côte d'Azur Airport	43.658401	7.215870
NCG	Aeropuerto Municipal de Nuevo Casas Grandes	30.397400	-107.875000
NCH	Nachingwea Airport	-10.357500	38.779202
NCI	Necocli Airport	8.454429	-76.779326
NCJ	Sunchales Aeroclub Airport	-30.957500	-61.528300
NCL	Newcastle International Airport	55.037958	-1.689577
NCN	Chenega Bay Airport	60.077602	-147.994680
NCO	Quonset State Airport	41.597099	-71.412102
NCR	San Carlos Airport	11.135560	-84.768727
NCS	Newcastle Airport	-27.770599	29.976900
NCT	Guanacaste Airport	10.139400	-85.445801
NCU	Nukus International Airport	42.488400	59.623299
NCY	Annecy Meythet airport	45.928947	6.098700
NDA	Bandanaira Airport	-4.521400	129.905400
NDB	Nouadhibou International Airport	20.932404	-17.030199
NDC	Nanded Airport	19.183300	77.316704
NDD	Sumbe Airport	-11.167900	13.847500
NDE	Mandera Airport	3.933816	41.844114
NDF	N'dalatando Airport	-9.280378	14.982432
NDG	Qiqihar Sanjiazi Airport	47.229969	123.914179
NDI	Namudi Airport	-9.473750	148.329417
NDJ	N'Djamena International Airport	12.133700	15.034000
NDK	Namorik Airport	5.633005	168.125631
NDL	N'Délé Airport	8.427206	20.635157
NDM	Mendi Airport	9.767000	35.099998
NDN	Nadunumu Airport	-9.143556	147.684250
NDR	Nador Al Aaroui International Airport	34.988800	-3.028210
NDS	Sandstone Airport	-27.980000	119.296997
NDU	Rundu Airport	-17.956499	19.719400
NDY	Sanday Airport	59.250301	-2.576670
NEC	Necochea Airport	-38.490746	-58.816337
NEG	Negril Airport	18.341712	-78.334164
NEI	Terney Airport	45.082500	136.591200
NEJ	Nejjo Airport	9.550000	35.466995
NEK	Nekemte Airport	9.034333	36.613154
NEL	Lakehurst Maxfield Field Airport	40.033298	-74.353302
NEN	Whitehouse Naval Outlying Field	30.353901	-81.871902
NER	Chulman Airport	56.913898	124.914001
NEU	Sam Neua Airport	20.418400	104.067001
NEV	Vance W. Amory International Airport	17.205700	-62.589901
NEW	Lakefront Airport	30.042400	-90.028297
NFG	Nefteyugansk Airport	61.108299	72.650002
NFL	Fallon Naval Air Station	39.416599	-118.700996
NFO	Mata'aho Airport	-15.570603	-175.631283
NFR	Nafurah 1 Airport	29.213200	21.592400
NGA	Young Airport	-34.255576	148.247118
NGB	Ningbo Lishe International Airport	29.826700	121.461998
NGD	Captain Auguste George Airport	18.727734	-64.328520
NGE	N'Gaoundéré Airport	7.357010	13.559200
NGF	Kaneohe Bay MCAS (Marion E. Carl Field) Airport	21.450500	-157.768005
NGI	Ngau Airport	-18.115601	179.339996
NGK	Nogliki Airport	51.783955	143.141785
NGL	Ngala Airport	-24.389000	31.326000
NGO	Chubu Centrair International Airport	34.858398	136.804993
NGP	Naval Air Station Corpus Christi Truax Field	27.692600	-97.291100
NGQ	Ngari Gunsa Airport	32.097940	80.053971
NGS	Nagasaki Airport	32.916901	129.914001
NGU	Norfolk Naval Station (Chambers Field)	36.937599	-76.289299
NGW	Cabaniss Field Naval Outlying Landing Field	27.704426	-97.440578
NGX	Manang Airport	28.641399	84.089203
NHD	Al Minhad Air Base	25.026800	55.366199
NHF	New Halfa Airport	15.355600	35.727798
NHK	Patuxent River Naval Air Station (Trapnell Field)	38.285999	-76.411797
NHT	RAF Northolt	51.553001	-0.418167
NHV	Nuku Hiva Airport	-8.795600	-140.229004
NHX	Naval Outlying Field Barin	30.389099	-87.635300
NHZ	Brunswick Executive Airport	43.892200	-69.938599
NIA	Nimba Airport	7.494459	-8.584514
NIB	Nikolai Airport	63.017949	-154.360399
NIF	Camp Nifty Airport	-21.671700	121.586998
NIG	Nikunau Airport	-1.314440	176.410004
NIK	Niokolo-Koba Airport	13.052014	-12.727162
NIM	Diori Hamani International Airport	13.481500	2.183610
NIN	Ninilchik Airport	60.020199	-151.589005
NIO	Nioki Airport	-2.717453	17.685735
NIP	Jacksonville Naval Air Station (Towers Field)	30.235800	-81.680603
NIR	Chase Field Industrial Airport	28.362444	-97.661917
NIS	Simberi Airport	-2.662222	151.997778
NIT	Niort - Marais Poitevin Airport	46.313477	-0.394529
NIU	Naiu Airport	-16.119296	-146.368768
NIX	Nioro du Sahel Airport	15.238100	-9.576110
NJA	JMSDF Atsugi Air Base / Naval Air Facility Atsugi	35.454601	139.449997
NJC	Nizhnevartovsk Airport	60.949299	76.483597
NJF	Al Najaf International Airport	31.991116	44.405019
NJJ	Nenjiang Melgen Airport	49.236372	125.337052
NJK	El Centro NAF Airport (Vraciu Field)	32.829201	-115.671996
NKA	Nkan Airstrip	0.384300	9.753640
NKB	Noonkanbah Airport	-18.494699	124.851997
NKC	Nouakchott–Oumtounsy International Airport	18.310000	-15.969722
NKD	Sinak Airport	-3.822249	137.839208
NKG	Nanjing Lukou International Airport	31.735032	118.865949
NKL	N'Kolo-Fuma Airport	-5.421000	14.816900
NKM	Nagoya Airport / JASDF Komaki Air Base	35.255759	136.924095
NKN	Nankina Airport	-5.837000	146.453300
NKO	Ankokoambo Airport	-16.594919	44.453654
NKP	Nukutepipi Airport	-20.700054	-143.045933
NKT	Şırnak Şerafettin Elçi Airport	37.364700	42.058200
NKU	Nkaus Airport	-30.021700	28.196899
NKW	Naval Support Facility Diego Garcia	-7.313270	72.411102
NKX	Miramar Marine Corps Air Station - Mitscher Field	32.868401	-117.142998
NKY	Yokangassi Airport	-4.223077	13.286347
NLA	Simon Mwansa Kapwepwe International Airport	-12.965130	28.515624
NLC	Lemoore Naval Air Station (Reeves Field) Airport	36.333000	-119.952004
NLD	Quetzalcóatl International Airport	27.443899	-99.570503
NLE	Jerry Tyler Memorial Airport	41.835899	-86.225197
NLF	Darnley Island Airport	-9.579176	143.780276
NLG	Nelson Lagoon Airport	56.007500	-161.160004
NLH	Ninglang Luguhu Airport	27.540300	100.759300
NLI	Nikolayevsk-na-Amure Airport	53.154999	140.649994
NLK	Norfolk Island International Airport	-29.041759	167.939474
NLL	Nullagine Airport	-21.913300	120.197998
NLN	Kneeland Airport	40.718639	-123.927298
NLO	Ndolo Airport	-4.326660	15.327500
NLP	Nelspruit Airport	-25.500000	30.913799
NLS	Nicholson Airport	-18.049999	128.899994
NLT	Xinyuan Nalati Airport	43.431800	83.378600
NLU	Felipe Ángeles International Airport	19.743824	-99.015070
NLV	Mykolaiv International Airport [CLOSED]	47.057899	31.919800
NMA	Namangan International Airport	40.984622	71.557800
NMB	Daman Airport	20.434401	72.843201
NMC	Normans Cay Airport	24.594299	-76.820198
NME	Nightmute Airport	60.469129	-164.704070
NMF	Maafaru International Airport	5.817407	73.468404
NMG	San Miguel Airport	8.456507	-78.934214
NMI	Navi Mumbai International Airport	18.984597	73.065253
NML	Fort McMurray / Mildred Lake Airport	57.055599	-111.573997
NMN	Nomane Airport	-6.321830	145.070667
NMP	New Moon Airport	-19.200000	145.773000
NMR	Nappa Merrie Airport	-27.549201	141.158416
NMS	Namsang Airport	20.890499	97.735901
NMT	Namtu Airport	23.083000	97.383003
NNA	Kenitra Air Base	34.298901	-6.595880
NNB	Santa Ana Airport	-10.847994	162.454108
NND	Nangade Airport	-11.073000	39.680000
NNG	Nanning Wuxu International Airport	22.598071	108.181922
NNI	Namutoni Airport	-18.806400	16.927200
NNK	Naknek Airport	58.735633	-157.022160
NNL	Nondalton Airport	59.980202	-154.839005
NNM	Naryan Mar Airport	67.639999	53.121899
NNR	Connemara Regional Airport	53.230301	-9.467780
NNT	Nan Airport	18.807899	100.782997
NNU	Nanuque Airport	-17.823158	-40.329662
NNX	Nunukan Airport	4.134001	117.669546
NNY	Nanyang Jiangying Airport	32.982696	112.617467
NOA	Naval Air Station Nowra - HMAS Albatross	-34.946600	150.542451
NOB	Nosara Airport	9.976490	-85.653000
NOC	Ireland West Airport Knock	53.910439	-8.817002
NOD	Norden-Norddeich Airport	53.633057	7.190278
NOG	Nogales International Airport	31.225756	-110.976934
NOI	Krymsk Air Base	44.962905	37.999071
NOJ	Noyabrsk Airport	63.183300	75.269997
NOK	Xavantina Airport	-14.697778	-52.347246
NOM	Nomad River Airport	-6.294000	142.234167
NON	Nonouti Airport	-0.639722	174.427994
NOO	Naoro Airport	-9.254455	147.621352
NOP	Sinop Airport	42.018313	35.071774
NOR	Norðfjörður Airport	65.131897	-13.746400
NOS	Nosy Be International Airport	-13.312100	48.314800
NOT	Marin County Airport - Gnoss Field	38.143600	-122.556000
NOU	La Tontouta International Airport	-22.014601	166.212997
NOV	Albano Machado Airport	-12.808900	15.760500
NOZ	Spichenkovo Airport	53.811401	86.877197
NPA	Naval Air Station Pensacola Forrest Sherman Field	30.352699	-87.318604
NPE	Hawke's Bay Airport	-39.465801	176.869995
NPG	Nipa Airport	-6.145400	143.453100
NPH	J. Randy McKnight Nephi Municipal Airport	39.736810	-111.870063
NPL	New Plymouth Airport	-39.008598	174.179001
NPO	Nanga Pinoh Airport	-0.348640	111.746155
NPP	Napperby Airport	-22.531200	132.763200
NPR	Novo Progresso Airport	-7.125833	-55.400833
NPT	Newport State Airport	41.532207	-71.281039
NPU	San Pedro Airport	8.289325	-76.375006
NPY	Mpanda Airport	-6.355374	31.084116
NQA	Millington-Memphis Airport	35.356701	-89.870300
NQI	Kingsville Naval Air Station	27.507200	-97.809700
NQL	Niquelândia Airport	-14.434869	-48.491615
NQN	Presidente Perón International Airport	-38.949001	-68.155701
NQT	Nottingham City Airport	52.919998	-1.079170
NQU	Reyes Murillo Airport	5.710348	-77.261868
NQX	Naval Air Station Key West/Boca Chica Field	24.575800	-81.688904
NQY	Cornwall Airport Newquay	50.440601	-4.995410
NQZ	Nursultan Nazarbayev International Airport	51.027035	71.467094
NRA	Narrandera Airport	-34.702202	146.511993
NRB	Naval Station Mayport / Admiral David L McDonald Field	30.391100	-81.424698
NRD	Norderney Airport	53.706944	7.230000
NRE	Namrole Airport	-3.855220	126.700902
NRG	Narrogin Airport	-32.930000	117.080002
NRI	Grand Lake Regional Airport	36.577599	-94.861900
NRK	Norrköping Airport	58.586300	16.250601
NRL	North Ronaldsay Airport	59.367500	-2.434440
NRM	Nara Airport	15.229130	-7.261965
NRN	Weeze (Niederrhein) Airport	51.601362	6.141228
NRR	José Aponte de la Torre Airport	18.247262	-65.639790
NRS	Naval Outlying Field Imperial Beach (Ream Field)	32.566700	-117.116997
NRT	Narita International Airport	35.768580	140.388714
NRY	Newry Airport	-16.044200	129.263800
NSE	Whiting Field Naval Air Station - North	30.724199	-87.021896
NSH	Nowshahr Airport	36.664286	51.462730
NSI	Yaoundé Nsimalen International Airport	3.722560	11.553300
NSK	Alykel International Airport	69.307951	87.325906
NSL	Slayton Municipal Airport	43.986801	-95.782600
NSM	Norseman Aerodrome	-32.203000	121.758127
NSN	Nelson Airport	-41.296709	173.224323
NSO	Scone Airport	-32.038012	150.831966
NSR	Serra da Capivara Airport	-9.083392	-42.644656
NST	Nakhon Si Thammarat Airport	8.539620	99.944702
NSV	Noosa Airport	-26.423177	153.064935
NTB	Notodden Airport	59.565071	9.213152
NTC	Paradise Island Airport	-21.615000	35.338001
NTD	Point Mugu Naval Air Station (Naval Base Ventura Co)	34.120300	-119.121002
NTE	Nantes Atlantique Airport	47.153198	-1.610730
NTG	Nantong Xingdong International Airport	32.073566	120.980076
NTI	Stenkol Airport	-2.102572	133.515981
NTJ	Manti-Ephraim Airport	39.329102	-111.614998
NTL	Newcastle Airport	-32.796114	151.835025
NTN	Normanton Airport	-17.684090	141.069664
NTQ	Noto Satoyama Airport	37.293098	136.962006
NTR	Del Norte International Airport	25.865601	-100.237000
NTT	Kuini Lavenia Airport	-15.977297	-173.791089
NTU	Oceana Naval Air Station	36.820702	-76.033501
NTX	Ranai Airport	3.908710	108.388000
NTY	Pilanesberg International Airport	-25.333799	27.173401
NUB	Numbulwar Airport	-14.271700	135.716995
NUD	En Nahud Airport	12.735513	28.410841
NUE	Nuremberg Airport	49.498699	11.078056
NUG	Nuguria Airstrip	-3.407500	154.738300
NUH	Nunchia Airport	5.650000	-72.200000
NUI	Nuiqsut Airport	70.209999	-151.005998
NUJ	Nojeh Air Base	35.211601	48.653400
NUK	Nukutavake Airport	-19.284613	-138.768367
NUL	Nulato Airport	64.729301	-158.074005
NUM	Neom Bay Airport	27.924261	35.293580
NUP	Nunapitchuk Airport	60.905591	-162.440454
NUQ	Moffett Federal Airfield	37.416100	-122.049004
NUR	Nullabor Motel Airport	-31.441700	130.901993
NUS	Norsup Airport	-16.079700	167.401001
NUU	Nakuru Lanet Airport	-0.298419	36.159193
NUW	Whidbey Island Naval Air Station (Ault Field)	48.351799	-122.655998
NUX	Novy Urengoy Airport	66.069397	76.520302
NVA	Benito Salas Airport	2.950150	-75.294000
NVD	Nevada Municipal Airport	37.852100	-94.304901
NVI	Navoi International Airport	40.117599	65.172658
NVM	Brigadeiro Eduardo Gomes Airport	-13.821021	-56.038591
NVN	Nervino Airport	39.818501	-120.352997
NVP	Novo Aripuanã Airport	-5.118030	-60.364899
NVS	Nevers-Fourchambault Airport	47.002913	3.113114
NVT	Ministro Victor Konder International Airport	-26.879431	-48.650979
NVY	Neyveli Airport	11.612956	79.527382
NWA	Mohéli Bandar Es Eslam Airport	-12.298096	43.766496
NWH	Parlin Field	43.388100	-72.189301
NWI	Norwich Airport	52.675800	1.282780
NWT	Nowata Airport	-9.984167	149.729167
NYA	Nyagan Airport	62.110001	65.614998
NYE	Nyeri Airport	-0.364414	36.978485
NYG	Quantico Marine Corps Airfield / Turner Field	38.501701	-77.305298
NYI	Sunyani Airport	7.361830	-2.328760
NYK	Nanyuki Civil Airport	-0.062352	37.041296
NYM	Nadym Airport	65.480904	72.698898
NYN	Nyngan Airport	-31.550645	147.202973
NYO	Stockholm Skavsta Airport	58.789656	16.911479
NYR	Nyurba Airport	63.296703	118.341953
NYT	Nay Pyi Taw International Airport	19.623501	96.200996
NYU	Bagan Airport	21.178801	94.930199
NYW	Monywar Airport	22.221638	95.093479
NZA	Nzagi Airport	-7.716940	21.358200
NZC	Maria Reiche Neuman Airport	-14.854000	-74.961502
NZE	Nzérékoré Airport	7.810413	-8.702073
NZG	Nizhneangarsk International Airport	55.800800	109.595001
NZH	Manzhouli Xijiao Airport	49.566667	117.330000
NZL	Zhalantun Genghis Khan Airport	47.865942	122.768662
NZY	North Island Naval Air Station-Halsey Field	32.699200	-117.214996
OAA	Shank Air Base	33.922217	69.077940
OAG	Orange Airport	-33.382014	149.131262
OAH	Shindand Air Base	33.391300	62.261002
OAI	Bagram Airfield	34.946098	69.264999
OAJ	Albert J Ellis Airport	34.829201	-77.612099
OAK	Oakland San Francisco Bay Airport	37.720085	-122.221184
OAL	Cacoal Airport	-11.496000	-61.450800
OAM	Oamaru Airport	-44.970001	171.082001
OAN	El Arrayán Airport	15.505556	-86.574722
OAR	Marina Municipal Airport	36.681900	-121.762001
OAS	Sharana Airstrip	33.125750	68.838517
OAX	Xoxocotlán International Airport	16.998773	-96.726092
OAZ	Camp Shorabak Airfield	31.848735	64.223175
OBA	Oban Airport	-21.234797	139.033231
OBC	Obock Airport	11.967000	43.266998
OBD	Obano Airport	-3.910600	136.230600
OBE	Okeechobee County Airport	27.262800	-80.849800
OBF	Oberpfaffenhofen Airport	48.081402	11.283100
OBI	Óbidos Municipal Airport	-1.867981	-55.514596
OBL	Oostmalle Airfield	51.269092	4.762428
OBM	Morobe Airport	-7.740000	147.590000
OBN	Oban Airport	56.463501	-5.399670
OBO	Tokachi-Obihiro Airport	42.733299	143.216995
OBS	Aubenas-South Ardèche Airport	44.544367	4.372194
OBU	Kobuk Airport	66.912300	-156.897003
OBX	Obo Airport	-7.590622	141.324263
OCA	Ocean Reef Club Airport	25.325399	-80.274803
OCC	Francisco De Orellana Airport	-0.462886	-76.986801
OCE	Ocean City Municipal Airport	38.310398	-75.124001
OCF	Ocala International Airport - Jim Taylor Field	29.172600	-82.224197
OCH	A L Mangham Jr. Regional Airport	31.577999	-94.709503
OCJ	Ian Fleming International Airport	18.404079	-76.969754
OCM	Boolgeeda	-22.541111	117.269444
OCN	Oceanside Municipal Airport	33.217947	-117.351683
OCS	Corisco International Airport	0.910937	9.330270
OCV	Aguas Claras Airport	8.315060	-73.358300
OCW	Warren Field	35.570499	-77.049797
ODA	Ouadda Airport	8.010560	22.398600
ODB	Córdoba Airport	37.841999	-4.848880
ODC	Oakdale Airport	37.756302	-120.800003
ODD	Oodnadatta Airport	-27.562473	135.442946
ODE	Odense Hans Christian Andersen Airport	55.475307	10.327206
ODH	RAF Odiham	51.234100	-0.942825
ODJ	Ouanda Djallé Airport	8.900000	22.783001
ODL	Cordillo Downs Airport	-26.745300	140.638000
ODM	Garrett County Airport	39.580819	-79.335730
ODN	Long Seridan Airport	3.976087	115.067303
ODO	Bodaybo Airport	57.866100	114.242996
ODR	Ord River Airport	-17.340799	128.912003
ODS	Odesa International Airport	46.427196	30.672649
ODT	Odessa Schlemeyer Field	31.920601	-102.387001
ODW	AJ Eisenberg Airport	48.251499	-122.674004
ODY	Oudomsay Airport	20.682699	101.994003
OEA	O'Neal Airport	38.685210	-87.543138
OEC	Oecusse Route of the Sandalwood International Airport	-9.198419	124.337873
OEM	Vincent Fayks Airport	3.346051	-55.443707
OEO	L O Simenstad Municipal Airport	45.310001	-92.691902
OER	Örnsköldsvik Airport	63.408298	18.990000
OES	Antoine de Saint Exupéry Airport	-40.751200	-65.034300
OFF	Offutt Air Force Base	41.119307	-95.908510
OFI	Ouango Fitini Airport	9.600000	-4.050000
OFK	Karl Stefan Memorial Airport	41.985500	-97.435097
OFU	Ofu Airport	-14.184400	-169.669998
OGA	Ogallala Municipal Airport Searle Field	41.119499	-101.769997
OGB	Orangeburg Municipal Airport	33.456799	-80.859497
OGD	Ogden Hinckley Airport	41.195900	-112.012001
OGE	Ogeranang Airport	-6.466750	147.364167
OGG	Kahului International Airport	20.896263	-156.431837
OGL	Eugene F. Correia International Airport	6.805881	-58.107657
OGM	Ogobsucum Airport	9.138300	-77.933850
OGN	Yonaguni Airport	24.467298	122.979827
OGO	Abengourou Airport	6.715560	-3.470280
OGR	Bongor Airport	10.288345	15.379561
OGS	Ogdensburg International Airport	44.681900	-75.465500
OGU	Ordu–Giresun Airport	40.966872	38.085995
OGX	Ain Beida Airport	31.917200	5.412780
OGZ	Vladikavkaz Beslan International Airport	43.205101	44.606602
OHA	RNZAF Base Ohakea	-40.206001	175.388000
OHB	Ambohibary Airport	-18.917500	48.218194
OHD	Ohrid St. Paul the Apostle Airport	41.180000	20.742300
OHE	Mohe Gulian Airport	52.916871	122.422759
OHH	Okha Airport	53.516446	142.881426
OHI	Oshakati Airport	-17.797000	15.699300
OHO	Okhotsk Airport	59.410065	143.056503
OHR	Wyk auf Föhr Airport	54.684444	8.528333
OHS	Suhar International Airport	24.386040	56.625410
OHT	Kohat Airport	33.570000	71.440002
OIA	Ourilândia do Norte Airport	-6.762992	-51.049930
OIC	Lt Warren Eaton Airport	42.566601	-75.524101
OIM	Oshima Airport	34.782001	139.360001
OIR	Okushiri Airport	42.071701	139.432999
OIT	Oita Airport	33.479401	131.737000
OJC	Johnson County Executive Airport	38.847599	-94.737602
OJU	Tanjung Api Airport	-0.865437	121.628625
OKA	Naha International Airport	26.192437	127.639804
OKB	Orchid Beach Airport	-24.959400	153.315002
OKC	OKC Will Rogers World Airport	35.393388	-97.598248
OKD	Sapporo Okadama Airport	43.117447	141.381340
OKE	Okinoerabu Airport	27.431604	128.705564
OKF	Okaukuejo Airport	-19.149200	15.911900
OKG	Okoyo Airport	-1.448330	15.073300
OKI	Oki Global Geopark Airport	36.178388	133.323566
OKJ	Okayama Momotaro Airport	34.756901	133.854996
OKK	Kokomo Municipal Airport	40.528198	-86.058998
OKL	Oksibil Airport	-4.907100	140.627700
OKM	Okmulgee Regional Airport	35.668098	-95.948700
OKN	Okondja Airport	-0.665214	13.673100
OKO	Yokota Air Base	35.748501	139.348007
OKP	Oksapmin Airport	-5.226100	142.225900
OKQ	Okaba Airport	-8.094600	139.723300
OKR	Yorke Island Airport	-9.752801	143.405673
OKS	Garden County Airport/King Rhiley Field	41.401001	-102.355003
OKT	Oktyabrskiy Airport	54.439999	53.388302
OKU	Mokuti Lodge Airport	-18.812799	17.059401
OKV	Okao Airport	-5.556667	141.032778
OKY	Oakey Army Aviation Centre	-27.409262	151.736727
OLA	Ørland Airport	63.698898	9.604000
OLB	Olbia Costa Smeralda Airport	40.898953	9.518457
OLC	Senadora Eunice Micheles Airport	-3.469070	-68.921056
OLD	Dewitt Field - Old Town Municipal Airport	44.952801	-68.674301
OLE	Cattaraugus County-Olean Airport	42.241199	-78.371399
OLF	L M Clayton Airport	48.094501	-105.574997
OLG	Olare Orok Airfield	-1.324213	35.246106
OLH	Old Harbor Airport	57.218102	-153.270004
OLI	Rif Airport	64.911377	-23.818205
OLJ	North West Santo Airport	-14.881700	166.557999
OLK	Aeródromo de Fuerte	-21.045724	-57.882935
OLL	Oyo Ollombo Airport	-1.226666	15.910000
OLM	Olympia Regional Airport	46.969399	-122.903000
OLN	Lago Musters Airport	-45.575200	-69.077000
OLO	Olomouc Airport	49.587712	17.209275
OLP	Olympic Dam Airport	-30.483861	136.876699
OLQ	Olsobip Airport	-5.389722	141.515278
OLR	Salerno Airport	33.363800	69.956100
OLS	Nogales International Airport	31.417700	-110.848000
OLU	Columbus Municipal Airport	41.448145	-97.340174
OLV	Olive Branch Airport	34.978699	-89.786903
OLX	Mara-Olkiombo Airport	-1.408586	35.110689
OLY	Olney Noble Airport	38.721802	-88.176399
OLZ	Olyokminsk Airport	60.401833	120.476094
OMA	Eppley Airfield	41.303200	-95.894096
OMB	Omboue Hospital Airport	-1.574730	9.262690
OMC	Ormoc Airport	11.057715	124.565622
OMD	Oranjemund Airport	-28.585318	16.446380
OME	Nome Airport	64.512199	-165.445007
OMF	King Hussein Air College	32.356400	36.259201
OMG	Omega Airport	-18.030300	22.189699
OMH	Urmia Airport	37.668098	45.068699
OMI	Omidiyeh Airport	30.835199	49.534901
OMJ	JMSDF Omura Air Base	32.928046	129.934168
OMK	Omak Airport	48.464401	-119.517998
OMM	Marmul Airport	18.138999	55.179005
OMN	Zomin Airport	40.014020	68.411030
OMO	Mostar International Airport	43.282489	17.846101
OMR	Oradea International Airport	47.025299	21.902500
OMS	Omsk Central Airport	54.963124	73.312418
OMY	Preah Vinhear Airport	13.759700	104.971730
ONA	Winona Municipal Airport Max Conrad Field	44.077202	-91.708298
ONB	Ononge Airport	-8.674361	147.262417
OND	Ondangwa Airport	-17.878201	15.952600
ONG	Mornington Island Airport	-16.662500	139.177994
ONH	Albert S Nader Regional Airport	42.524700	-75.064400
ONI	Moanamani Airport	-4.006590	136.037704
ONJ	Odate Noshiro Airport	40.191898	140.371002
ONK	Olenyok Airport	68.514999	112.480003
ONL	O'Neill Municipal Airport–John L Baker Field	42.468916	-98.686989
ONM	Socorro Municipal Airport	34.022499	-106.903000
ONO	Ontario Municipal Airport	44.019800	-117.013289
ONP	Newport Municipal Airport	44.580399	-124.057999
ONQ	Zonguldak Çaycuma Airport	41.506401	32.088600
ONR	Monkira Airport	-24.816700	140.533005
ONS	Onslow Airport	-21.670161	115.114902
ONT	Ontario International Airport	34.056000	-117.600998
ONU	Ono-i-Lau Airport	-20.658900	-178.741100
ONX	Enrique Adolfo Jimenez Airport	9.356640	-79.867401
ONY	Olney Municipal Airport	33.350899	-98.819199
OOA	Oskaloosa Municipal Airport	41.226200	-92.493896
OOD	Koodaideri Mine Airport	-22.504291	119.076830
OOK	Toksook Bay Airport	60.541401	-165.087006
OOL	Gold Coast Airport	-28.165962	153.506641
OOM	Cooma Snowy Mountains Airport	-36.300445	148.972408
OOR	Mooraberree Airport	-25.250000	140.983002
OOT	Onotoa Airport	-1.796110	175.526001
OPA	Kópasker Airport	66.310799	-16.466700
OPB	Open Bay Airport	-4.794727	151.696195
OPF	Miami-Opa Locka Executive Airport	25.907000	-80.278397
OPI	Oenpelli Airport	-12.325000	133.005997
OPL	St Landry Parish Ahart Field	30.558399	-92.099403
OPO	Francisco de Sá Carneiro Airport	41.248100	-8.681390
OPP	Salinópolis Airport	-0.696111	-47.336111
OPS	Presidente João Batista Figueiredo Airport	-11.885001	-55.586109
OPU	Balimo Airport	-8.050000	142.932999
OPW	Opuwa Airport	-18.056022	13.852061
OQN	Kokand Airport	40.447781	70.991149
ORA	Orán Airport	-23.152800	-64.329201
ORB	Örebro Airport	59.223701	15.038000
ORC	Orocue Airport	4.790355	-71.348187
ORD	Chicago O'Hare International Airport	41.978600	-87.904800
ORE	Orléans–Saint-Denis-de-l'Hôtel Airport	47.897758	2.164478
ORF	Norfolk International Airport	36.895341	-76.201000
ORG	Zorg en Hoop Airport	5.811211	-55.192299
ORH	Worcester Regional Airport	42.267300	-71.875702
ORI	Port Lions Airport	57.884905	-152.847719
ORJ	Orinduik Airport	4.725270	-60.035000
ORK	Cork International Airport	51.841301	-8.491110
ORL	Orlando Executive Airport	28.545500	-81.332901
ORM	Sywell Aerodrome	52.305302	-0.793056
ORN	Oran Es-Sénia (Ahmed Ben Bella) International Airport	35.620648	-0.622486
ORO	Yoro Airport	15.127500	-87.135000
ORP	Orapa Airport	-21.265901	25.319667
ORR	Yorketown Airport	-35.003564	137.619295
ORT	Northway Airport	62.961300	-141.929001
ORU	Juan Mendoza International Airport	-17.956151	-67.075829
ORV	Robert (Bob) Curtis Memorial Airport	66.817902	-161.018997
ORW	Ormara Airport	25.276625	64.588343
ORX	Oriximiná Airport	-1.714080	-55.836201
ORY	Paris-Orly Airport	48.729499	2.358963
ORZ	H.E Alfredo Martinez (Tower Hill) Airstrip	18.046767	-88.583858
OSB	Grand Glaize Osage Beach Airport	38.110500	-92.680496
OSC	Oscoda Wurtsmith Airport	44.451599	-83.394096
OSD	Åre Östersund Airport	63.193546	14.504168
OSE	Omora Airport	-7.827778	147.080639
OSG	Ossima Airport	-2.915556	141.297306
OSH	Wittman Regional Airport	43.984402	-88.556999
OSI	Osijek Airport	45.462355	18.811278
OSJ	Ol Seki Naboisho Airstrip	-1.378468	35.380320
OSK	Oskarshamn Airport	57.350498	16.497999
OSL	Oslo-Gardermoen International Airport	60.193901	11.100400
OSM	Mosul International Airport	36.305801	43.147400
OSN	Osan Air Base	37.091457	127.029448
OSO	Osborne Mine Airport	-22.081699	140.554993
OSR	Leoš Janáček Airport Ostrava	49.696301	18.111099
OSS	Osh International Airport	40.609001	72.793297
OST	Ostend-Bruges International Airport	51.199800	2.874673
OSU	The Ohio State University Airport - Don Scott Field	40.079800	-83.072998
OSW	Orsk Airport	51.072498	58.595600
OSX	Kosciusko Attala County Airport	33.090302	-89.542000
OSY	Namsos Airport	64.472198	11.578600
OTC	Bol-Berim Airport	13.443574	14.739254
OTD	Raul Arias Espinoza Airport	8.628760	-79.034698
OTG	Worthington Municipal Airport	43.654770	-95.577364
OTH	Southwest Oregon Regional Airport	43.417099	-124.246002
OTI	Pitu Airport	2.045990	128.324997
OTJ	Otjiwarongo Airport	-20.433012	16.660801
OTK	Tillamook Airport	45.418201	-123.814003
OTL	Boutilimit Airport	17.528320	-14.714120
OTM	Ottumwa Regional Airport	41.106368	-92.449837
OTN	Ed-Air Airport	38.851782	-87.499870
OTO	Otog Banner Wulan Airport	39.031390	107.988890
OTP	Bucharest Henri Coandă International Airport	44.571792	26.103285
OTQ	Otog Front Banner Oljoq Airport	38.171200	107.390500
OTR	Coto 47 Airport	8.601560	-82.968754
OTS	Anacortes Airport	48.498513	-122.662513
OTT	Andre Maggi Airport	-9.898611	-58.581944
OTU	Otu Airport	7.010532	-74.715398
OTZ	Ralph Wien Memorial Airport	66.884697	-162.598999
OUA	Ouagadougou Thomas Sankara International Airport	12.353200	-1.512420
OUD	Oujda Angads Airport	34.789558	-1.926041
OUE	Ouesso Airport	1.615990	16.037901
OUG	Ouahigouya Airport	13.655287	-2.322067
OUH	Oudtshoorn Airport	-33.606998	22.188999
OUI	Ouessant Airport	48.463200	-5.063580
OUL	Oulu Airport	64.930099	25.354601
OUM	Oum Hadjer Airport	13.278244	19.710256
OUN	University of Oklahoma Westheimer Airport	35.245600	-97.472099
OUR	Batouri Airport	4.475000	14.362500
OUS	Jornalista Benedito Pimentel Airport	-22.966598	-49.912049
OUT	Bousso Airport	10.483000	16.716999
OUZ	Tazadit Airport	22.757345	-12.482228
OVA	Bekily Airport	-24.235695	45.304527
OVB	Novosibirsk Tolmachevo Airport	55.019756	82.618675
OVD	Asturias Airport	43.563599	-6.034620
OVE	Oroville Municipal Airport	39.487801	-121.622002
OVG	Overberg Airport	-34.563474	20.252438
OVL	El Tuqui Airport	-30.559200	-71.175598
OVR	Olavarria Airport	-36.889999	-60.216599
OVS	Sovetskiy Airport	61.326622	63.601913
OWA	Owatonna Degner Regional Airport	44.123402	-93.260597
OWB	Owensboro Daviess County Airport	37.740101	-87.166801
OWD	Norwood Memorial Airport	42.190498	-71.172897
OWK	Central Maine/Norridgewock Airport	44.715500	-69.866501
OXB	Osvaldo Vieira International Airport	11.894262	-15.653596
OXC	Waterbury Oxford Airport	41.478600	-73.135201
OXD	Miami University Airport	39.502300	-84.784401
OXF	London Oxford Airport	51.836899	-1.320000
OXO	Orientos Airport	-28.059800	141.536100
OXR	Oxnard Airport	34.200802	-119.207001
OXY	Morney Airport	-25.358299	141.432999
OYA	Goya Airport	-29.105800	-59.218900
OYC	Camopi Airport	3.172847	-52.336142
OYE	Oyem Airport	1.543110	11.581400
OYG	Moyo Airport	3.644400	31.762762
OYK	Oiapoque Airport	3.854120	-51.797056
OYL	Moyale Airport	3.469720	39.101398
OYN	Ouyen Airport	-35.088819	142.354778
OYO	Tres Arroyos Airport	-38.386900	-60.329700
OYP	Saint-Georges-de-l'Oyapock Airport	3.897600	-51.804100
OZA	Ozona Municipal Airport	30.735300	-101.203003
OZC	Labo Airport	8.178510	123.842003
OZG	Zagora Airport	30.265788	-5.860808
OZH	Zaporizhzhia International Airport	47.866962	35.314723
OZP	Moron Air Base	37.174900	-5.615940
OZR	Cairns AAF (Fort Rucker) Air Field	31.275700	-85.713402
OZZ	Ouarzazate International Airport	30.939100	-6.909430
PAA	Hpa-N Airport	16.893700	97.674599
PAB	Bilaspur Airport	21.988400	82.111000
PAC	Marcos A. Gelabert International Airport	8.973340	-79.555603
PAD	Paderborn Lippstadt Airport	51.612527	8.617459
PAE	Seattle Paine Field International Airport	47.906300	-122.281998
PAF	Pakuba Airport	2.326563	31.497698
PAG	Pagadian Airport	7.825632	123.459635
PAH	Barkley Regional Airport	37.060799	-88.773804
PAJ	Parachinar Airport	33.902100	70.071602
PAK	Port Allen Airport	21.896900	-159.602997
PAL	German Olano Air Base	5.483610	-74.657400
PAM	Tyndall Air Force Base	30.069599	-85.575401
PAN	Pattani Airport	6.785460	101.153999
PAO	Palo Alto Airport	37.461102	-122.114998
PAP	Toussaint Louverture International Airport	18.580023	-72.292596
PAQ	Warren "Bud" Woods Palmer Municipal Airport	61.594898	-149.089010
PAS	Paros National Airport	37.020495	25.113195
PAT	Jay Prakash Narayan Airport	25.591299	85.087997
PAU	Pauk Airport	21.449200	94.486900
PAV	Paulo Afonso Airport	-9.400880	-38.250599
PAW	Pambwa Airstrip	-11.402966	154.011701
PAX	Port-de-Paix Airport	19.934045	-72.848010
PAY	Pamol Airport	5.996571	117.404795
PAZ	El Tajín National Airport	20.602699	-97.460800
PBA	Fábio Perini Airport	-13.564800	-38.939999
PBB	Paranaíba Airport	-19.651199	-51.199402
PBC	Hermanos Serdán International Airport	19.158465	-98.371582
PBD	Porbandar Airport	21.649524	69.656405
PBE	Puerto Berrio Airport	6.460340	-74.410500
PBF	Pine Bluff Regional Airport, Grider Field	34.174121	-91.935643
PBG	Plattsburgh International Airport	44.650902	-73.468102
PBH	Paro International Airport	27.403200	89.424599
PBJ	Tavie Airport	-16.431955	168.235511
PBL	General Bartolome Salom International Airport	10.480500	-68.072998
PBM	Johan Adolf Pengel International Airport	5.452830	-55.187801
PBN	Porto Amboim Airport	-10.722000	13.765500
PBO	Paraburdoo Airport	-23.171101	117.745003
PBP	Islita Airport	9.856110	-85.370796
PBQ	Pimenta Bueno Airport	-11.641600	-61.179100
PBR	Puerto Barrios Airport	15.730900	-88.583801
PBT	Aeródromo de Puerto Leda	-20.908982	-57.926881
PBU	Putao Airport	27.329901	97.426300
PBX	Fazenda Piraguassu Airport	-10.859350	-51.688152
PBZ	Plettenberg Bay Airport	-34.088160	23.328723
PCA	Portage Creek Airport	58.906500	-157.714000
PCB	Pondok Cabe Air Base	-6.336960	106.764999
PCC	Puerto Rico Airport	1.916667	-75.166667
PCD	Prairie Du Chien Municipal Airport	43.019299	-91.123703
PCF	Potchefstroom Airport	-26.671000	27.081900
PCG	Paso Caballos Airport	17.263901	-90.256302
PCH	Palacios Airport	15.955000	-84.941391
PCJ	Puerto La Victoria Airport	-22.296022	-57.870076
PCL	Cap FAP David Abenzur Rengifo International Airport	-8.378064	-74.574495
PCM	Playa del Carmen National Airport	20.622752	-87.082171
PCN	Picton Aerodrome	-41.346100	173.955994
PCO	Punta Colorada Airport	23.575011	-109.535826
PCP	Principe Airport	1.661155	7.411081
PCQ	Boun Neau Airport	21.647500	101.900000
PCR	German Olano Airport	6.184720	-67.493200
PCS	Picos Airport	-7.061385	-41.525871
PCT	Princeton Airport	40.399200	-74.658897
PCU	Poplarville Pearl River County Airport	30.785999	-89.504501
PCV	Punta Chivato Airport	27.069201	-111.961998
PDA	Obando Cesar Gaviria Trujillo Airport	3.853530	-67.906200
PDB	Pedro Bay Airport	59.796925	-154.129994
PDC	Mueo Airport	-21.316456	164.999399
PDD	Ponta do Ouro Airport	-26.826913	32.838444
PDE	Pandie Pandie Airport	-26.122248	139.403501
PDF	Prado Airport	-17.296976	-39.271131
PDG	Minangkabau International Airport	-0.785964	100.280384
PDI	Pindiu Airport	-6.445139	147.515833
PDK	DeKalb Peachtree Airport	33.876330	-84.302130
PDL	João Paulo II Airport	37.741199	-25.697901
PDM	Capt. J. Montenegro Airport	7.534801	-80.043347
PDN	Parndana Airport	-35.807000	137.264000
PDO	Pendopo Airport	-3.286070	103.879997
PDP	Capitan Corbeta CA Curbelo International Airport	-34.855099	-55.094299
PDR	Presidente José Sarney Airport	-5.309800	-44.481000
PDS	Piedras Negras International Airport	28.627873	-100.535240
PDT	Eastern Oregon Regional Airport at Pendleton	45.695099	-118.841003
PDU	Tydeo Larre Borges Airport	-32.363300	-58.061901
PDV	Plovdiv International Airport	42.067799	24.850800
PDX	Portland International Airport	45.588699	-122.598000
PDZ	Pedernales Airport	9.978672	-62.231318
PEA	Penneshaw Airport	-35.755846	137.962875
PEB	Pebane Airport	-17.272760	38.180730
PED	Pardubice Airport	50.015049	15.739810
PEE	Perm International Airport	57.914501	56.021198
PEF	Peenemünde Airport	54.157780	13.774444
PEG	Perugia San Francesco d'Assisi – Umbria International Airport	43.095901	12.513200
PEH	Comodoro Pedro Zanni Airport	-35.844600	-61.857600
PEI	Matecaña International Airport	4.812670	-75.739500
PEK	Beijing Capital International Airport	40.077349	116.596702
PEL	Pelaneng Airport	-29.088056	28.497222
PEM	Padre Aldamiz International Airport	-12.613600	-69.228600
PEN	Penang International Airport	5.296303	100.276185
PEP	Peppimenarti Airport	-14.144200	130.091003
PEQ	Pecos Municipal Airport	31.382401	-103.511002
PER	Perth International Airport	-31.940300	115.967003
PES	Petrozavodsk Airport	61.885201	34.154701
PET	João Simões Lopes Neto International Airport	-31.717189	-52.327796
PEU	Puerto Lempira Airport	15.262200	-83.781197
PEV	Pécs-Pogány International Airport	45.988891	18.242044
PEW	Bacha Khan International Airport	33.993900	71.514603
PEX	Pechora Airport	65.121101	57.130798
PEY	Penong Airport	-31.916700	133.000000
PEZ	Penza Airport	53.110600	45.021099
PFA	Harbin Pingfang Airport	45.598860	126.658080
PFB	Lauro Kurtz Airport	-28.243976	-52.327770
PFC	Pacific City State Airport	45.199799	-123.961998
PFM	Primrose Airport	55.390002	-111.119800
PFO	Paphos International Airport	34.717999	32.485699
PFQ	Parsabad-Moghan Airport	39.603600	47.881500
PFR	Ilebo Airport	-4.329919	20.590124
PGA	Page Municipal Airport	36.924234	-111.447716
PGB	Pangoa Airport	-7.022600	141.560500
PGC	Grant County Airport	38.994900	-79.145897
PGD	Punta Gorda Airport	26.920200	-81.990501
PGE	Yegepa Airport	-7.134444	146.156389
PGF	Perpignan-Rivesaltes (Llabanère) Airport	42.740398	2.870670
PGH	Pantnagar Airport	29.033400	79.473701
PGI	Chitato Airport	-7.358890	20.804701
PGK	Depati Amir Airport	-2.162200	106.139000
PGL	Trent Lott International Airport	30.462799	-88.529198
PGM	Port Graham Airport	59.348355	-151.830025
PGN	Pangia Airport	-6.386000	144.108400
PGO	Stevens Field	37.286301	-107.056000
PGQ	Buli Airport	0.917144	128.382116
PGR	Kirk Field	36.062901	-90.507797
PGS	Grand Canyon Caverns Airport	35.527168	-113.247636
PGU	Persian Gulf International Airport	27.379601	52.737701
PGV	Pitt-Greenville Airport	35.635535	-77.384262
PGX	Périgueux-Bassillac Airport	45.198101	0.815556
PGZ	Ponta Grossa Airport - Comandante Antonio Amilton Beraldo	-25.184476	-50.143822
PHA	Phan Rang Airport	11.633500	108.952003
PHB	Parnaíba - Prefeito Doutor João Silva Filho International Airport	-2.893750	-41.731998
PHC	Port Harcourt International Airport	5.015490	6.949590
PHD	Harry Clever Field	40.470901	-81.419701
PHE	Port Hedland International Airport	-20.382787	118.629789
PHF	Newport News Williamsburg International Airport	37.131901	-76.492996
PHG	Port Harcourt City Airport / Port Harcourt Air Force Base	4.846111	7.021389
PHH	Pokhara International Airport	28.183800	84.014700
PHI	Pinheiro Airport	-2.477426	-45.105003
PHK	Palm Beach County Glades Airport	26.785000	-80.693398
PHL	Philadelphia International Airport	39.871899	-75.241096
PHN	St Clair County International Airport	42.910999	-82.528900
PHO	Point Hope Airport	68.348801	-166.798996
PHP	Philip Airport	44.048527	-101.600933
PHQ	The Monument Airport	-21.811100	139.923996
PHR	Nanuku Airport	-18.255300	178.049200
PHS	Phitsanulok Airport	16.782900	100.278999
PHT	Henry County Airport	36.338200	-88.382896
PHW	Hendrik Van Eck Airport	-23.937201	31.155399
PHX	Phoenix Sky Harbor International Airport	33.435302	-112.005905
PHY	Phetchabun Airport	16.676001	101.195000
PIA	General Wayne A. Downing Peoria International Airport	40.663841	-89.692631
PIB	Hattiesburg Laurel Regional Airport	31.467100	-89.337097
PIC	Pine Cay Airport	21.874661	-72.090573
PIE	St. Petersburg Clearwater International Airport	27.910200	-82.687401
PIH	Pocatello Regional Airport	42.909801	-112.596001
PIK	Glasgow Prestwick Airport	55.501499	-4.577182
PIL	Aeródromo Don Carlos Miguel Gimenez	-26.881981	-58.319067
PIM	Harris County Airport	32.840698	-84.882401
PIN	Parintins Airport	-2.673521	-56.777625
PIO	Captain Renán Elías Olivera International Airport	-13.744900	-76.220299
PIP	Pilot Point Airport	57.580399	-157.572006
PIQ	Pipillipai Airport	5.356667	-60.381000
PIR	Pierre Regional Airport	44.382702	-100.286003
PIS	Poitiers-Biard Airport	46.587700	0.306666
PIT	Pittsburgh International Airport	40.491501	-80.232903
PIU	PAF Captain Guillermo Concha Iberico International Airport	-5.205750	-80.616402
PIV	Pirapora Airport	-17.316900	-44.860298
PIW	Pikwitonei Airport	55.588902	-97.164200
PIX	Pico Airport	38.554298	-28.441299
PIZ	Point Lay LRRS Airport	69.732903	-163.005005
PJA	Pajala Airport	67.244569	23.074894
PJB	Payson Airport	34.256802	-111.338997
PJC	Aeropuerto Nacional Dr. Augusto Roberto Fuster	-22.641427	-55.829993
PJG	Panjgur Airport	26.954500	64.132500
PJM	Puerto Jimenez Airport	8.533330	-83.300003
PKA	Napaskiak Airport	60.702900	-161.778000
PKB	Mid Ohio Valley Regional Airport	39.345100	-81.439201
PKC	Yelizovo Airport	53.168716	158.451068
PKD	Park Rapids Municipal Airport Konshok Field	46.900600	-95.073095
PKE	Parkes Airport	-33.131401	148.238998
PKF	Park Falls Municipal Airport	45.955002	-90.424400
PKG	Pulau Pangkor Airport	4.244720	100.553001
PKJ	Playa Grande Airport	15.997500	-90.741699
PKK	Pakhokku Airport	21.404300	95.111250
PKM	Port Kaituma Airport	7.742220	-59.882612
PKN	Iskandar Airport	-2.705200	111.672997
PKO	Parakou Airport	9.357690	2.609680
PKP	Puka Puka Airport	-14.809550	-138.812621
PKR	Pokhara Domestic Airport	28.200621	83.981203
PKT	Port Keats Airport	-14.249701	129.529538
PKU	Sultan Syarif Kasim II International Airport / Roesmin Nurjadin AFB	0.458647	101.444321
PKV	Princess Olga Pskov International Airport	57.781316	28.393840
PKW	Selebi Phikwe Airport	-22.058300	27.828800
PKX	Beijing Daxing International Airport	39.501289	116.413967
PKY	Tjilik Riwut Airport	-2.227146	113.943388
PKZ	Pakse International Airport	15.133973	105.779871
PLA	Planadas Airport	3.197051	-75.642042
PLD	Playa Samara/Carrillo Airport	9.870510	-85.481400
PLE	Paiela Airport	-5.372407	142.975774
PLF	Pala Airport	9.378060	14.925000
PLJ	Placencia Airport	16.536957	-88.361511
PLK	M. Graham Clark Downtown Airport	36.625900	-93.228897
PLL	Ponta Pelada Airport / Manaus Air Base	-3.146040	-59.986301
PLM	Sultan Mahmud Badaruddin II Airport	-2.897653	104.698147
PLN	Pellston Regional Airport of Emmet County Airport	45.570900	-84.796700
PLO	Port Lincoln Airport	-34.605301	135.880005
PLQ	Palanga International Airport	55.973202	21.093901
PLR	St Clair County Airport	33.558800	-86.249100
PLS	Providenciales International Airport	21.773697	-72.268321
PLT	Plato Airport	9.800000	-74.783300
PLU	Pampulha - Carlos Drummond de Andrade Airport	-19.850740	-43.950316
PLV	Suprunovka Airport	49.568600	34.397202
PLW	Mutiara - SIS Al-Jufrie Airport	-0.916462	119.908647
PLX	Semei International Airport	50.351295	80.234398
PLY	Plymouth Municipal Airport	41.365101	-86.300499
PLZ	Chief Dawid Stuurman International Airport	-33.989715	25.617353
PMA	Pemba Airport	-5.257260	39.811401
PMB	Pembina Municipal Airport	48.942501	-97.240799
PMC	El Tepual International Airport	-41.443093	-73.094065
PMD	Palmdale Regional Airport / USAF Plant 42 Airport	34.629398	-118.084999
PMF	Parma Airport	44.826351	10.297050
PMG	Ponta Porã Airport	-22.549601	-55.702599
PMH	Greater Portsmouth Regional Airport	38.840500	-82.847298
PMI	Palma de Mallorca Airport	39.551701	2.738810
PMK	Palm Island Airport	-18.755301	146.580994
PML	Port Moller Airport	56.006001	-160.561005
PMN	Pumani Airport	-9.746900	149.476600
PMO	Falcone–Borsellino Airport	38.175999	13.091000
PMP	Pimaga Airport	-6.499167	143.510278
PMQ	Perito Moreno Jalil Hamer Airport	-46.537899	-70.978699
PMR	Palmerston North Airport	-40.320599	175.617004
PMS	Palmyra Airport	34.557400	38.316898
PMT	Paramakatoi Airport	4.699587	-59.713841
PMV	Del Caribe Santiago Mariño International Airport	10.912603	-63.966599
PMW	Brigadeiro Lysias Rodrigues Airport	-10.291500	-48.356998
PMY	El Tehuelche Airport	-42.759200	-65.102700
PMZ	Palmar Sur Airport	8.951030	-83.468597
PNA	Pamplona Airport	42.770000	-1.646330
PNB	Porto Nacional Airport	-10.719402	-48.399700
PNC	Ponca City Regional Airport	36.731998	-97.099800
PND	Punta Gorda Airport	16.102400	-88.808296
PNE	Northeast Philadelphia Airport	40.082406	-75.010614
PNG	Paranaguá Airport	-25.540100	-48.531200
PNH	Phnom Penh International Airport	11.547155	104.844699
PNI	Pohnpei International Airport	6.985082	158.209920
PNJ	Penglai Shahekou Airport	37.804730	120.809540
PNK	Supadio International Airport	-0.152258	109.404493
PNL	Pantelleria Airport	36.816502	11.968900
PNN	Princeton Municipal Airport	45.200699	-67.564400
PNP	Girua Airport	-8.804540	148.309006
PNQ	Pune International Airport	18.582100	73.919701
PNR	Antonio Agostinho-Neto International Airport	-4.816030	11.886600
PNS	Pensacola International Airport	30.472718	-87.186639
PNT	Lieutenant Julio Gallardo Airport	-51.670670	-72.529078
PNU	Panguitch Municipal Airport	37.845200	-112.391998
PNV	Panevėžys Air Base	55.729401	24.460800
PNX	North Texas Regional Airport Perrin Field	33.714100	-96.673698
PNY	Pondicherry Airport	11.968000	79.812000
PNZ	Senador Nilo Coelho Airport	-9.362422	-40.569098
POA	Porto Alegre-Salgado Filho International Airport	-29.993984	-51.167482
POB	Pope Field	35.170898	-79.014503
POC	Brackett Field	34.091599	-117.781998
POD	Podor Airport	16.678155	-14.964957
POE	Polk Army Air Field	31.044800	-93.191704
POF	Poplar Bluff Municipal Airport	36.773899	-90.324898
POG	Port Gentil International Airport	-0.711739	8.754380
POH	Pocahontas Municipal Airport	42.742802	-94.647301
POI	Capitan Nicolas Rojas Airport	-19.543331	-65.723734
POJ	Patos de Minas Airport	-18.672673	-46.491292
POL	Pemba Airport	-12.993302	40.524867
POM	Port Moresby Jacksons International Airport	-9.443380	147.220001
PON	Poptún Airport	16.325800	-89.416100
POO	Poços de Caldas - Embaixador Walther Moreira Salles Airport	-21.842529	-46.569768
POP	Gregorio Luperon International Airport	19.757900	-70.570000
POR	Pori Airport	61.461700	21.799999
POS	Piarco International Airport	10.595350	-61.337568
POT	Ken Jones Airport	18.198799	-76.534500
POU	Dutchess County Airport	41.626598	-73.884201
POV	Prešov Air Base	49.029701	21.315599
POW	Portorož Airport	45.472010	13.615951
POX	Pontoise-Cormeilles Aerodrome	49.096064	2.035543
POY	Powell Municipal Airport	44.867199	-108.792999
POZ	Poznań-Ławica Airport	52.421598	16.823359
PPA	Perry Lefors Field	35.612999	-100.996002
PPB	Presidente Prudente Airport	-22.175100	-51.424599
PPC	Prospect Creek Airport	66.814102	-150.643997
PPE	Mar de Cortés International Airport	31.351987	-113.305177
PPF	Tri-City Airport	37.329899	-95.506203
PPG	Pago Pago International Airport	-14.331000	-170.710007
PPH	Paraitepuy Airstrip	4.600362	-61.498160
PPI	Port Pirie Airport	-33.238899	137.994995
PPJ	Pulau Panjang Airport	-5.644444	106.562500
PPK	Petropavl International Airport	54.775622	69.187415
PPL	Phaplu Airport	27.517752	86.585019
PPM	Pompano Beach Airpark	26.247101	-80.111099
PPN	Guillermo León Valencia Airport	2.454359	-76.609253
PPP	Proserpine Whitsunday Coast Airport	-20.494416	148.553583
PPQ	Paraparaumu Airport	-40.904701	174.988998
PPR	Tuanku Tambusai Airport	0.845431	100.370154
PPS	Puerto Princesa International Airport / PAF Antonio Bautista Air Base	9.742044	118.759110
PPT	Fa'a'ā International Airport	-17.553472	-149.606936
PPU	Hpapun Airport	18.066700	97.449799
PPW	Papa Westray Airport	59.351012	-2.900353
PPX	Param Airport	-9.990000	149.477000
PPY	Pouso Alegre Airport	-22.289200	-45.919102
PPZ	Puerto Paez Airport	6.220095	-67.447508
PQC	Phú Quốc International Airport	10.169783	103.993530
PQI	Presque Isle International Airport	46.688999	-68.044800
PQM	Palenque International Airport	17.533153	-92.015484
PQQ	Port Macquarie Airport	-31.435801	152.863007
PQS	Pilot Station Airport	61.961690	-162.941944
PRA	General Urquiza Airport	-31.794800	-60.480400
PRB	Paso Robles Municipal Airport	35.672901	-120.626999
PRC	Prescott Regional Airport - Ernest A. Love Field	34.653502	-112.419883
PRD	Pardoo Airport	-20.119428	119.571945
PRE	Pore Airport	5.733333	-71.983333
PRG	Václav Havel Airport Prague	50.100874	14.259911
PRH	Phrae Airport	18.132200	100.165001
PRI	Praslin Island Airport	-4.319256	55.691561
PRK	Prieska Airport	-29.683599	22.770599
PRM	Portimão Airport	37.149300	-8.583960
PRN	Priština Adem Jashari International Airport	42.572800	21.035801
PRO	Perry Municipal Airport	41.827999	-94.159897
PRP	Propriano Airport	41.660599	8.889750
PRQ	Termal Airport	-26.753611	-60.492222
PRR	Paruima Airport	5.817240	-61.055489
PRS	Parasi Airport	-9.641670	161.425003
PRU	Pyay Airport	18.824499	95.265999
PRV	Přerov Air Base	49.425800	17.404699
PRW	Prentice Airport	45.538313	-90.275978
PRX	Cox Field	33.636600	-95.450798
PRY	Wonderboom Airport	-25.653900	28.224199
PRZ	Prineville Airport	44.286999	-120.903999
PSA	Pisa International Airport	43.683899	10.392700
PSB	Mid-State Regional Airport	40.884399	-78.087303
PSC	Tri Cities Airport	46.264702	-119.119003
PSD	Port Said International Airport	31.279285	32.240582
PSE	Mercedita International Airport	18.008301	-66.563004
PSF	Pittsfield Municipal Airport	42.426800	-73.292900
PSG	Petersburg James A Johnson Airport	56.801701	-132.945007
PSH	Sankt Peter-Ording Airport	54.308887	8.686944
PSI	Pasni Airport	25.290501	63.345100
PSJ	Kasiguncu Airport	-1.414121	120.659241
PSK	New River Valley Airport	37.137299	-80.678497
PSL	Perth/Scone Airport	56.439201	-3.372220
PSM	Portsmouth International Airport at Pease	43.077900	-70.823303
PSN	Palestine Municipal Airport	31.779699	-95.706299
PSO	Antonio Nariño Airport	1.396722	-77.290930
PSP	Palm Springs International Airport	33.829700	-116.507004
PSR	Abruzzo Airport	42.431079	14.182981
PSS	Libertador Gral D Jose De San Martin Airport	-27.385800	-55.970700
PSU	Pangsuma Airport	0.834579	112.940217
PSW	José Figueiredo Municipal Airport	-20.731838	-46.662011
PSX	Palacios Municipal Airport	28.727501	-96.250999
PSY	Port Stanley Airport	-51.685699	-57.777599
PSZ	Capitán Av. Salvador Ogaya G. airport	-18.975301	-57.820599
PTA	Port Alsworth Airport	60.201681	-154.325863
PTB	Dinwiddie County Airport	37.183800	-77.507401
PTF	Malolo Lailai Island Airport	-17.778448	177.196996
PTG	Polokwane International Airport	-23.845269	29.458615
PTH	Port Heiden Airport	56.957893	-158.630219
PTJ	Portland Airport	-38.318100	141.470993
PTK	Oakland County International Airport	42.665501	-83.420097
PTL	Walter Braedt Segú Airport	-4.086870	-81.025770
PTM	Palmarito Airport	7.575479	-70.174435
PTN	Harry P Williams Memorial Airport	29.709499	-91.338997
PTO	Juvenal Loureiro Cardoso Airport	-26.217184	-52.694463
PTP	Maryse Condé International Airport	16.265443	-61.532754
PTQ	Porto de Moz Airport	-1.741307	-52.236026
PTS	Atkinson Municipal Airport	37.449501	-94.731102
PTT	Pratt Regional Airport	37.701599	-98.746902
PTU	Platinum Airport	59.017675	-161.827927
PTV	Porterville Municipal Airport	36.029598	-119.063004
PTW	Heritage Field	40.239601	-75.556702
PTX	Pitalito Airport	1.857770	-76.085700
PTY	Tocumen International Airport	9.071360	-79.383499
PTZ	Rio Amazonas Airport	-1.505240	-78.062698
PUA	Puas Airport	-2.395000	150.236100
PUB	Pueblo Memorial Airport	38.289101	-104.497002
PUC	Carbon County Regional Airport / Buck Davis Field	39.613899	-110.751000
PUD	Puerto Deseado Airport	-47.735300	-65.904100
PUE	Puerto Obaldía Airport	8.668813	-77.417399
PUF	Pau Pyrénées Airport	43.380001	-0.418611
PUG	Port Augusta Airport	-32.506901	137.716995
PUJ	Punta Cana International Airport	18.567093	-68.364558
PUK	Pukaruha Airport	-18.295726	-137.016291
PUN	Punia Airport	-1.390698	26.348146
PUP	Po Airport	11.179139	-1.148472
PUQ	President Carlos Ibáñez International Airport	-53.002602	-70.854599
PUR	Puerto Rico Airport	-11.107663	-67.551155
PUS	Gimhae International Airport	35.179501	128.938004
PUT	Sri Sathya Sai Airport	14.149300	77.791100
PUU	Tres De Mayo Airport	0.505228	-76.500800
PUV	Poum / Malabou Airport	-20.289155	164.099350
PUW	Pullman-Moscow Regional Airport	46.741601	-117.111630
PUX	El Mirador Airport	-41.349400	-72.946701
PUY	Pula Airport	44.893501	13.922200
PUZ	Puerto Cabezas Airport	14.047200	-83.386703
PVA	El Embrujo Airport	13.357461	-81.357977
PVC	Provincetown Municipal Airport	42.071899	-70.221397
PVD	Rhode Island T. F. Green International Airport	41.725038	-71.425668
PVF	Placerville Airport	38.724201	-120.752998
PVG	Shanghai Pudong International Airport	31.143400	121.805000
PVH	Governador Jorge Teixeira de Oliveira International Airport	-8.708491	-63.902338
PVI	Paranavaí Airport	-23.089899	-52.488499
PVK	Aktion National Airport	38.925499	20.765301
PVL	Pike County Airport Hatcher Field	37.560795	-82.570051
PVO	Reales Tamarindos Airport	-1.041650	-80.472198
PVR	Puerto Vallarta International Airport	20.679913	-105.254391
PVS	Provideniya Bay Airport	64.378098	-173.242996
PVU	Provo Municipal Airport	40.218894	-111.722445
PVW	Hale County Airport	34.168098	-101.717003
PWA	Wiley Post Airport	35.534199	-97.647102
PWD	Sher-Wood Airport	48.790298	-104.533997
PWE	Pevek Airport	69.783302	170.597000
PWI	Beles Airport	11.312600	36.416400
PWK	Chicago Executive Airport	42.114222	-87.901494
PWL	Jenderal Besar Soedirman Airport	-7.461239	109.414124
PWM	Portland International Jetport	43.646198	-70.309303
PWN	Pitts Town Airport	22.829700	-74.346100
PWO	Pweto Airport	-8.400768	28.926285
PWQ	Pavlodar International Airport	52.194982	77.073088
PWT	Bremerton National Airport	47.490200	-122.764999
PWY	Ralph Wenz Field	42.795502	-109.806999
PXA	Atung Bungsu Airport	-4.022500	103.379167
PXH	Prominent Hill Airport	-29.716000	135.524400
PXL	Polacca Airport	35.791698	-110.422997
PXM	Puerto Escondido International Airport	15.876808	-97.089100
PXO	Porto Santo Airport	33.073399	-16.350000
PXR	Surin Airport	14.868300	103.498001
PXU	Pleiku Airport	14.004500	108.016998
PYA	Velásquez Airport	5.939040	-74.457000
PYB	Jeypore Airport	18.879549	82.552478
PYC	Playón Chico Airport	9.306920	-78.235273
PYE	Tongareva Airport	-9.014370	-158.032410
PYG	Pakyong Airport	27.231300	88.587196
PYH	Cacique Aramare Airport	5.619990	-67.606102
PYJ	Polyarny Airport	66.400398	112.029999
PYK	Payam International Airport	35.776100	50.826698
PYM	Plymouth Municipal Airport	41.909000	-70.728798
PYN	Payán Airport	1.800000	-78.166667
PYO	Putumayo Airport	0.115949	-75.850220
PYR	Andravida Air Base	37.920700	21.292601
PYS	Paradise Skypark Airport	39.710290	-121.616528
PYT	Pedro Rabelo de Souza Airport	-17.242599	-46.883099
PYV	Yaviza Airport	8.152800	-77.687000
PYY	Pai Airport	19.372054	98.435904
PZA	Paz de Ariporo Airport	5.876146	-71.886671
PZB	Pietermaritzburg Airport	-29.649000	30.398701
PZH	Zhob Airport	31.358400	69.463600
PZI	Panzhihua Bao'anying Airport	26.540000	101.798520
PZK	Pukapuka Island Airport	-10.914500	-165.839300
PZL	Zulu Inyala Airport	-27.849400	32.309700
PZO	General Manuel Carlos Piar International Airport	8.288530	-62.760399
PZR	Pizarro Airport	4.961621	-77.363913
PZS	Maquehue Airport	-38.766800	-72.637100
PZU	Port Sudan New International Airport	19.434558	37.234125
PZY	Piešťany Airport	48.625198	17.828400
QBC	Bella Coola Airport	52.387501	-126.596001
QCH	Colatina Airport	-19.487476	-40.579362
QCP	Currais Novos Airport	-6.280833	-36.540279
QCY	RAF Coningsby	53.092999	-0.166014
QDB	Cachoeira do Sul Airport	-30.001900	-52.940800
QDV	Comte. Rolim Adolfo Amaro–Jundiaí State Airport	-23.180861	-46.943921
QGF	Montenegro Airport	-29.719400	-51.489399
QGP	Garanhuns Airport	-8.834280	-36.471600
QGU	Gifu Airport	35.394100	136.869995
QHR	Harar Meda Airport	8.716300	39.005900
QHU	Husum-Schwesing Airport	54.509998	9.138333
QHV	Novo Hamburgo Airport	-29.696100	-51.081699
QIG	Iguatu Airport	-6.346319	-39.294448
QIT	Itapetinga Airport	-15.244500	-40.277199
QJP	Pocheon (G-217) Airport	37.864555	127.176633
QMJ	Shahid Asiyaee Airport	32.001719	49.268599
QOW	Sam Mbakwe International Cargo Airport	5.427060	7.206030
QPG	Paya Lebar Air Base	1.360420	103.910004
QRA	Rand Airport	-26.242500	28.151199
QRF	Bragado Airport	-35.145811	-60.480294
QRM	Narromine Airport	-32.214699	148.225006
QRO	Querétaro Intercontinental Airport	20.618779	-100.186449
QRW	Warri Airport	5.598210	5.818700
QSC	Mário Pereira Lopes–São Carlos International Airport	-21.875032	-47.903851
QSF	Ain Arnat Airport	36.178488	5.329909
QSI	Moshi Airport	-3.363330	37.326900
QSR	Salerno Costa d'Amalfi Airport	40.620399	14.911300
QSX	New Amsterdam Airport	6.244324	-57.474172
QSZ	Shache Airport	38.245420	77.056149
QUB	Ubari Airport	26.567499	12.823100
QUG	Goodwood Aerodrome	50.859832	-0.760073
QUO	Akwa Ibom International Airport	4.872500	8.093000
QUY	RAF Wyton	52.357117	-0.107787
RAA	Rakanda Airport	-4.209600	152.438500
RAB	Tokua Airport	-4.340460	152.380005
RAC	John H Batten Airport	42.760601	-87.815201
RAE	Arar Domestic Airport	30.906601	41.138199
RAF	Rafaela Airport	-31.282500	-61.501700
RAG	Raglan Aerodrome	-37.804699	174.860001
RAH	Rafha Domestic Airport	29.626400	43.490601
RAI	Nelson Mandela International Airport	14.941126	-23.484728
RAJ	Rajkot Airport	22.309200	70.779503
RAK	Marrakesh Menara Airport	31.604807	-8.035788
RAL	Riverside Municipal Airport	33.951900	-117.445000
RAM	Ramingining Airport	-12.356400	134.897995
RAN	Ravenna Airport	44.364291	12.224996
RAO	Leite Lopes Airport	-21.134314	-47.774053
RAP	Rapid City Regional Airport	44.045300	-103.056999
RAQ	Sugimanuru Airport	-4.763298	122.566352
RAR	Rarotonga International Airport	-21.202700	-159.806000
RAS	Sardar-e-Jangal Airport	37.323333	49.617778
RAV	Cravo Norte Airport	6.316404	-70.211370
RAW	Arawa Airport	-6.220556	155.571389
RAX	Oram Airport	-9.632917	148.048056
RAZ	Rawalakot Airport	33.849701	73.798103
RBA	Rabat-Salé Airport	34.051498	-6.751520
RBB	Borba Airport	-4.406340	-59.602402
RBC	Robinvale Airport	-34.642887	142.773042
RBD	Dallas Executive Airport	32.680901	-96.868202
RBE	Ratanakiri Airport	13.730000	106.987000
RBF	Big Bear City Airport	34.263802	-116.856003
RBG	Roseburg Regional Airport	43.238800	-123.356003
RBI	Rabi Island Airport	-16.533700	179.975700
RBJ	Rebun Airport	45.455002	141.039001
RBK	French Valley Airport	33.574200	-117.127998
RBL	Red Bluff Municipal Airport	40.150700	-122.251999
RBM	Straubing Airport	48.900833	12.516667
RBO	Roboré Airport	-18.328224	-59.765339
RBP	Raba Raba Airport	-9.971111	149.832222
RBQ	Rurrenabaque Airport	-14.427900	-67.496803
RBR	Rio Branco-Plácido de Castro International Airport	-9.869031	-67.893984
RBS	Orbost Airport	-37.790001	148.610001
RBT	Marsabit Airport	2.344254	37.999996
RBU	Roebourne Airport	-20.763898	117.155199
RBV	Ramata Airport	-8.168060	157.643005
RBW	Lowcountry Regional Airport	32.921001	-80.640602
RBX	Rumbek Airport	6.831074	29.669073
RBY	Ruby Airport	64.727203	-155.470001
RBZ	Shahrisabz Southwest Airport	39.030067	66.775825
RCA	Ellsworth Air Force Base	44.145000	-103.103996
RCB	Richards Bay Airport	-28.740999	32.092098
RCE	Roche Harbor Airport	48.612301	-123.139000
RCH	Almirante Padilla Airport	11.526200	-72.926000
RCK	H H Coffield Regional Airport	30.631599	-96.989700
RCL	Redcliffe Airport	-15.472000	167.835007
RCM	Richmond Airport	-20.701900	143.115005
RCO	Rochefort-Saint-Agnant (BA 721) Airport	45.887798	-0.983056
RCQ	Reconquista Airport	-29.210278	-59.683333
RCR	Fulton County Airport	41.065601	-86.181702
RCS	Rochester Airport	51.351898	0.503333
RCU	Area De Material Airport	-33.085098	-64.261299
RCY	Rum Cay International Airport	23.683440	-74.836302
RDA	Rockhampton Downs Airport	-18.953300	135.201004
RDB	Red Dog Airport	68.032097	-162.899002
RDC	Redenção Airport	-8.031188	-49.979687
RDD	Redding Municipal Airport	40.508999	-122.292999
RDE	Merdey Airport	-1.591154	133.295867
RDG	Reading Regional Airport (Carl A Spaatz Field)	40.378502	-75.965202
RDL	Bardawil International Airport	30.410714	33.155350
RDM	Roberts Field	44.254101	-121.150002
RDN	LTS Pulau Redang Airport	5.764804	103.004942
RDO	Warsaw Radom Airport	51.389370	21.214742
RDP	Kazi Nazrul Islam Airport	23.622500	87.243000
RDR	Grand Forks Air Force Base	47.961102	-97.401199
RDS	Rincon De Los Sauces Airport	-37.390598	-68.904198
RDT	Richard Toll Airport	16.437816	-15.656376
RDU	Raleigh-Durham International Airport	35.878659	-78.787300
RDV	Red Devil Airport	61.788101	-157.350006
RDZ	Rodez–Aveyron Airport	44.407902	2.482670
REA	Reao Airport	-18.466520	-136.438550
REB	Müritz Airpark	53.306389	12.752222
REC	Recife/Guararapes - Gilberto Freyre International Airport	-8.127470	-34.922961
RED	Mifflin County Airport	40.677399	-77.626801
REE	Reese Airpark	33.590302	-102.037003
REG	Reggio Calabria Airport	38.071201	15.651600
REI	Régina Airport	4.313390	-52.132745
REL	Almirante Marco Andres Zar Airport	-43.210500	-65.270300
REN	Orenburg Central Airport	51.792668	55.457229
REO	Rome State Airport	42.577702	-117.885002
REQ	Reko Diq Airport	29.046920	62.196819
RER	Retalhuleu Airport	14.521431	-91.697001
RES	Resistencia International Airport	-27.449910	-59.056125
RET	Røst Airport	67.526482	12.101575
REU	Reus Airport	41.147509	1.168354
REW	Rewa Airport, Chorhata, REWA	24.503401	81.220299
REX	General Lucio Blanco International Airport	26.008900	-98.228500
REY	Reyes Airport	-14.304400	-67.353401
REZ	Resende Airport	-22.478500	-44.480301
RFA	Rafaï Airport	4.988610	23.927799
RFD	Chicago Rockford International Airport	42.195400	-89.097198
RFG	Rooke Field	28.293600	-97.322998
RFK	Rollang Field	32.953543	-90.845144
RFN	Raufarhöfn Airport	66.406403	-15.918300
RFP	Raiatea Airport	-16.722900	-151.466003
RFR	Rio Frio / Progreso Airport	10.327400	-83.887604
RFS	Rosita Airport	13.889700	-84.408897
RGA	Gobernador Ramón Trejo Noel International Airport	-53.777700	-67.749400
RGH	Balurghat Airport	25.261700	88.795601
RGI	Rangiroa Airport	-14.954300	-147.660995
RGK	Gorno-Altaysk Airport	51.969204	85.836539
RGL	Piloto Civil Norberto Fernández International Airport	-51.608791	-69.308948
RGN	Yangon International Airport	16.907301	96.133202
RGO	Orang (Chongjin) Airport	41.428538	129.647555
RGR	Ranger Municipal Airport	32.452599	-98.682800
RGS	Burgos Airport	42.357601	-3.620760
RGT	Japura Airport	-0.352808	102.334999
RHA	Reykhólar Airport	65.452629	-22.206116
RHD	Termas de Río Hondo international Airport	-27.496600	-64.935950
RHG	Ruhengeri Airport	-1.496873	29.631343
RHI	Rhinelander Oneida County Airport	45.631199	-89.467499
RHL	Roy Hill Station Airport	-22.625816	119.959030
RHN	Skorpion Mine Airport	-27.876400	16.647800
RHO	Rhodes International Airport "Diagoras"	36.405399	28.086201
RHP	Ramechhap Airport	27.393999	86.061401
RHT	Alxa Right Banner Badanjilin Airport	39.225000	101.546000
RHV	Reid-Hillview Airport of Santa Clara County	37.332901	-121.819000
RIA	Santa Maria Airport	-29.711399	-53.688202
RIB	Capitán Av. Selin Zeitun Lopez Airport	-11.009355	-66.075468
RIC	Richmond International Airport	37.505199	-77.319702
RID	Richmond Municipal Airport	39.757198	-84.842796
RIE	Rice Lake Regional Airport - Carl's Field	45.423024	-91.773127
RIF	Richfield Municipal Airport	38.734068	-112.101603
RIG	Rio Grande Regional Airport	-32.083065	-52.167184
RIH	Scarlett Martinez International Airport	8.375880	-80.127899
RIJ	Juan Simons Vela Airport	-6.067860	-77.160004
RIL	Garfield County Regional Airport	39.526299	-107.726997
RIM	San Nicolas Airport	-6.392310	-77.501198
RIN	Ringi Cove Airport	-8.126390	157.143005
RIR	Flabob Airport	33.989700	-117.411003
RIS	Rishiri Airport	45.242001	141.186005
RIV	March Air Reserve Base	33.880699	-117.259003
RIW	Central Wyoming Regional Airport	43.064201	-108.459999
RIX	Riga International Airport	56.920752	23.970711
RIY	Riyan International Airport	14.662241	49.375289
RIZ	Rizhao Shanzihe Airport	35.405033	119.324403
RJA	Rajahmundry Airport	17.105799	81.813204
RJB	Rajbiraj Airport	26.510066	86.733902
RJH	Shah Makhdum Airport	24.437201	88.616501
RJI	Rajouri Airport	33.377899	74.315201
RJK	Rijeka Airport	45.216376	14.570850
RJL	Logroño-Agoncillo Airport	42.460953	-2.322235
RJM	Marinda Airport	-0.424969	130.773535
RJN	Rafsanjan Airport	30.298345	56.048979
RKA	Aratika Nord Airport	-15.485673	-145.464778
RKD	Knox County Regional Airport	44.060101	-69.099197
RKE	Copenhagen Roskilde Airport	55.585602	12.131400
RKH	Rock Hill - York County Airport	34.987801	-81.057198
RKI	Mentawai Airport	-2.100100	99.704400
RKP	Aransas County Airport	28.086800	-97.044601
RKR	Robert S Kerr Airport	35.021599	-94.621300
RKS	Southwest Wyoming Regional Airport	41.594200	-109.065001
RKT	Ras Al Khaimah International Airport	25.613501	55.938801
RKU	Kairuku Airport	-8.817000	146.524383
RKV	Reykjavík Domestic Airport	64.128732	-21.937590
RKW	Rockwood Municipal Airport	35.922298	-84.689697
RKY	Rokeby Airport	-13.643400	142.641000
RKZ	Xigaze Peace Airport / Shigatse Air Base	29.350876	89.299157
RLA	Rolla Downtown Airport	37.935699	-91.813499
RLD	Richland Airport	46.305599	-119.304001
RLG	Rostock-Laage Airport	53.918201	12.278300
RLK	Bayannur Tianjitai Airport	40.926358	107.740930
RLO	Valle Del Conlara International Airport	-32.384701	-65.186501
RLP	Rosella Plains Airport	-18.425300	144.458700
RLR	Relais de la Reine Airport	-22.645343	45.323914
RLT	Arlit Airport	18.790400	7.365950
RMA	Roma Airport	-26.545000	148.774994
RMB	Buraimi Airport	24.241626	55.783674
RMD	Basanth Nagar Airport	18.701000	79.392300
RME	Griffiss International Airport	43.233799	-75.406998
RMF	Marsa Alam International Airport	25.555548	34.592450
RMG	Richard B Russell Airport	34.350601	-85.157997
RMI	Federico Fellini International Airport	44.020024	12.612198
RMK	Renmark Airport	-34.196400	140.673996
RML	Colombo Ratmalana International Airport	6.821638	79.885859
RMN	Rumginae Airport	-5.897222	141.271667
RMO	Chişinău International Airport	46.927740	28.931704
RMP	Rampart Airport	65.507896	-150.141007
RMQ	Taichung International Airport / Ching Chuang Kang Air Base	24.264700	120.621002
RMS	Ramstein Air Base	49.436901	7.600280
RMT	Rimatara Airport	-22.637250	-152.805900
RMU	Region of Murcia International Airport	37.802852	-1.124884
RMY	Mariposa Yosemite Airport	37.510899	-120.040001
RMZ	Tobolsk Remezov Airport	58.059712	68.347997
RNA	Ulawa Airport	-9.860544	161.979547
RNB	Ronneby Airport	56.266701	15.265000
RNC	Warren County Memorial Airport	35.698700	-85.843803
RND	Randolph Air Force Base	29.529699	-98.278900
RNE	Roanne-Renaison Airport	46.053818	3.999023
RNH	New Richmond Regional Airport	45.148300	-92.538101
RNI	Corn Island Airport	12.174785	-83.059445
RNJ	Yoron Airport	27.043847	128.401648
RNL	Rennell/Tingoa Airport	-11.550000	160.062778
RNM	Qarn Alam Airport	21.377199	57.056293
RNN	Bornholm Airport	55.063301	14.759600
RNO	Reno Tahoe International Airport	39.499100	-119.767998
RNP	Rongelap Island Airport	11.157200	166.886993
RNS	Rennes-Saint-Jacques Airport	48.069500	-1.734790
RNT	Renton Municipal Airport	47.493099	-122.216003
RNU	Ranau Airport	5.957793	116.680191
RNZ	Jasper County Airport	40.947899	-87.182602
ROA	Roanoke–Blacksburg Regional Airport	37.325500	-79.975403
ROB	Roberts International Airport	6.233790	-10.362300
ROC	Frederick Douglass Greater Rochester International Airport	43.118900	-77.672401
ROD	Robertson Airport	-33.812199	19.902800
ROF	Montague-Yreka Rohrer Field	41.730400	-122.545998
ROG	Rogers Municipal Airport-Carter Field	36.372299	-94.106903
ROH	Robinhood Airport	-18.844999	143.710007
ROI	Roi Et Airport	16.116800	103.774002
ROK	Rockhampton Airport	-23.380019	150.475359
ROL	Roosevelt Municipal Airport	40.278301	-110.051003
RON	Juan Jose Rondon Airport	5.764540	-73.105400
ROO	Maestro Marinho Franco Airport	-16.584292	-54.724803
ROP	Rota International Airport	14.173267	145.241103
ROR	Roman Tmetuchl International Airport	7.366965	134.544085
ROS	Rosario Islas Malvinas International Airport	-32.903600	-60.785000
ROT	Rotorua Regional Airport	-38.109200	176.317001
ROU	Ruse Airport	43.694801	26.056700
ROV	Platov International Airport	47.493888	39.924722
ROW	Roswell Air Center Airport	33.301601	-104.530998
ROX	Roseau Municipal Rudy Billberg Field	48.855999	-95.696999
ROY	Rio Mayo Airport	-45.703899	-70.245598
ROZ	Rota Naval Station Airport	36.645199	-6.349460
RPA	Rolpa Airport	28.267292	82.756496
RPB	Roper Bar Airport	-14.734814	134.525485
RPM	Ngukurr Airport	-14.722800	134.746994
RPN	Rosh Pina Airport	32.980999	35.571899
RPR	Swami Vivekananda Airport	21.180401	81.738800
RPU	Urucu Airport	-4.884263	-65.355421
RPV	Roper Valley Airport	-14.921500	134.050000
RPX	Roundup Airport	46.475095	-108.541497
RQA	Ruoqiang Loulan Airport	38.974722	88.008333
RQO	El Reno Regional Airport	35.472698	-98.005798
RQW	Qayyarah West Airport	35.767200	43.125099
RQY	Rashtrakavi Kuvempu Airport	13.858024	75.618868
RRE	Marree Airport	-29.663300	138.065002
RRG	Sir Charles Gaetan Duval Airport	-19.756696	63.359326
RRJ	Jacarepaguá - Roberto Marinho Airport	-22.986773	-43.372194
RRK	Rourkela Airport	22.256571	84.815193
RRL	Merrill Municipal Airport	45.198898	-89.712898
RRM	Marromeu Airport	-18.319259	35.949501
RRR	Raroia Airport	-16.050485	-142.476568
RRS	Røros Airport	62.578400	11.342300
RRT	Warroad International Memorial Airport	48.941399	-95.348396
RRV	Robinson River Airport	-16.718300	136.945007
RSA	Santa Rosa Airport	-36.588299	-64.275703
RSB	Roseberth Airport	-25.825737	139.627476
RSD	Rock Sound International Airport	24.891650	-76.177602
RSH	Russian Mission Airport	61.775071	-161.319466
RSI	Red Sea International Airport	25.627975	37.088914
RSK	Abresso Airport	-1.496667	134.192500
RSL	Russell Municipal Airport	38.872101	-98.811798
RSN	Ruston Regional Airport	32.514187	-92.588517
RSS	Damazin Airport	11.785900	34.336700
RST	Rochester International Airport	43.908298	-92.500000
RSU	Yeosu Airport	34.842300	127.616997
RSW	Southwest Florida International Airport	26.534685	-81.752816
RTA	Rotuma Airport	-12.482500	177.070999
RTB	Juan Manuel Gálvez International Airport	16.316799	-86.523003
RTC	Ratnagiri Airport	17.013599	73.327797
RTE	Campo de Marte Airport	-23.509100	-46.637798
RTG	Frans Sales Lega Airport	-8.596171	120.478177
RTI	David Constantijn Saudale Airport	-10.765834	123.076046
RTL	Spirit Lake Municipal Airport	43.387501	-95.139198
RTM	Rotterdam The Hague Airport	51.956902	4.437220
RTN	Raton Municipal Airport / Crews Field	36.741501	-104.501999
RTO	Budiarto Airport	-6.293171	106.570000
RTP	Rutland Plains Airport	-15.644963	141.844373
RTS	Rottnest Island Airport	-32.006699	115.540001
RTU	Maratua Airport	2.197590	118.599361
RTY	Merty Merty Airport	-28.582713	140.303264
RUA	Arua Airport	3.049152	30.911714
RUD	Shahrud International Airport	36.424889	55.104289
RUE	Rughenda Airfield	0.117142	29.312992
RUF	Yuruf Airport [UNUSABLE]	-3.628919	140.953689
RUG	Rugao Air Base	32.258341	120.501131
RUH	King Khalid International Airport	24.957600	46.698799
RUI	Sierra Blanca Regional Airport	33.462799	-105.535004
RUK	Rukum Chaurjahari Airport	28.627001	82.194021
RUL	Maavaarulaa Airport	0.338085	73.512869
RUM	Rumjatar Airport	27.303499	86.550400
RUN	Roland Garros Airport	-20.890087	55.518894
RUP	Rupsi Airport	26.141867	89.907892
RUR	Rurutu Airport	-22.434099	-151.360992
RUS	Marau Airport	-9.861670	160.824997
RUT	Rutland - Southern Vermont Regional Airport	43.529400	-72.949600
RUU	Ruti Airport	-5.334444	144.256667
RUV	Rubelsanto Airport	15.992000	-90.445297
RUY	Rioamarillo Airport	14.914885	-89.007837
RVA	Farafangana Airport	-22.805300	47.820599
RVC	River Cess Airport and Heliport	5.472469	-9.585460
RVD	General Leite de Castro Airport	-17.834723	-50.956112
RVE	Los Colonizadores Airport	6.951868	-71.857179
RVK	Rørvik Airport, Ryum	64.838303	11.146100
RVN	Rovaniemi Airport	66.563327	25.829751
RVO	Reivilo Airport	-27.547199	24.172501
RVR	Green River Municipal Airport	38.961399	-110.226997
RVS	Tulsa Riverside Airport	36.039600	-95.984596
RVT	Ravensthorpe Airport	-33.797199	120.208000
RVV	Raivavae Airport	-23.885201	-147.662003
RVY	Pres. Gral. Óscar D. Gestido Binational Airport	-30.974600	-55.476200
RWF	Redwood Falls Municipal Airport	44.547199	-95.082298
RWI	Rocky Mount Wilson Regional Airport	35.856300	-77.891899
RWL	Rawlins Municipal Airport/Harvey Field	41.805599	-107.199997
RWN	Rivne International Airport	50.607101	26.141600
RXA	Ar Rawdah Airport	14.448720	47.279550
RXE	Rexburg Madison County Airport	43.833900	-111.805002
RXS	Roxas Airport	11.597700	122.751999
RYB	Staroselye Airport	58.104198	38.929401
RYK	Shaikh Zaid Airport	28.383900	70.279602
RYL	Royal Zambezi Lodge Airstrip	-15.724789	29.303541
RYN	Royan-Médis Airport	45.628101	-0.972500
RYO	28 de Noviembre Airport	-51.605000	-72.220300
RZA	Santa Cruz Airport	-50.016500	-68.579200
RZE	Rzeszów-Jasionka Airport	50.109791	22.024155
RZH	Preobrazheniye Airport	42.921698	133.904438
RZP	Cesar Lim Rodriguez (Taytay-Sandoval) Airport	11.050650	119.519266
RZR	Ramsar Airport	36.907010	50.687316
RZS	Sawan Airport	26.966200	68.878098
RZV	Rize–Artvin Airport	41.179766	40.848802
SAA	Shively Field	41.444901	-106.823997
SAB	Juancho E. Yrausquin Airport	17.645330	-63.220514
SAC	Sacramento Executive Airport	38.512501	-121.492996
SAD	Safford Regional Airport	32.854801	-109.635002
SAF	Santa Fe Municipal Airport	35.617100	-106.088997
SAG	Shirdi International Airport	19.689211	74.373655
SAH	Sanaa International Airport	15.476300	44.219700
SAI	Siem Reap-Angkor International Airport	13.369740	104.223831
SAK	Sauðárkrókur Airport	65.731697	-19.572800
SAL	El Salvador International Airport Saint Óscar Arnulfo Romero y Galdámez	13.444470	-89.055784
SAM	Salamo Airport	-9.670100	150.790300
SAN	San Diego International Airport	32.733601	-117.190002
SAP	Ramón Villeda Morales International Airport	15.452600	-87.923599
SAQ	San Andros Airport	25.053801	-78.049004
SAR	Sparta Community Airport - Hunter Field	38.148899	-89.698700
SAS	Salton Sea Airport	33.241402	-115.952003
SAT	San Antonio International Airport	29.533701	-98.469803
SAU	Sabu-Tardanu Airport	-10.492400	121.848200
SAV	Savannah Hilton Head International Airport	32.126591	-81.199980
SAW	Istanbul Sabiha Gökçen International Airport	40.898602	29.309200
SAX	Sambú Airport	8.026279	-78.209555
SAZ	Sasstown Airport	4.681845	-8.434668
SBA	Santa Barbara Municipal Airport	34.426201	-119.839996
SBB	Santa Bárbara de Barinas Airport	7.803514	-71.165718
SBC	Selbang Airport	-5.315000	141.752000
SBD	San Bernardino International Airport	34.096717	-117.236596
SBE	Suabi Airport	-6.104444	142.278333
SBF	Sardeh Band Airport	33.320702	68.636497
SBG	Maimun Saleh Airport	5.874668	95.339670
SBH	St. Jean Airport	17.904398	-62.843333
SBI	Sambailo Airport	12.575315	-13.363349
SBJ	São Mateus - Ernesto Bonomo Airport	-18.721300	-39.833698
SBK	Saint-Brieuc-Armor Airport	48.538628	-2.853518
SBL	Santa Ana Del Yacuma Airport	-13.762200	-65.435204
SBM	Sheboygan County Memorial Airport	43.769600	-87.851402
SBN	South Bend International Airport	41.708304	-86.316922
SBO	Salina Gunnison Airport	39.029099	-111.837997
SBP	San Luis County Regional Airport	35.236801	-120.641998
SBQ	Sibi Airport	29.571199	67.847900
SBR	Saibai Island Airport	-9.378330	142.625000
SBS	Steamboat Springs Bob Adams Field	40.516300	-106.865997
SBT	Sabetta International Airport	71.219167	72.052222
SBU	Springbok Airport	-29.689301	17.939600
SBV	Sabah Airport	-5.576500	155.048900
SBW	Sibu Airport	2.261600	111.985001
SBX	Shelby Airport	48.540699	-111.871002
SBY	Salisbury Ocean City Wicomico Regional Airport	38.340500	-75.510300
SBZ	Sibiu International Airport	45.785841	24.086666
SCA	Santa Catalina Airport	8.500000	-76.175000
SCB	Scribner State Airport	41.610298	-96.629898
SCC	Deadhorse Airport	70.194702	-148.464996
SCD	Sulaco Airport	14.907200	-87.263397
SCE	State College Regional Airport	40.849374	-77.848520
SCF	Scottsdale Airport	33.622898	-111.911003
SCG	Spring Creek Airport	-18.637704	144.545672
SCH	Schenectady County Airport	42.852501	-73.928902
SCI	Paramillo Airport	7.801389	-72.202778
SCK	Stockton Metropolitan Airport	37.893279	-121.238079
SCL	Comodoro Arturo Merino Benítez International Airport	-33.393002	-70.785797
SCM	Scammon Bay Airport	61.844710	-165.575209
SCN	Saarbrücken Airport	49.214545	7.109735
SCO	Aktau International Airport	43.860093	51.090860
SCP	Mont-Dauphin Saint-Crépin Airfield	44.701698	6.600280
SCQ	Santiago-Rosalía de Castro Airport	42.896301	-8.415140
SCR	Scandinavian Mountains Airport	61.165080	12.833520
SCT	Socotra Airport	12.632093	53.906173
SCU	Antonio Maceo International Airport	19.974740	-75.835504
SCV	Suceava Ștefan cel Mare International Airport	47.687500	26.354099
SCW	Syktyvkar Airport	61.646999	50.845100
SCX	Estación Aeronaval de Salina Cruz	16.212601	-95.201599
SCY	San Cristóbal Airport	-0.910206	-89.617401
SCZ	Santa Cruz/Graciosa Bay/Luova Airport	-10.720300	165.794998
SDB	Langebaanweg Airport	-32.968899	18.160299
SDC	Sand Creek Airport	2.991300	-59.510000
SDD	Lubango Mukanka International Airport	-14.924839	13.576653
SDE	Vicecomodoro Angel D. La Paz Aragonés Airport	-27.765556	-64.309998
SDF	Louisville Muhammad Ali International Airport	38.170600	-85.735076
SDG	Sanandaj Airport	35.245899	47.009201
SDI	Saidor Airport	-5.627139	146.462778
SDJ	Sendai Airport	38.139702	140.917007
SDK	Sandakan Airport	5.900900	118.058998
SDL	Sundsvall-Härnösand Airport	62.528099	17.443899
SDM	Brown Field Municipal Airport	32.572639	-116.980019
SDN	Sandane Airport, Anda	61.830002	6.105830
SDP	Sand Point Airport	55.313908	-160.522099
SDQ	Las Américas International Airport	18.429701	-69.668900
SDR	Seve Ballesteros-Santander Airport	43.427101	-3.820010
SDS	Sado Airport	38.060200	138.414001
SDT	Saidu Sharif Airport	34.813599	72.352798
SDU	Santos Dumont Airport	-22.910397	-43.162820
SDW	Sindhudurg Airport	16.002552	73.529846
SDX	Sedona Airport	34.848598	-111.788002
SDY	Sidney - Richland Regional Airport	47.705141	-104.194422
SEA	Seattle–Tacoma International Airport	47.447943	-122.310276
SEB	Sabha Airport	26.992452	14.466162
SEE	Gillespie Field	32.826199	-116.972000
SEF	Sebring Regional Airport	27.456400	-81.342400
SEG	Penn Valley Airport	40.820599	-76.863899
SEH	Senggeh Airport	-3.442448	140.778079
SEK	Srednekolymsk Airport	67.480500	153.736400
SEM	Craig Field	32.343899	-86.987801
SEN	London Southend Airport	51.570562	0.693627
SEO	Séguéla Airport	7.960000	-6.644167
SEP	Stephenville Clark Regional Airport	32.215302	-98.177696
SEQ	Sungai Pakning Bengkalis Airport	1.370000	102.139999
SER	Freeman Municipal Airport	38.923599	-85.907402
SES	Svetlogorsk Airport	66.839996	88.403336
SET	Santa Magalhães Airport	-8.061433	-38.328888
SEU	Seronera Airport	-2.458060	34.822498
SEW	Siwa Oasis North Airport	29.346234	25.505624
SEY	Sélibaby Airport	15.179700	-12.207300
SEZ	Seychelles International Airport	-4.674340	55.521801
SFA	Sfax Thyna International Airport	34.717999	10.691000
SFB	Orlando Sanford International Airport	28.774277	-81.234626
SFC	St-François Airport	16.257799	-61.262501
SFD	San Fernando de Apure Las Flecheras National Airport	7.883320	-67.444000
SFE	San Fernando Airport	16.595600	120.303001
SFF	Felts Field	47.682899	-117.321925
SFG	Grand Case-l'Espérance Airport	18.100057	-63.047444
SFH	San Felipe International Airport	30.930060	-114.808459
SFJ	Kangerlussuaq International Airport	67.010446	-50.715294
SFK	Soure Airport	-0.697844	-48.519759
SFL	São Filipe Airport	14.885000	-24.480000
SFM	Sanford Seacoast Regional Airport	43.393902	-70.708000
SFN	Sauce Viejo Airport	-31.711700	-60.811700
SFO	San Francisco International Airport	37.619806	-122.374821
SFS	Subic Bay International Airport / Naval Air Station Cubi Point	14.794833	120.271883
SFT	Skellefteå Airport	64.624802	21.076900
SFU	Safia Airport	-9.594471	148.639305
SFV	Santa Fé do Sul Airport	-20.228473	-50.968943
SFX	Macagua Airport	8.278800	-62.665200
SFZ	North Central State Airport	41.920799	-71.491402
SGA	Sheghnan Airport	37.497642	71.508484
SGC	Surgut International Airport	61.340501	73.405782
SGD	Sønderborg Airport	54.964401	9.791730
SGE	Siegerland Airport	50.707699	8.082970
SGF	Springfield Branson National Airport	37.245047	-93.388596
SGH	Springfield-Beckley Municipal Airport	39.840302	-83.840202
SGI	Mushaf Air Base	32.048599	72.665001
SGK	Sengapi Airstrip	-5.125833	144.323611
SGL	Danilo Atienza Air Base	14.495400	120.903999
SGM	San Ignacio Airport	27.296473	-112.938809
SGN	Tan Son Nhat International Airport	10.818800	106.652000
SGO	St George Airport	-28.049700	148.595001
SGP	Shay Gap Airport	-20.424700	120.140999
SGQ	Sangkimah Airport	0.384421	117.542832
SGR	Sugar Land Regional Airport	29.622299	-95.656502
SGT	Stuttgart Municipal Airport / Carl Humphrey Field	34.599499	-91.574997
SGU	St George Regional Airport	37.036389	-113.510306
SGV	Sierra Grande Airport	-41.591702	-65.339401
SGX	Songea Airport	-10.683000	35.583000
SGY	Skagway Airport	59.460343	-135.316651
SGZ	Songkhla Airport	7.186560	100.608002
SHA	Shanghai Hongqiao International Airport	31.198104	121.334260
SHB	Nakashibetsu Airport	43.577499	144.960007
SHC	Shire Inda Selassie Airport	14.075699	38.273592
SHD	Shenandoah Valley Regional Airport	38.263802	-78.896400
SHE	Shenyang Taoxian International Airport	41.639800	123.483668
SHF	Shihezi Huayuan Airport	44.242100	85.890500
SHG	Shungnak Airport	66.888100	-157.162003
SHH	Shishmaref Airport	66.249604	-166.089112
SHI	Shimojishima Airport	24.826700	125.144997
SHJ	Sharjah International Airport	25.328600	55.517200
SHK	Sehonghong Airport	-29.731088	28.767945
SHL	Shillong Airport	25.703600	91.978699
SHM	Nanki Shirahama Airport	33.662201	135.363998
SHN	Sanderson Field	47.233601	-123.148003
SHO	King Mswati III International Airport	-26.358611	31.716944
SHQ	Southport Airport	-27.921848	153.371469
SHR	Sheridan County Airport	44.769199	-106.980003
SHS	Jingzhou Shashi Airport	30.292810	112.448540
SHT	Shepparton Airport	-36.428341	145.391473
SHU	Smith Point Airport	-11.133566	132.159570
SHV	Shreveport Regional Airport	32.444747	-93.826741
SHW	Sharurah Domestic Airport	17.466900	47.121399
SHX	Shageluk Airport	62.692144	-159.569035
SHY	Shinyanga Airport	-3.609300	33.503500
SHZ	Seshutes Airport	-29.267599	28.552299
SIA	Xi'an Xiguan Airport	34.376701	109.120003
SIB	Sibiti Airport	-3.686610	13.374020
SIC	San José Island Airport	8.262200	-79.078000
SID	Amílcar Cabral International Airport	16.741400	-22.949400
SIF	Simara Airport	27.159803	84.980021
SIG	Fernando Luis Ribas Dominicci Airport	18.456800	-66.098099
SIH	Silgadi Doti Airport	29.262226	80.935968
SIJ	Siglufjörður Airport	66.137847	-18.908157
SIK	Sikeston Memorial Municipal Airport	36.898899	-89.561798
SIL	Sila Airport	-9.073556	148.389250
SIM	Simbai Airport	-5.278611	144.544722
SIN	Singapore Changi Airport	1.350190	103.994003
SIO	Smithton Airport	-40.834999	145.084000
SIP	Simferopol International Airport	45.052200	33.975101
SIQ	Dabo Airport	-0.479611	104.579498
SIR	Sion Airport	46.219166	7.326944
SIS	Sishen Airport	-27.648600	22.999300
SIT	Sitka Rocky Gutierrez Airport	57.047100	-135.362000
SIU	Siuna	13.727222	-84.777779
SIV	Sullivan County Airport	39.114700	-87.448303
SIW	Sibisa Airport	2.601967	98.962381
SIX	Singleton Airport	-32.600832	151.193056
SIY	Siskiyou County Airport	41.781399	-122.468002
SIZ	Sissano Airport	-2.999444	142.044500
SJA	San Juan de Marcona Airport	-15.357508	-75.135005
SJB	San Joaquín Airport	-13.067209	-64.675205
SJC	Mineta San Jose International Airport	37.362452	-121.929188
SJD	Los Cabos International Airport	23.151919	-109.720731
SJE	Jorge E. Gonzalez Torres Airport	2.579690	-72.639400
SJH	San Juan Del César Airport	10.766667	-73.016667
SJI	San Jose Airport	12.361500	121.046997
SJJ	Sarajevo International Airport	43.824600	18.331499
SJK	Professor Urbano Ernesto Stumpf Airport	-23.229200	-45.861500
SJL	São Gabriel da Cachoeira Airport	-0.148350	-66.985500
SJN	St Johns Industrial Air Park	34.518600	-109.378998
SJO	Juan Santamaría International Airport	9.993860	-84.208801
SJP	Prof. Eribelto Manoel Reino State Airport	-20.817113	-49.406963
SJQ	Sesheke Airport	-17.476320	24.306089
SJR	San Juan De Uraba Airport	8.766667	-76.533333
SJS	San José De Chiquitos Airport	-17.830799	-60.743099
SJT	San Angelo Regional Mathis Field	31.357700	-100.496002
SJU	Luis Munoz Marin International Airport	18.439400	-66.001801
SJV	San Javier Airport	-16.270800	-62.470299
SJW	Shijiazhuang Zhengding International Airport	38.280701	114.696999
SJX	Sartaneja Airport	18.356100	-88.130798
SJY	Seinäjoki Airport	62.692101	22.832300
SJZ	São Jorge Airport	38.665501	-28.175800
SKA	Fairchild Air Force Base	47.615101	-117.655998
SKB	Robert L. Bradshaw International Airport	17.310845	-62.719117
SKC	Suki Airport	-8.046600	141.722200
SKD	Samarkand International Airport	39.701842	66.981467
SKF	Lackland Air Force Base	29.384199	-98.581100
SKG	Thessaloniki Macedonia International Airport	40.519280	22.970009
SKH	Surkhet Airport	28.586000	81.636002
SKJ	Singkawang Airport	0.789936	108.960395
SKK	Shaktoolik Airport	64.371101	-161.223999
SKL	Broadford Airstrip	57.253131	-5.827755
SKM	Skeldon Airport	5.859676	-57.149010
SKN	Stokmarknes Airport, Skagen	68.578827	15.033417
SKO	Sadiq Abubakar III International Airport	12.915729	5.207547
SKP	Skopje International Airport	41.958087	21.622581
SKQ	Sekakes Airport	-30.038900	28.370300
SKR	Shakiso Airport	5.692300	38.976400
SKS	Skrydstrup Air Base	55.221048	9.267020
SKT	Sialkot International Airport	32.535941	74.364623
SKU	Skiros Airport	38.967602	24.487200
SKV	Saint Catherine International Airport	28.684292	34.064409
SKW	Skwentna Airport	61.965302	-151.190994
SKX	Saransk International Airport	54.125130	45.212257
SKZ	Begum Nusrat Bhutto International Airport Sukkur	27.722000	68.791702
SLA	Martín Miguel de Güemes International Airport	-24.856001	-65.486198
SLB	Storm Lake Municipal Airport	42.597301	-95.240700
SLC	Salt Lake City International Airport	40.788860	-111.979866
SLD	Sliač Airport	48.637798	19.134100
SLE	Salem-Willamette Valley Airport/McNary Field	44.909500	-123.002998
SLF	As-Sulayyil Airport	20.464701	45.619598
SLG	Smith Field	36.191898	-94.489998
SLH	Sola Airport	-13.851700	167.537003
SLI	Solwesi Airport	-12.173700	26.365101
SLJ	Solomon Airport	-22.256770	117.850454
SLK	Adirondack Regional Airport	44.386910	-74.204629
SLL	Salalah International Airport	17.038700	54.091301
SLM	Salamanca Airport	40.952099	-5.501990
SLN	Salina Municipal Airport	38.791000	-97.652199
SLO	Salem–Leckrone Airport	38.642899	-88.964203
SLP	Ponciano Arriaga International Airport	22.262026	-100.935692
SLQ	Sleetmute Airport	61.700500	-157.166000
SLR	Sulphur Springs Municipal Airport	33.159801	-95.621101
SLT	Salida Airport - Harriet Alexander Field	38.538300	-106.049004
SLU	George F. L. Charles Airport	14.020200	-60.992901
SLV	Shimla Airport	31.081800	77.068001
SLW	Plan de Guadalupe International Airport	25.537860	-100.928346
SLX	Salt Cay Airport	21.333000	-71.199997
SLY	Salekhard Airport	66.590797	66.611000
SLZ	Marechal Cunha Machado International Airport	-2.586386	-44.235008
SMA	Santa Maria Airport	36.971401	-25.170601
SMB	Franco Bianco Airport	-52.736698	-69.333603
SMD	Smith Field	41.143398	-85.152802
SME	Lake Cumberland Regional Airport	37.053398	-84.615898
SMF	Sacramento International Airport	38.695400	-121.591003
SMH	Sapmanga Airport	-6.075278	146.811111
SMI	Samos Airport	37.689999	26.911699
SMJ	Sim Airport	-7.750000	146.927300
SMK	St Michael Airport	63.490101	-162.110001
SML	Stella Maris Airport	23.582317	-75.268621
SMM	Semporna Airport	4.454596	118.595023
SMN	Lemhi County Airport	45.122233	-113.881960
SMO	Santa Monica Municipal Airport	34.015800	-118.450996
SMP	Stockholm Landing Strip	-4.350000	151.550000
SMQ	Sampit (H.Asan) Airport	-2.499198	112.974987
SMR	Simón Bolívar International Airport	11.119600	-74.230600
SMS	Sainte Marie Airport	-17.093901	49.815800
SMT	Adolino Bedin Regional Airport	-12.479177	-55.672341
SMU	Sheep Mountain Airport	61.812000	-147.507004
SMV	Engadin Airport	46.534100	9.884110
SMW	Smara Airport	26.731987	-11.683655
SMX	Santa Maria Public Airport Captain G Allan Hancock Field	34.898899	-120.457001
SMY	Simenti Airport	13.046800	-13.295400
SMZ	Stoelmanseiland Airport	4.351389	-54.418056
SNA	John Wayne Orange County International Airport	33.675063	-117.869281
SNB	Snake Bay Airport	-11.417674	130.648481
SNC	General Ulpiano Paez International Airport	-2.210057	-80.985067
SNE	Preguiça Airport	16.588852	-24.284132
SNF	Sub Teniente Nestor Arias Airport	10.278700	-68.755203
SNG	Capitán Av. Juan Cochamanidis S. Airport	-16.387190	-60.962318
SNH	Stanthorpe Airport	-28.620113	151.983281
SNI	Greenville/Sinoe Airport	5.032124	-9.064236
SNJ	San Julián Air Base	22.100525	-84.157376
SNK	Winston Field	32.690212	-100.948918
SNL	Shawnee Regional Airport	35.357899	-96.942802
SNM	San Ignacio de Moxos Airport	-14.965800	-65.633800
SNN	Shannon Airport	52.702000	-8.924820
SNO	Sakon Nakhon Airport	17.195101	104.119003
SNP	St Paul Island Airport	57.166311	-170.222555
SNQ	San Quintín Military Airstrip	30.528800	-115.946200
SNR	Saint-Nazaire-Montoir Airport	47.311420	-2.152634
SNS	Salinas Municipal Airport	36.662800	-121.606003
SNT	Las Cruces Airport	7.383220	-73.505402
SNU	Abel Santamaria International Airport	22.492215	-79.943119
SNV	Santa Elena de Uairén Airport	4.554699	-61.145234
SNW	Thandwe Airport	18.460699	94.300102
SNX	Semnan Municipal Airport	35.591099	53.495098
SNY	Sidney Municipal Airport Lloyd W Carr Field	41.101299	-102.985001
SNZ	Santa Cruz Air Force Base	-22.932400	-43.719101
SOA	Sóc Trăng Airport	9.581400	105.960200
SOB	Hévíz–Balaton Airport	46.686391	17.159084
SOC	Adisoemarmo International Airport	-7.516044	110.757492
SOD	Sorocaba Airport	-23.478001	-47.490002
SOE	Souanke Airport	1.998326	14.174217
SOF	Sofia Airport	42.696357	23.417671
SOG	Sogndal Airport, Haukåsen	61.156101	7.137780
SOH	Solita Airport	3.016667	-71.750000
SOJ	Sørkjosen Airport	69.786797	20.959400
SOK	Semonkong Airport	-29.838600	28.059999
SOL	Solomon State Field	64.560500	-164.445700
SOM	San Tomé Airport	8.945147	-64.151085
SON	Santo Pekoa International Airport	-15.505000	167.220001
SOO	Söderhamn Airport	61.261501	17.099100
SOP	Moore County Airport	35.237184	-79.389381
SOQ	Domine Eduard Osok Airport	-0.894000	131.287000
SOR	Al Thaurah Airport	34.390394	40.152560
SOT	Sodankyla Airport	67.394997	26.619101
SOU	Southampton Airport	50.950298	-1.356800
SOV	Seldovia Airport	59.442981	-151.705227
SOW	Show Low Regional Airport	34.264062	-110.007091
SOX	Alberto Lleras Camargo Airport	5.677320	-72.970300
SOY	Stronsay Airport	59.155300	-2.641390
SOZ	Solenzara (BA 126) Air Base	41.924400	9.406000
SPA	Spartanburg Downtown Memorial Airport	34.915699	-81.956497
SPC	La Palma Airport	28.626499	-17.755600
SPD	Saidpur Airport	25.759199	88.908897
SPE	Sepulot Airport	4.733000	116.467003
SPF	Black Hills Airport-Clyde Ice Field	44.480301	-103.782997
SPG	Albert Whitted Airport	27.765100	-82.626999
SPH	Sopu Airport	-8.303800	147.165900
SPI	Abraham Lincoln Capital Airport	39.844101	-89.677902
SPJ	Sparti Airfield	36.973800	22.525708
SPM	Spangdahlem Air Base	49.976507	6.698413
SPN	Saipan International Airport	15.119384	145.728848
SPP	Menongue Airport	-14.657600	17.719801
SPR	John Greif II Airport	17.913900	-87.971100
SPS	Wichita Falls Municipal Airport / Sheppard Air Force Base	33.988800	-98.491898
SPT	Sipitang Airport	5.083333	115.550003
SPU	Split Saint Jerome Airport	43.538898	16.298000
SPV	Sepik Plains Airport	-3.882100	143.673400
SPW	Spencer Municipal Airport	43.165501	-95.202797
SPX	Sphinx International Airport	30.108179	30.895728
SPY	San Pedro Airport	4.746720	-6.660820
SPZ	Springdale Municipal Airport	36.176399	-94.119301
SQA	Santa Ynez Airport	34.606800	-120.075996
SQB	Santa Ana Airport	4.408333	-75.021667
SQC	Southern Cross Airport	-31.240000	119.360001
SQD	Shangrao Sanqingshan Airport	28.379700	117.964300
SQE	San Luis De Palenque Airport	5.400181	-71.700100
SQF	Solano Airport	0.702022	-75.250500
SQG	Tebelian Airport	-0.045214	111.458049
SQH	Na San Airport	21.215301	104.032803
SQI	Whiteside County Airport - Joseph H Bittorf Field	41.742175	-89.673629
SQJ	Sanming Shaxian Airport	26.426300	117.833600
SQK	Sidi EL Barrani Airport	31.472010	25.879272
SQL	San Carlos Airport	37.513130	-122.250838
SQM	São Miguel do Araguaia Airport	-13.331300	-50.197601
SQN	Emalamo Airport	-2.100424	125.965838
SQO	Storuman Airport	64.960899	17.696600
SQQ	Šiauliai International Airport	55.893902	23.395000
SQR	Soroako Airport	-2.530582	121.356096
SQS	Matthew Spain Airport	17.185898	-89.009936
SQT	China Strait Airstrip	-10.562778	150.690694
SQU	Saposoa Airport	-6.960030	-76.768402
SQV	Sequim Valley Airport	48.098099	-123.186996
SQW	Skive Airport	56.550201	9.172980
SQX	São Miguel do Oeste Hélio Wasum Airport	-26.781601	-53.503502
SQY	São Lourenço do Sul Airport	-31.383301	-52.032799
SRA	Luis Alberto Lehr Airport	-27.906580	-54.520628
SRB	Santa Rosa de Yacuma Airport	-14.073072	-66.787391
SRC	Searcy Municipal Airport	35.210602	-91.737503
SRD	San Ramón Airport	-13.263900	-64.603897
SRE	Alcantarí International Airport	-19.246835	-65.149611
SRG	Jenderal Ahmad Yani Airport	-6.970732	110.373244
SRH	Sarh Airport	9.144440	18.374399
SRJ	Capitán Av. German Quiroga G. Airport	-14.859200	-66.737503
SRL	Palo Verde Airport	27.092700	-112.098500
SRM	Sandringham Airport	-24.056800	139.082100
SRN	Strahan Airport	-42.154999	145.292007
SRO	Santana Ramos Airport	2.216667	-75.250000
SRP	Stord Airport, Sørstokken	59.791901	5.340850
SRQ	Sarasota Bradenton International Airport	27.394631	-82.554359
SRR	Dunwich Airport	-27.519005	153.427618
SRS	San Marcos Airport	8.690000	-75.156000
SRT	Soroti Airport	1.727690	33.622799
SRU	Surbung Airport	22.939167	93.615333
SRV	Stony River 2 Airport	61.789700	-156.589005
SRW	Mid-Carolina Regional Airport	35.645901	-80.520302
SRX	Sirt International Airport / Ghardabiya Airbase	31.058578	16.597095
SRY	Sari Dasht-e Naz International Airport	36.644408	53.188761
SRZ	El Trompillo Airport	-17.811600	-63.171501
SSA	Deputado Luiz Eduardo Magalhães International Airport	-12.908611	-38.322498
SSC	Shaw Air Force Base	33.972698	-80.470596
SSD	Víctor Lafón Airport	-32.745800	-70.705002
SSE	Solapur Airport	17.628000	75.934799
SSF	Stinson Municipal Airport	29.337000	-98.471100
SSG	Malabo International Airport	3.755270	8.708720
SSH	Sharm El Sheikh International Airport	27.977272	34.394717
SSI	St Simons Island Airport	31.151800	-81.391296
SSJ	Sandnessjøen Airport, Stokka	65.956802	12.468900
SSK	Sturt Creek Airport	-19.166401	128.173996
SSL	Santa Rosalia Airport	5.130900	-70.868200
SSN	Seoul Air Base (K-16)	37.444744	127.112718
SSO	São Lourenço Airport	-22.090900	-45.044498
SSP	Silver Plains Airport	-13.975400	143.553700
SSQ	La Sarre Airport	48.917198	-79.178596
SSR	Sara Airport	-15.470800	168.151993
SSS	Siassi Airport	-5.596500	147.810600
SST	Santa Teresita Airport	-36.542300	-56.721800
SSW	Stuart Island Airpark	48.673379	-123.175439
SSX	Singita Safari Lodge Airport	-24.801985	31.421940
SSY	Mbanza Congo Airport	-6.269900	14.247000
SSZ	Santos Nero Moura Air Base / Guarujá Airport	-23.928192	-46.300195
STA	Stauning Vestjylland Airport	55.990101	8.353910
STB	Miguel Urdaneta Fernández Airport	8.974550	-71.943253
STC	Saint Cloud Regional Airport	45.546600	-94.059898
STD	Mayor Buenaventura Vivas International Airport	7.565380	-72.035103
STE	Stevens Point Municipal Airport	44.545200	-89.530296
STG	St George Airport	56.577345	-169.663823
STH	Strathmore Airport	-17.862709	142.557788
STI	Cibao International Airport	19.404060	-70.604431
STJ	Rosecrans Memorial Airport	39.771900	-94.909698
STK	Sterling Municipal Airport	40.613497	-103.263833
STL	St. Louis Lambert International Airport	38.748697	-90.370003
STM	Santarém - Maestro Wilson Fonseca International Airport	-2.422423	-54.793060
STN	London Stansted Airport	51.884998	0.235000
STP	Saint Paul Downtown Holman Field	44.934790	-93.060036
STQ	St Marys Municipal Airport	41.412498	-78.502602
STR	Stuttgart Airport	48.689899	9.221960
STS	Charles M. Schulz Sonoma County Airport	38.508999	-122.813003
STT	Cyril E. King Airport	18.337091	-64.977251
STU	Santa Cruz Airport	18.272100	-88.456299
STV	Surat International Airport	21.115531	72.743251
STW	Stavropol Shpakovskoye Airport	45.109200	42.112801
STX	Henry E. Rohlsen Airport	17.701413	-64.802608
STY	Nueva Hesperides International Airport	-31.438499	-57.985298
SUA	Witham Field	27.181700	-80.221100
SUB	Juanda International Airport	-7.379830	112.787003
SUD	Stroud Municipal Airport	35.789600	-96.655701
SUE	Door County Cherryland Airport	44.843700	-87.421501
SUF	Lamezia Terme Sant'Eufemia International Airport	38.906214	16.246007
SUG	Surigao Airport	9.755838	125.480947
SUI	Vladislav Ardzinba Sukhum International Airport	42.858200	41.128101
SUJ	Satu Mare International Airport	47.703300	22.885700
SUK	Sakkyryr Airport	67.792000	130.394000
SUL	Sui Airport	28.645100	69.176903
SUM	Sumter Airport	33.994999	-80.361298
SUN	Friedman Memorial Airport	43.504398	-114.295998
SUO	Sunriver Airport	43.876301	-121.453003
SUP	Trunojoyo Airport	-7.022391	113.887699
SUQ	Sucúa Airport	-2.474201	-78.169041
SUR	Summer Beaver Airport	52.708599	-88.541901
SUS	Spirit of St Louis Airport	38.662102	-90.652000
SUT	Sumbawanga Airport	-7.948889	31.610278
SUU	Travis Air Force Base	38.262699	-121.927002
SUV	Nausori International Airport	-18.044226	178.561486
SUW	Richard I Bong Memorial Airport	46.688612	-92.095041
SUX	Sioux Gateway Airport / Brigadier General Bud Day Field	42.397605	-96.382237
SUY	Suntar Airport	62.185001	117.635002
SVA	Savoonga Airport	63.686401	-170.492996
SVB	Sambava Airport	-14.278600	50.174702
SVC	Grant County Airport	32.636701	-108.154736
SVD	Argyle International Airport	13.159725	-61.148801
SVE	Susanville Municipal Airport	40.375702	-120.572998
SVF	Savé Airport	8.018170	2.464580
SVG	Stavanger Airport, Sola	58.876701	5.637780
SVH	Statesville Regional Airport	35.765301	-80.953903
SVI	Eduardo Falla Solano Airport	2.152170	-74.766300
SVJ	Svolvær Airport, Helle	68.243301	14.669200
SVK	Silver Creek Airport	16.728338	-88.369174
SVL	Savonlinna Airport	61.943100	28.945101
SVN	Hunter Army Air Field	32.009998	-81.145699
SVO	Sheremetyevo International Airport	55.977486	37.386677
SVP	Kuito Airport	-12.404600	16.947399
SVQ	Seville Airport	37.417999	-5.893110
SVS	Stevens Village Airport	66.016727	-149.056835
SVT	Savuti Airport	-18.518475	24.077687
SVU	Savusavu Airport	-16.803394	179.340587
SVV	San Salvador de Paul Airport	7.000000	-62.000000
SVW	Sparrevohn LRRS Airport	61.097401	-155.574005
SVX	Koltsovo Airport	56.743099	60.802700
SVZ	Juan Vicente Gómez International Airport	7.840809	-72.439878
SWA	Jieyang Chaoshan International Airport	23.552000	116.503300
SWB	Shaw River Airport	-21.510300	119.362000
SWC	Stawell Airport	-37.071701	142.740997
SWD	Seward Airport	60.130478	-149.418612
SWE	Siwea Airport	-6.284181	147.582371
SWF	New York Stewart International Airport	41.504210	-74.108901
SWG	Satwag Airport	-6.139556	147.279167
SWH	Swan Hill Airport	-35.375801	143.533005
SWJ	Southwest Bay Airport	-16.486400	167.447200
SWL	San Vicente Airport	10.524298	119.272899
SWN	Sarsawa Air Force Station	29.994303	77.424560
SWO	Stillwater Regional Airport	36.162132	-97.085581
SWP	Swakopmund Municipal Aerodrome	-22.661900	14.568100
SWQ	Sultan Muhammad Kaharuddin III Airport	-8.489040	117.412003
SWR	Silur Airport	-4.529889	153.054444
SWS	Swansea Airport	51.601366	-4.071006
SWT	Strezhevoy Airport	60.709400	77.660004
SWU	Suwon Airport	37.239399	127.007004
SWV	Severo-Evensk Airport	61.921786	159.229059
SWW	Avenger Field	32.467400	-100.467003
SWX	Shakawe Airport	-18.373899	21.832600
SWY	Sitiawan Airport	4.222200	100.699300
SXA	Sialum Airport	-6.090800	147.595500
SXB	Strasbourg Airport	48.538300	7.628230
SXE	West Sale Airport	-38.090827	146.965335
SXG	Senanga Airport	-16.113000	23.298200
SXH	Sehulea Airport	-9.964528	151.161861
SXI	Siri Airport	25.908899	54.539398
SXJ	Shanshan Airport	42.911701	90.247498
SXK	Mathilda Batlayeri Airport	-7.848354	131.337068
SXL	Sligo Airport	54.280201	-8.599210
SXM	Princess Juliana International Airport	18.041000	-63.108898
SXN	Sua Pan Airport	-20.553400	26.115801
SXO	São Félix do Araguaia Airport	-11.632400	-50.689602
SXP	Nunam Iqua Airport	62.520599	-164.848006
SXQ	Soldotna Airport	60.474935	-151.038471
SXR	Srinagar International Airport	33.987099	74.774200
SXS	Sahabat [Sahabat 16] Airport	5.087780	119.094002
SXT	Sungai Tiang Airport	4.330278	102.394997
SXU	Soddu Airport	6.802810	37.686220
SXV	Salem Airport	11.783300	78.065598
SXW	Sauren Airport	-5.970100	148.854300
SXX	São Félix do Xingu Airport	-6.641300	-51.952300
SXY	Sidney Municipal Airport	42.302601	-75.416000
SXZ	Siirt Airport	37.978901	41.840401
SYA	Eareckson Air Station	52.712299	174.113998
SYC	Shiringayoc Airport	-11.898000	-69.062500
SYD	Sydney Kingsford Smith International Airport	-33.946098	151.177002
SYE	Sadah Airport	16.967542	43.728103
SYH	Syangboche Airport	27.811200	86.712400
SYI	Bomar Field / Shelbyville Municipal Airport	35.560101	-86.442497
SYJ	Sirjan Airport	29.550900	55.672699
SYK	Stykkishólmur Airport	65.058851	-22.764616
SYM	Pu'er Simao Airport	22.793301	100.959000
SYN	Stanton Airfield	44.475579	-93.016756
SYO	Shonai Airport	38.812199	139.787003
SYP	Ruben Cantu Airport	8.085600	-80.945297
SYQ	Tobías Bolaños International Airport	9.957050	-84.139801
SYR	Syracuse Hancock International Airport	43.111198	-76.106300
SYS	Saskylakh Airport	71.927902	114.080002
SYT	Saint-Yan Airport	46.414019	4.014177
SYU	Warraber Island Airport	-10.208300	142.824997
SYV	Sylvester Airport	31.558500	-83.895699
SYW	Sehwan Sharif Airport	26.473101	67.717201
SYX	Sanya Phoenix International Airport	18.302900	109.412003
SYY	Stornoway Airport	58.215599	-6.331110
SYZ	Shiraz Shahid Dastghaib International Airport	29.539200	52.589802
SZA	Soyo Airport	-6.141090	12.371800
SZB	Sultan Abdul Aziz Shah International Airport	3.130580	101.549004
SZE	Semera Airport	11.787500	40.991500
SZF	Samsun-Çarşamba Airport	41.253988	36.567546
SZG	Salzburg Airport	47.793301	13.004300
SZH	Shuozhou Zirun Airport	39.273241	112.691552
SZI	Zaysan Airport	47.487491	84.887675
SZJ	Siguanea Airport	21.642500	-82.955101
SZK	Skukuza Airport	-24.960850	31.588587
SZL	Whiteman Air Force Base	38.730301	-93.547897
SZM	Sesriem Airport	-24.512800	15.746700
SZN	Santa Cruz Island Airport	34.060070	-119.915229
SZP	Santa Paula Airport	34.347198	-119.060997
SZS	Ryan's Creek Aerodrome	-46.899700	168.100998
SZV	Suzhou Guangfu Airport	31.263100	120.401001
SZX	Shenzhen Bao'an International Airport	22.639474	113.803262
SZY	Olsztyn-Mazury Airport	53.481899	20.937700
SZZ	Solidarity Szczecin–Goleniów Airport	53.584702	14.902200
TAB	A.N.R. Robinson International Airport	11.149571	-60.831298
TAC	Daniel Z. Romualdez Airport	11.227761	125.027783
TAD	Perry Stokes Airport	37.259399	-104.341003
TAE	Daegu International Airport	35.894394	128.656989
TAF	Oran Tafraoui Airport	35.542400	-0.532278
TAG	Bohol-Panglao International Airport	9.573045	123.770143
TAH	Whitegrass Airport	-19.455099	169.223999
TAI	Taiz International Airport	13.686000	44.139099
TAJ	Tadji Airport	-3.198192	142.430964
TAK	Takamatsu Airport	34.214963	134.015454
TAL	Ralph M Calhoun Memorial Airport	65.174400	-152.108994
TAM	General Francisco Javier Mina International Airport	22.292622	-97.867058
TAN	Tangalooma Airport	-27.137693	153.364141
TAO	Qingdao Jiaodong International Airport	36.361953	120.088171
TAP	Tapachula International Airport	14.794549	-92.369871
TAQ	Tarcoola Airport	-30.702871	134.582820
TAR	Taranto-Grottaglie Marcello Arlotta Airport	40.517502	17.403200
TAS	Tashkent International Airport	41.257900	69.281197
TAT	Poprad-Tatry Airport	49.070994	20.241394
TAU	Tauramena Airport	5.012810	-72.742400
TAW	Tacuarembo Airport	-31.749001	-55.925801
TAX	Taliabu Island Airport	-1.642630	124.558998
TAY	Tartu Airport	58.307438	26.686473
TAZ	Dashoguz International Airport	41.759853	59.836149
TBB	Dong Tac Airport	13.049600	109.334000
TBC	Tuba City Airport	36.091146	-111.382860
TBD	Timbiqui Airport	2.778569	-77.668045
TBE	Timbunke Airport	-4.196633	143.519222
TBF	Tabiteuea North Airport	-1.224470	174.776001
TBG	Tabubil Airport	-5.280471	141.227576
TBH	Tugdan Airport	12.311000	122.084999
TBI	New Bight Airport	24.315300	-75.452301
TBJ	Tabarka-Aïn Draham International Airport	36.980000	8.876940
TBK	Timber Creek Airport	-15.620000	130.445007
TBL	Tableland Homestead Airport	-17.283300	126.900002
TBM	Tumbang Samba Airport	-1.469024	113.080984
TBN	Waynesville-St. Robert Regional Airport-Forney Field	37.741600	-92.140701
TBO	Tabora Airport	-5.076390	32.833302
TBP	Captain Pedro Canga Rodríguez International Airport	-3.552074	-80.381086
TBQ	Tarabo Airport	-6.466667	145.532222
TBR	Statesboro Bulloch County Airport	32.482700	-81.736900
TBS	Tbilisi International Airport	41.669201	44.954700
TBT	Tabatinga International Airport	-4.255670	-69.935799
TBU	Fua'amotu International Airport	-21.241438	-175.149164
TBV	Tabal Airstrip	8.302700	171.161500
TBW	Donskoye Airport	52.806099	41.482800
TBX	Tambelan Airport	0.979922	107.564658
TBY	Tshabong Airport	-26.034524	22.401252
TBZ	Tabriz International Airport	38.133900	46.235001
TCA	Tennant Creek Airport	-19.634399	134.182999
TCB	Treasure Cay Airport	26.745300	-77.391296
TCC	Tucumcari Municipal Airport	35.182800	-103.602997
TCD	Tarapacá Airport	-2.895802	-69.749762
TCE	Tulcea Danube Delta Airport	45.062500	28.714300
TCF	Tocoa Airport	15.659722	-85.994164
TCG	Tacheng Qianquan Airport	46.672501	83.340797
TCH	Tchibanga Airport	-2.888480	10.955429
TCJ	Torembi Airport	-4.016500	143.132900
TCK	Tinboli Airport	-4.094900	143.383800
TCL	Tuscaloosa National Airport	33.220600	-87.611397
TCM	McChord Air Force Base	47.137699	-122.475998
TCN	Tehuacán National Airport	18.497220	-97.420110
TCO	La Florida Airport	1.814420	-78.749200
TCP	Taba International Airport	29.594496	34.775752
TCQ	Coronel FAP Carlos Ciriani Santa Rosa International Airport	-18.053301	-70.275803
TCR	Tuticorin Airport	8.724241	78.025803
TCS	Truth or Consequences Municipal Airport	33.236900	-107.272003
TCT	Takotna Airport	62.993206	-156.029026
TCU	Thaba Nchu Tar Airport	-29.317801	26.822800
TCW	Tocumwal Airport	-35.811699	145.608002
TCX	Tabas Airport	33.667801	56.892700
TCY	Terrace Bay Airport	-19.972112	13.025486
TCZ	Tengchong Tuofeng Airport	24.938056	98.485833
TDA	Trinidad Airport	5.432780	-71.662500
TDB	Tetebedi Airport	-9.158600	148.068600
TDD	Teniente Av. Jorge Henrich Arauz Airport	-14.818700	-64.917999
TDG	Tandag Airport	9.072002	126.171320
TDJ	Tadjoura Airport	11.787037	42.917376
TDK	Taldykorgan Airport	45.122550	78.442758
TDL	Héroes de Malvinas Airport	-37.234634	-59.228647
TDN	Theda Station Airport	-14.790567	126.498041
TDO	Ed Carlson Memorial Field South Lewis County Airport	46.477200	-122.806000
TDP	Trompeteros Airport	-3.806010	-75.039299
TDR	Theodore Airport	-24.986796	150.093076
TDS	Sasereme Airport	-7.621700	142.868000
TDT	Tanda Tula Airport	-24.525533	31.289748
TDV	Samangoky Airport	-21.700001	43.733002
TDW	Tradewind Airport	35.169899	-101.825996
TDX	Trat Airport	12.274600	102.319000
TDZ	Toledo Executive Airport	41.564899	-83.482300
TEA	Tela Airport	15.775900	-87.475800
TEB	Teterboro Airport	40.850101	-74.060799
TEC	Telêmaco Borba Airport	-24.317801	-50.651600
TED	Thisted Airport	57.068802	8.705220
TEE	Cheikh Larbi Tébessi Airport	35.431599	8.120720
TEF	Telfer Airport	-21.715000	122.228996
TEG	Tenkodogo Airport	11.801149	-0.371377
TEH	Tetlin Airport	63.124618	-142.518005
TEI	Tezu Airport	27.941200	96.134399
TEK	Tatitlek Airport	60.871449	-146.690297
TEL	Telupid Airport	5.628610	117.125999
TEM	Temora Airport	-34.421398	147.511993
TEN	Tongren Fenghuang Airport	27.883333	109.308889
TEO	Terapo Airport	-8.169722	146.194444
TEP	Tep Tep Airport	-5.955300	146.559500
TEQ	Tekirdağ Çorlu Airport	41.138199	27.919100
TER	Lajes Airport	38.761799	-27.090799
TES	Tessenei Airport	15.104322	36.681711
TET	Tete Airport	-16.104799	33.640202
TEU	Manapouri Airport	-45.533100	167.649994
TEV	Teruel Airport	40.410269	-1.217366
TEX	Telluride Regional Airport	37.953800	-107.907997
TEY	Þingeyri Airport	65.870300	-23.559999
TEZ	Tezpur Airport	26.709101	92.784698
TFB	Tifalmin Airport	-5.117249	141.418076
TFF	Tefé Airport	-3.382940	-64.724098
TFI	Tufi Airport	-9.075954	149.319839
TFL	Juscelino Kubitscheck Airport	-17.892300	-41.513599
TFM	Telefomin Airport	-5.126080	141.641922
TFN	Tenerife Norte-Ciudad de La Laguna Airport	28.482752	-16.341707
TFS	Tenerife Sur Airport	28.044500	-16.572500
TFT	Taftan Airport	28.964199	61.595402
TFU	Chengdu Tianfu International Airport	30.312520	104.441284
TFY	Muhammad Taufiq Kiemas Airport	-5.211562	103.936501
TGA	Tengah Air Base	1.387561	103.708291
TGB	Tagbita Airstrip	8.714910	117.352590
TGC	Tanjung Manis Airport	2.177840	111.202003
TGD	Podgorica Airport / Podgorica Golubovci Airbase	42.359402	19.251900
TGG	Sultan Mahmud Airport	5.382640	103.102997
TGH	Tongoa Airport	-16.891100	168.550995
TGI	Tingo Maria Airport	-9.289667	-76.005058
TGJ	Tiga Airport	-21.096407	167.803790
TGK	Taganrog Yuzhny Airport	47.198333	38.849167
TGL	Tagula Airport	-11.331111	153.202917
TGM	Târgu Mureş Transilvania International Airport	46.467701	24.412500
TGN	Latrobe Valley Airport	-38.211004	146.470817
TGO	Tongliao Airport	43.556702	122.199997
TGP	Podkamennaya Tunguska Airport	61.589699	89.994003
TGQ	Tangará da Serra Airport	-14.662000	-57.443744
TGR	Touggourt Sidi Madhi Airport	33.067799	6.088670
TGS	Chokwé Airport	-24.520599	32.965302
TGT	Tanga Airport	-5.092360	39.071201
TGU	Toncontín Airport	14.060900	-87.217201
TGZ	Angel Albino Corzo International Airport	16.561611	-93.025731
THA	Tullahoma Regional Airport William Northern Field	35.380100	-86.246399
THB	Thaba-Tseka Airport	-29.522800	28.615801
THC	Tchien Airport	6.045650	-8.138723
THD	Tho Xuan Airport	19.901667	105.467778
THE	Senador Petrônio Portela Airport	-5.060250	-42.823712
THG	Thangool Airport	-24.494863	150.577967
THI	Tichitt Airport	18.433942	-9.486411
THK	Thakhek Airport	17.377917	104.857378
THL	Tachileik Airport	20.483801	99.935402
THM	Thompson Falls Airport	47.573502	-115.280998
THN	Trollhättan-Vänersborg Airport	58.318100	12.345000
THO	Þórshöfn Airport	66.218459	-15.334739
THP	Hot Springs County Airport	43.713602	-108.389687
THQ	Tianshui Maijishan Airport	34.560100	105.860343
THR	Mehrabad International Airport	35.689175	51.314392
THS	Sukhothai Airport	17.238001	99.818199
THT	Tamchakett Airport	17.231570	-10.779230
THU	Pituffik Space Base	76.530630	-68.700541
THV	York Airport	39.917000	-76.873001
THX	Turukhansk Airport	65.797203	87.935303
THY	Thohoyandou Airport	-23.076900	30.383600
THZ	Tahoua Airport	14.875700	5.265360
TIA	Tirana International Airport Mother Teresa	41.414700	19.720600
TIB	Tibú Airport	8.631520	-72.730400
TIC	Tinak Airport	7.121768	171.911584
TID	Abdelhafid Boussouf Bou Chekif Airport	35.341099	1.463150
TIE	Tippi Airport	7.202400	35.415000
TIF	Taif International Airport	21.484739	40.544074
TIH	Tikehau Airport	-15.119600	-148.231003
TII	Tarinkot Airport	32.604198	65.865799
TIJ	General Abelardo L. Rodriguez International Airport	32.541043	-116.969976
TIK	Tinker Air Force Base	35.414700	-97.386597
TIL	Cheadle Airport	51.057499	-113.624001
TIM	Mozes Kilangin Airport	-4.529780	136.887388
TIN	Tindouf Airport	27.700399	-8.167100
TIO	Tilin Airport	21.700001	94.099998
TIQ	Francisco Manglona Borja / Tinian International Airport	14.999207	145.619355
TIR	Tirupati International Airport	13.631988	79.539869
TIU	Timaru Airport	-44.302799	171.225006
TIV	Tivat Airport	42.404701	18.723301
TIW	Tacoma Narrows Airport	47.267407	-122.577295
TIX	Space Coast Regional Airport	28.514799	-80.799202
TIY	Tidjikja Airport	18.570101	-11.423500
TIZ	Tari Airport	-5.845000	142.947998
TJA	Capitan Oriel Lea Plaza Airport	-21.555700	-64.701302
TJB	Raja Haji Abdullah Airport	1.052870	103.391517
TJC	Ticantiquí Airport	9.418500	-78.489600
TJG	Warukin Airport	-2.216560	115.435997
TJH	Konotori Tajima Airport	35.512798	134.787003
TJI	Trujillo Airport	15.926599	-85.938573
TJK	Tokat Airport	40.324720	36.390560
TJL	Plínio Alarcom Airport	-20.752643	-51.682026
TJM	Roshchino International Airport	57.178984	65.327696
TJN	Takume Airport	-15.857434	-142.266469
TJQ	H A S Hanandjoeddin International Airport	-2.744109	107.754535
TJS	Tanjung Harapan Airport	2.838139	117.374584
TJU	Kulob International Airport	37.988098	69.805000
TJV	Thanjavur Air Force Station	10.723835	79.109457
TKA	Talkeetna Airport	62.320499	-150.093994
TKB	Tekadu Airport	-7.680800	146.550300
TKC	Tiko Airport	4.089190	9.360530
TKD	Takoradi Airport	4.896060	-1.774760
TKF	Truckee Tahoe Airport	39.318628	-120.140562
TKG	Radin Inten II International Airport	-5.246803	105.182531
TKH	Takhli Royal Thai Air Force Base	15.277300	100.295998
TKJ	Tok Junction Airport	63.329498	-142.953995
TKK	Chuuk International Airport	7.461870	151.843002
TKM	Taksimo Airport	56.361668	114.930000
TKN	Tokunoshima Airport	27.836382	128.881356
TKO	Tlokoeng Airport	-29.233000	28.882999
TKP	Takapoto Airport	-14.709500	-145.246002
TKQ	Kigoma Airport	-4.886200	29.670900
TKR	Thakurgaon Airport	26.016378	88.402092
TKS	Tokushima Awaodori Airport / JMSDF Tokushima Air Base	34.132559	134.607816
TKT	Tak Airport	16.896000	99.253304
TKU	Turku Airport	60.514099	22.262800
TKV	Tatakoto Airport	-17.355226	-138.447340
TKW	Tekin Airport	-5.243667	142.165194
TKX	Takaroa Airport	-14.455800	-145.024994
TKY	Turkey Creek Airport	-17.040800	128.205994
TKZ	Tokoroa Airfield	-38.236698	175.891998
TLA	Teller Airport	65.240402	-166.339005
TLB	Tarbela Dam Airport	33.986099	72.611397
TLC	Adolfo López Mateos International Airport	19.336900	-99.565830
TLD	Tuli Lodge Airport	-22.191897	29.131229
TLE	Toliara Airport	-23.383400	43.728500
TLF	Telida Airport	63.393902	-153.268997
TLH	Tallahassee International Airport	30.401209	-84.354330
TLI	Sultan Bantilan Airport	1.123428	120.793658
TLJ	Tatalina LRRS Airport	62.894402	-155.977005
TLK	Talakan Airport	59.876389	111.044444
TLL	Lennart Meri Tallinn Airport	59.413246	24.832640
TLM	Zenata – Messali El Hadj Airport	35.012732	-1.457117
TLN	Toulon-Hyères Airport	43.097301	6.146030
TLO	Tol Airport	-4.980830	152.009995
TLP	Tumolbil Airport	-4.774800	141.013300
TLQ	Turpan Jiaohe Airport	43.030800	89.098700
TLR	Mefford Field	36.156300	-119.325996
TLS	Toulouse-Blagnac Airport	43.629101	1.363820
TLT	Tuluksak Airport	61.086973	-160.922842
TLU	Golfo de Morrosquillo Airport	9.509450	-75.585400
TLV	Ben Gurion International Airport	32.011398	34.886700
TLW	Talasea Airport	-5.272600	150.008900
TLX	Panguilemo Airport	-35.377800	-71.601700
TLY	Plastun Airport	44.814999	136.292007
TLZ	Catalão Airport	-18.216801	-47.899700
TMA	Henry Tift Myers Airport	31.429001	-83.488503
TMB	Miami Executive Airport	25.647900	-80.432800
TMC	Tambolaka Airport	-9.409224	119.242558
TMD	Timbedra Airport	16.233671	-8.163464
TME	Gustavo Vargas Airport	6.451080	-71.760300
TMF	Thimarafushi Airport	2.211000	73.153300
TMG	Tomanggong Airport	5.402570	118.657630
TMH	Tanah Merah Airport	-6.096690	140.303521
TMI	Tumling Tar Airport	27.315001	87.193298
TMJ	Termez Airport	37.287261	67.311869
TML	Yakubu Tali International Airport	9.553909	-0.866060
TMM	Toamasina Ambalamanasy Airport	-18.113537	49.392262
TMN	Tamana Island Airport	-2.485830	175.970001
TMO	Tumeremo Airport	7.249380	-61.528930
TMP	Tampere-Pirkkala Airport	61.414101	23.604401
TMQ	Tambao Airport	14.790874	0.039492
TMR	Aguenar – Hadj Bey Akhamok Airport	22.810992	5.450832
TMS	São Tomé International Airport	0.378175	6.712150
TMT	Trombetas Airport	-1.489600	-56.396801
TMU	Tambor Airport	9.739307	-85.016199
TMW	Tamworth Airport	-31.077898	150.845484
TMX	Timimoun Airport	29.237101	0.276033
TMY	Tiom Airport	-3.925600	138.455500
TMZ	Thames Aerodrome	-37.156700	175.550003
TNA	Jinan Yaoqiang International Airport	36.857201	117.216003
TNB	Tanah Grogot Airport	-1.885541	116.256809
TNC	Tin City Long Range Radar Station Airport	65.563103	-167.921997
TND	Alberto Delgado Airport	21.788300	-79.997200
TNE	New Tanegashima Airport	30.605101	130.990997
TNF	Toussus-le-Noble Airport	48.751900	2.106190
TNG	Tangier Ibn Battuta Airport	35.731741	-5.921459
TNH	Tonghua Sanyuanpu Airport	42.048435	125.733963
TNI	Satna Airport	24.562620	80.852927
TNJ	Raja Haji Fisabilillah International Airport	0.923970	104.533410
TNK	Tununak Airport	60.569638	-165.246649
TNL	Ternopil International Airport	49.524200	25.700100
TNM	Teniente Rodolfo Marsh Martin Airport	-62.191026	-58.986690
TNN	Tainan International Airport / Tainan Air Base	22.950399	120.206001
TNO	Tamarindo Airport	10.313500	-85.815498
TNP	Twentynine Palms Airport	34.133901	-115.947347
TNQ	Washington Island Airstrip	4.698359	-160.394376
TNR	Ivato International Airport	-18.796900	47.478802
TNS	Tungsten (Cantung) Airport	61.956902	-128.203003
TNT	Dade Collier Training and Transition Airport	25.861788	-80.897010
TNU	Newton Municipal Airport	41.674400	-93.021698
TNV	Tabuaeran Island Airport	3.899440	-159.389008
TNW	Jumandy Airport	-1.060185	-77.580525
TNZ	Tosontsengel Airport	48.738870	98.294100
TOA	Zamperini Field	33.803398	-118.339996
TOB	Tobruk International Airport	31.861000	23.907000
TOC	Toccoa Airport - R.G. Letourneau Field	34.593800	-83.295799
TOD	Tioman Airport	2.818180	104.160004
TOE	Tozeur Nefta International Airport	33.939701	8.110560
TOF	Tomsk Kamov Airport	56.380299	85.208298
TOG	Togiak Airport	59.052799	-160.397003
TOH	Torres Airstrip	-13.328000	166.638000
TOI	Troy Municipal Airport at N Kenneth Campbell Field	31.860399	-86.012101
TOJ	Madrid–Torrejón Airport / Torrejón Air Base	40.487875	-3.456808
TOK	Torokina Airport	-6.201500	155.063000
TOL	Eugene F. Kranz Toledo Express Airport	41.586800	-83.807800
TOM	Tombouktou Airport	16.730499	-3.007580
TON	Tonu Airport	-6.655200	155.432600
TOO	San Vito de Java Airport	8.826971	-82.958922
TOP	Philip Billard Municipal Airport	39.069899	-95.622606
TOQ	Barriles Airport	-22.141100	-70.062897
TOR	Torrington Municipal Airport	42.064499	-104.153000
TOS	Tromsø Airport	69.683296	18.918900
TOT	Totness Airport	5.865830	-56.327499
TOU	Touho Airport	-20.790127	165.259524
TOW	Toledo - Luiz Dalcanale Filho Municipal Airport	-24.686300	-53.697498
TOX	Tobolsk Airport	58.135799	68.231903
TOY	Toyama Kitokito Airport	36.648416	137.187359
TOZ	Mahana Airport	8.293400	-7.674000
TPA	Tampa International Airport	27.975500	-82.533203
TPC	Tarapoa Airport	-0.122956	-76.337799
TPE	Taiwan Taoyuan International Airport	25.077700	121.233002
TPF	Peter O Knight Airport	27.915600	-82.449303
TPG	Taiping (Tekah) Airport	4.866432	100.715381
TPH	Tonopah Airport	38.060200	-117.086998
TPI	Tapini Airport	-8.356667	146.989167
TPJ	Taplejung Airport	27.350900	87.695250
TPK	Teuku Cut Ali Airport	3.169040	97.288299
TPL	Draughon Miller Central Texas Regional Airport	31.152500	-97.407799
TPN	Tiputini Airport	-0.776111	-75.526398
TPP	Cadete FAP Guillermo Del Castillo Paredes Airport	-6.508740	-76.373199
TPQ	Amado Nervo National Airport	21.419833	-104.842472
TPR	Tom Price Airport	-22.746000	117.869003
TPS	Vincenzo Florio Airport Trapani-Birgi	37.911400	12.488000
TPT	Tapeta Airport	6.494800	-8.873000
TPU	Tikapur Airport	28.521900	81.123000
TPX	Tupai Airport	-16.242300	-151.833800
TQD	Al Taqaddum Air Base	33.338100	43.597099
TQL	Tarko-Sale Airport	64.930485	77.811295
TQN	Taleqan Airport	36.770699	69.531998
TQO	Felipe Carrillo Puerto International Airport Tulum	20.172098	-87.660272
TQP	Trepell Airport	-21.834999	140.888000
TQQ	Maranggo Airport	-5.766423	123.918668
TQS	Captain Ernesto Esguerra Cubides Air Base	0.745900	-75.234000
TRA	Tarama Airport	24.653793	124.675453
TRC	Francisco Sarabia Tinoco International Airport	25.562265	-103.404608
TRD	Trondheim Airport, Værnes	63.457802	10.924000
TRE	Tiree Airport	56.499199	-6.869170
TRF	Sandefjord Airport, Torp	59.186699	10.258600
TRG	Tauranga Airport	-37.671902	176.195999
TRH	Trona Airport	35.812500	-117.327003
TRI	Tri-Cities Regional TN/VA Airport	36.475201	-82.407401
TRJ	Tarakbits Airport	-5.614000	141.042100
TRK	Juwata International Airport / Suharnoko Harbani AFB	3.325145	117.564169
TRL	Terrell Municipal Airport	32.709202	-96.267403
TRM	Jacqueline Cochran Regional Airport	33.626701	-116.160004
TRN	Turin Airport	45.200802	7.649630
TRO	Taree Airport	-31.888599	152.514008
TRQ	Tarauacá Airport	-8.155534	-70.782985
TRR	China Bay Airport	8.539159	81.181280
TRS	Trieste Airport	45.827862	13.466672
TRT	Toraja Airport	-3.184359	119.919104
TRU	Capitán FAP Carlos Martínez de Pinillos International Airport	-8.082382	-79.108821
TRV	Thiruvananthapuram International Airport	8.481889	76.920029
TRW	Bonriki International Airport	1.381640	173.147003
TRX	Trenton Municipal Airport	40.083500	-93.590599
TRY	Tororo Airport	0.683000	34.167000
TRZ	Tiruchirappalli International Airport	10.762915	78.717741
TSA	Taipei Songshan International Airport	25.067244	121.552822
TSB	Tsumeb Airport	-19.262079	17.732509
TSC	Taisha Airport	-2.381670	-77.502800
TSD	Tshipise Airport	-22.619301	30.175600
TSF	Treviso Airport	45.648399	12.194400
TSG	Tanacross Airport	63.374401	-143.335999
TSH	Tshikapa Airport	-6.438330	20.794701
TSI	Tsile Tsile Airport	-6.849800	146.355400
TSJ	Tsushima Airport	34.284901	129.330994
TSL	Tamuín National Airport	22.038300	-98.806502
TSM	Taos Regional Airport	36.452494	-105.677490
TSN	Tianjin Binhai International Airport	39.124401	117.346001
TSP	Tehachapi Municipal Airport	35.134998	-118.439003
TSQ	Torres Airport	-29.414900	-49.810001
TSR	Timișoara Traian Vuia International Airport	45.809898	21.337900
TST	Trang Airport	7.508740	99.616600
TSU	Tabiteuea South Airport	-1.474440	175.063995
TSV	Townsville Airport / RAAF Base Townsville	-19.252904	146.766512
TSW	Tsewi Airport	-7.069500	146.127200
TSY	Wiriadinata Airport	-7.347967	108.246998
TSZ	Tsetserleg Airport	47.461476	101.483804
TTA	Tan Tan Airport	28.447563	-11.161749
TTC	Las Breas Airport	-25.564301	-70.375900
TTD	Portland Troutdale Airport	45.549400	-122.401001
TTE	Sultan Babullah Airport	0.831012	127.381611
TTG	General Enrique Mosconi Airport	-22.616877	-63.793015
TTH	Thumrait Air Base	17.666000	54.024601
TTI	Tetiaroa Airport	-17.015095	-149.589372
TTJ	Tottori Sand Dunes Conan Airport	35.530058	134.165023
TTM	Tablón De Tamara Airport	5.726667	-72.100556
TTN	Trenton Mercer Airport	40.276699	-74.813499
TTO	Britton Municipal Airport	45.815201	-97.743103
TTQ	Tortuguero Airport	10.569000	-83.514900
TTR	Pongtiku Airport	-3.044740	119.821999
TTS	Tsaratanana Airport	-16.751064	47.619016
TTT	Taitung Airport	22.754856	121.101794
TTU	Sania Ramel Airport	35.594299	-5.320020
TTX	Truscott-Mungalalu Airport	-14.089700	126.380997
TUA	Lieutenant Colonel Luis A. Mantilla International Airport	0.809506	-77.708099
TUB	Tubuai Airport	-23.365400	-149.524002
TUC	Teniente Benjamín Matienzo International Airport	-26.837397	-65.104195
TUD	Tambacounda Airport	13.736800	-13.653100
TUF	Tours Val de Loire Airport	47.432201	0.727606
TUG	Tuguegarao Airport	17.643368	121.733150
TUH	Arnold Air Force Base	35.392601	-86.085800
TUI	Turaif Domestic Airport	31.692188	38.731544
TUJ	Tum Airport	6.260000	35.518400
TUK	Turbat International Airport	25.984767	63.028856
TUL	Tulsa International Airport	36.197084	-95.886225
TUM	Tumut Aerodrome	-35.268320	148.240526
TUN	Tunis Carthage International Airport	36.851002	10.227200
TUO	Taupo Airport	-38.739700	176.084000
TUP	Tupelo Regional Airport	34.268101	-88.769897
TUQ	Tougan Airport	13.059091	-3.077291
TUR	Tucuruí Airport	-3.786010	-49.720299
TUS	Tucson International Airport	32.115004	-110.938053
TUU	Prince Sultan bin Abdulaziz International Airport	28.371100	36.624865
TUV	Tucupita Airport	9.088994	-62.094173
TUW	Tubualá Airport	8.918601	-77.709182
TUX	Tumbler Ridge Airport	55.025002	-120.934998
TUY	Base Aeronaval de Tulum	20.227301	-87.438203
TVA	Morafenobe Airport	-17.850083	44.920467
TVC	Cherry Capital Airport	44.741402	-85.582199
TVF	Thief River Falls Regional Airport	48.065701	-96.184998
TVI	Thomasville Regional Airport	30.901600	-83.881302
TVL	Lake Tahoe Airport	38.893902	-119.995003
TVS	Tangshan Sannühe Airport	39.717800	118.002625
TVT	Tashkent-Khumo International Airport	41.312889	69.395535
TVU	Matei Airport	-16.690599	-179.876999
TVY	Dawei Airport	14.103900	98.203598
TWA	Twin Hills Airport	59.074713	-160.274992
TWB	Toowoomba Airport	-27.543365	151.919112
TWC	Tumxuk Tangwangcheng Airport	39.886663	79.233408
TWD	Jefferson County International Airport	48.053799	-122.810997
TWE	Taylor Airport	65.679298	-164.798996
TWF	Joslin Field Magic Valley Regional Airport	42.481800	-114.487999
TWP	Torwood Airport	-17.363300	143.750000
TWT	Sanga Sanga Airport	5.048196	119.743338
TWU	Tawau Airport	4.313380	118.121520
TWY	Tawa Airport	-7.446300	146.106700
TWZ	Pukaki Airport	-44.235001	170.117996
TXC	Orsha Airport - Balbasovo Air Base	54.439999	30.296700
TXE	Rembele Airport	4.721130	96.851943
TXF	9 de Maio - Teixeira de Freitas Airport	-17.524392	-39.668499
TXK	Texarkana Regional Airport (Webb Field)	33.453701	-93.990997
TXM	Teminabuan Airport	-1.445450	132.021139
TXN	Huangshan Tunxi International Airport	29.733299	118.255997
TXR	Tanbar Airport	-25.847799	141.927994
TXU	Tabou Airport	4.437809	-7.362728
TYA	Klokovo Air Base	54.239000	37.600000
TYB	Tibooburra Airport	-29.451099	142.057999
TYC	Taiyuan Yaocheng Airport	37.503120	112.424126
TYD	Tynda Airport	55.284936	124.779010
TYE	Tyonek Airport	61.076556	-151.131363
TYF	Torsby Airport	60.157600	12.991300
TYG	Thylungra Airport	-26.093047	143.451360
TYL	Captain Victor Montes Arias International Airport	-4.576640	-81.254097
TYM	Staniel Cay Airport	24.169100	-76.439102
TYN	Taiyuan Wusu International Airport	37.746899	112.627998
TYP	Tobermorey Airport	-22.255800	137.953003
TYR	Tyler Pounds Regional Airport	32.354099	-95.402397
TYS	McGhee Tyson Airport	35.811001	-83.994003
TYT	Treinta y Tres Airport	-33.195714	-54.347246
TYZ	Taylor Airport	34.452801	-110.114998
TZA	Sir Barry Bowen Municipal Airport	17.517239	-88.195775
TZC	Tuscola Area Airport	43.458801	-83.445503
TZL	Tuzla International Airport	44.459858	18.723627
TZM	Aeródromo de Cupul	21.155716	-88.172918
TZN	Congo Town Airport	24.158701	-77.589798
TZO	Tsimiroro Airport	-18.345064	45.015643
TZX	Trabzon International Airport	40.995098	39.789700
UAB	İncirlik Air Base	37.002102	35.425900
UAC	San Luis Río Colorado Airport	32.445301	-114.797997
UAE	Mount Aue Airport	-6.229978	144.664181
UAH	Ua Huka Airport	-8.936228	-139.554062
UAI	Commander in Chief of FALINTIL, Kay Rala Xanana Gusmão, International Airport	-9.301856	125.286302
UAL	Luau Airport	-10.715800	22.231100
UAM	Andersen Air Force Base	13.584000	144.929998
UAP	Ua Pou Airport	-9.351670	-140.078003
UAQ	Domingo Faustino Sarmiento Airport	-31.571501	-68.418198
UAR	Bouarfa Airport	32.514306	-1.983056
UAS	Samburu Airport	0.534069	37.531991
UAX	Uaxactun Airport	17.393888	-89.632744
UBA	Mário de Almeida Franco Airport	-19.765036	-47.964805
UBB	Mabuiag Island Airport	-9.950168	142.195230
UBI	Buin Airport	-6.729167	155.683333
UBJ	Yamaguchi Ube Airport	33.930000	131.279007
UBN	Ulaanbaatar Chinggis Khaan International Airport	47.646916	106.819833
UBP	Ubon Ratchathani Airport	15.251300	104.870003
UBS	Columbus Lowndes County Airport	33.465401	-88.380302
UBT	Ubatuba Gastão Madeira State Airport	-23.441122	-45.075814
UBU	Kalumburu Airport	-14.287840	126.633182
UCB	Ulanqab Jining Airport	41.130266	113.107274
UCC	Yucca Airstrip	36.934661	-116.005960
UCE	Eunice Airport	30.466299	-92.423798
UCK	Lutsk Airport	50.678404	25.487165
UCN	Buchanan Airport	5.905503	-10.058262
UCT	Ukhta Airport	63.566898	53.804699
UCY	Everett-Stewart Regional Airport	36.381802	-88.985397
UCZ	Uchiza Airport	-8.467000	-76.349998
UDA	Undara Airport	-18.191340	144.612240
UDD	Bermuda Dunes Airport	33.748492	-116.275027
UDE	Volkel Air Base	51.657222	5.707778
UDI	Ten. Cel. Aviador César Bombonato Airport	-18.883579	-48.225936
UDJ	Uzhhorod International Airport	48.634300	22.263399
UDR	Maharana Pratap Airport	24.617701	73.896103
UEE	Queenstown Airport	-42.075731	145.530088
UEL	Quelimane Airport	-17.855499	36.869099
UEN	Urengoy Airport	65.959999	78.436996
UEO	Kumejima Airport	26.363445	126.713840
UES	Waukesha County Airport	43.041000	-88.237099
UET	Quetta International Airport	30.251400	66.937798
UFA	Ufa International Airport	54.557499	55.874401
UGA	Bulgan Airport	48.855000	103.475998
UGB	Ugashik Bay Airport	57.424052	-157.744790
UGC	Urgench International Airport	41.582740	60.643380
UGL	Union Glacier Blue-Ice Runway	-79.777778	-83.320833
UGN	Waukegan National Airport	42.422199	-87.867897
UGO	Uige Airport	-7.603070	15.027800
UGS	Ugashik Airport	57.523476	-157.396344
UGT	Bulagtai Resort Airport	43.749167	104.114722
UGU	Bilorai Airport	-3.739503	137.031183
UHE	Kunovice Airport	49.029400	17.439699
UHS	Aleksandrovsk-Sakhalinskiy Airport	50.877144	142.175610
UIB	El Caraño Airport	5.690760	-76.641200
UIH	Phu Cat Airport	13.955000	109.042000
UII	Utila Airport	16.113100	-86.880302
UIK	Ust-Ilimsk Airport	58.135409	102.556066
UIL	Quillayute Airport	47.936600	-124.563004
UIN	Quincy Regional Airport Baldwin Field	39.942699	-91.194603
UIO	Mariscal Sucre International Airport	-0.125399	-78.354306
UIP	Quimper-Cornouaille Airport	47.973031	-4.169655
UIR	Quirindi Airport	-31.498177	150.521708
UIT	Jaluit Airport	5.909213	169.637256
UJE	Ujae Atoll Airport	8.928060	165.761993
UJN	Uljin Airport	36.777049	129.461861
UJU	Uiju Airport	40.150013	124.501104
UKA	Ukunda Airstrip	-4.293330	39.571098
UKB	Kobe Airport	34.632801	135.223999
UKE	Utkela Airport	20.097778	83.183333
UKG	Ust-Kuyga Airport	70.011002	135.645004
UKH	Mukhaizna Airport	19.386389	56.401389
UKI	Ukiah Municipal Airport	39.125999	-123.200996
UKK	Oskemen International Airport	50.035033	82.496057
UKN	Waukon Municipal Airport	43.280499	-91.469498
UKR	Mukeiras Airport	13.936800	45.657000
UKS	Sevastopol International Airport / Belbek Air Base	44.691822	33.574620
UKT	Quakertown Airport	40.435200	-75.381897
UKU	Nuku Airport	-3.676765	142.484920
UKX	Ust-Kut Airport	56.856701	105.730003
ULA	Capitan D Daniel Vazquez Airport	-49.306816	-67.802596
ULB	Uléi Airport	-16.329700	168.301100
ULD	Prince Mangosuthu Buthelezi Airport	-28.320601	31.416500
ULE	Sule Airport	-4.974720	151.296997
ULG	Ölgii Mongolei International Airport	48.993301	89.922501
ULH	Al-Ula International Airport	26.483634	38.117048
ULI	Ulithi Airport	10.019800	139.789993
ULK	Lensk Airport	60.723594	114.825319
ULM	New Ulm Municipal Airport	44.319599	-94.502296
ULN	Buyant-Ukhaa International Airport	47.843102	106.766998
ULO	Ulaangom Airport	50.066588	91.938273
ULP	Quilpie Airport	-26.609176	144.253746
ULQ	Heriberto Gíl Martínez Airport	4.088360	-76.235100
ULS	Mulatos Airport	8.640190	-76.718840
ULU	Gulu Airport	2.805560	32.271801
ULV	Ulyanovsk Baratayevka Airport	54.270160	48.225569
ULX	Ulusaba Airport	-24.785400	31.354900
ULY	Ulyanovsk Vostochny Airport	54.401001	48.802700
ULZ	Donoi Airport	47.709300	96.525800
UMA	Alfredo Noa Díaz Airport	20.242374	-74.148268
UMB	Kalumbila Airport	-12.253580	25.444320
UMC	Umba Airport	-7.021400	145.966000
UME	Umeå Airport	63.791801	20.282801
UMI	Quincemil Air Base	-13.231357	-70.751450
UMM	Summit Airport	63.331501	-149.126999
UMR	Woomera Airfield	-31.144199	136.817001
UMS	Ust-Maya Airport	60.357437	134.437310
UMT	Umiat Airport	69.371101	-152.136002
UMU	Orlando de Carvalho Airport	-23.798700	-53.313801
UMY	Sumy Airport	50.858299	34.762501
UMZ	Mena Intermountain Municipal Airport	34.545399	-94.202698
UNA	Una-Comandatuba Airport	-15.354358	-38.998729
UNC	Unguía Airport	8.032714	-77.091751
UND	Kunduz Airport	36.665100	68.910797
UNE	Qacha's Nek Airport	-30.111700	28.671900
UNG	Kiunga Airport	-6.125710	141.281998
UNI	Union Island International Airport	12.600135	-61.411945
UNK	Unalakleet Airport	63.888401	-160.798996
UNN	Ranong Airport	9.777620	98.585503
UNR	Öndörkhaan Airport	47.304860	110.609200
UNU	Dodge County Airport	43.426601	-88.703201
UOA	Moruroa Airport	-21.809780	-138.813385
UOL	Buol - Pogogul Airport	1.102318	121.413358
UOS	Franklin County Airport	35.204754	-85.899052
UOX	University Oxford Airport	34.384300	-89.536797
UPB	Playa Baracoa Airport	23.032801	-82.579399
UPG	Sultan Hasanuddin International Airport	-5.075539	119.553702
UPL	Upala Airport	10.892200	-85.016197
UPN	Uruapan - Licenciado y General Ignacio Lopez Rayon International Airport	19.396700	-102.039001
UPP	Upolu Airport	20.265301	-155.860001
UPR	Upiara Airport	-8.541100	142.650300
UPV	Upavon Aerodrome	51.286570	-1.782239
URA	Manshuk Mametova International Airport	51.151976	51.543652
URC	Ürümqi Tianshan International Airport	43.913584	87.479372
URD	Burg Feuerstein Airport	49.794167	11.133611
URE	Kuressaare Airport	58.229900	22.509501
URG	Rubem Berta Airport	-29.782200	-57.038200
URI	Uribe Airport	3.237500	-74.347222
URJ	Uray Airport	60.103298	64.826698
URM	Uriman Airport	5.358118	-62.671625
URN	Urgun Airport	32.931135	69.153167
URO	Rouen Vallée de Seine Airport	49.384887	1.179142
URR	Urrao Airport	6.328830	-76.142500
URS	Kursk East Airport	51.750599	36.295601
URT	Surat Thani Airport	9.132600	99.135597
URU	Uroubi Airport	-9.516200	148.559100
URY	Gurayat Domestic Airport	31.412413	37.278898
URZ	Orūzgān Airport	32.903000	66.630898
USA	Concord-Padgett Regional Airport	35.387798	-80.709099
USC	Union County, Troy Shelton Field	34.687046	-81.641050
USH	Ushuaia - Malvinas Argentinas International Airport	-54.843300	-68.295800
USI	Mabaruma Airport	8.200170	-59.777965
USJ	Usharal Airport	46.190767	80.830922
USK	Usinsk Airport	66.004700	57.367199
USL	Useless Loop Airport	-26.157923	113.394817
USM	Samui International Airport	9.547790	100.061996
USN	Ulsan Airport	35.593498	129.352005
USQ	Uşak Airport	38.681499	29.471701
USR	Ust-Nera Airport	64.550003	143.115005
USS	Sancti Spiritus Airport	21.970400	-79.442703
UST	Northeast Florida Regional Airport	29.959200	-81.339798
USU	Francisco B. Reyes (Busuanga) Airport	12.121865	120.100801
UTA	Mutare Airport	-18.997499	32.627201
UTB	Muttaburra Airport	-22.583300	144.533005
UTD	Nutwood Downs Airport	-15.807400	134.145900
UTE	Bultfontein Airport	-28.273369	26.135835
UTG	Quthing Airport	-30.407499	27.693300
UTH	Udon Thani International Airport	17.386186	102.788577
UTI	Utti Air Base	60.896400	26.938400
UTK	Utirik Airport	11.222219	169.851429
UTM	Tunica Municipal Airport	34.685050	-90.347757
UTN	Upington Airport	-28.400246	21.263592
UTO	Indian Mountain LRRS Airport	65.992798	-153.703995
UTP	U-Tapao–Rayong–Pattaya International Airport	12.679900	101.004997
UTS	Ust-Tsylma Airport	65.437294	52.200336
UTT	K. D. Matanzima Airport	-31.546363	28.673355
UTU	Ustupu Airport	9.128300	-77.933700
UTW	Queenstown Airport	-31.920200	26.882200
UUA	Bugulma Airport	54.641184	52.800229
UUD	Baikal International Airport	51.808614	107.439652
UUK	Ugnu-Kuparuk Airport	70.330803	-149.598007
UUN	Baruun Urt Airport	46.660301	113.285004
UUS	Yuzhno-Sakhalinsk International Airport	46.885461	142.717466
UUU	Manumu Airport	-9.074600	147.573500
UVA	Garner Field	29.211300	-99.743599
UVE	Ouvéa Airport	-20.640932	166.573024
UVF	Hewanorra International Airport	13.733200	-60.952599
UVI	José Cleto Airport	-26.233224	-51.066754
UVL	El Kharja Airport	25.471483	30.588491
UVO	Uvol Airport	-6.017800	150.955700
UWA	Ware Airport	42.282001	-72.214798
UYL	Nyala Airport	12.053500	24.956200
UYN	Yulin Yuyang Airport	38.359710	109.590927
UYU	Joya Andina International Airport	-20.441304	-66.857553
UZC	Ponikve Airport	43.898899	19.697701
UZM	Hope Bay Aerodrome	68.156000	-106.618000
UZR	Urzhar Airport	47.091786	81.668216
UZU	Curuzu Cuatia Airport	-29.770600	-57.978900
VAA	Vaasa Airport	63.050230	21.762543
VAB	Yavarate Airport	0.611772	-69.207369
VAC	Varrelbusch Airfield	52.908333	8.040556
VAD	Moody Air Force Base	30.967800	-83.193001
VAF	Valence-Chabeuil Airport	44.921600	4.969900
VAG	Major Brigadeiro Trompowsky Airport	-21.591375	-45.474116
VAH	Capitán Av. Vidal Villagomez Toledo Airport	-18.482500	-64.099403
VAI	Vanimo Airport	-2.692600	141.302800
VAK	Chevak Airport	61.540900	-165.600500
VAL	Valença Airport	-13.296500	-38.992401
VAM	Villa International Airport Maamigili	3.471751	72.832633
VAN	Van Ferit Melen Airport	38.468201	43.332298
VAO	Suavanao Airport	-7.585560	158.731003
VAP	Rodelillo Airport	-33.068100	-71.557503
VAQ	Vanavara Airport	60.356229	102.309641
VAR	Varna Airport	43.232101	27.825100
VAS	Sivas Nuri Demirağ Airport	39.813801	36.903500
VAT	Vatomandry Airport	-19.383333	48.950000
VAV	Vava'u International Airport	-18.585300	-173.962006
VAW	Vardø Airport, Svartnes	70.355400	31.044901
VBA	Ann Airport	19.769199	94.026100
VBC	Chanmyathazi Airport	21.940500	96.089600
VBG	Vandenberg Space Force Base	34.737301	-120.584000
VBP	Bokpyinn Airport	11.149400	98.735901
VBS	Brescia Gabriele d'Annunzio Airport	45.428902	10.330600
VBV	Vanua Balavu Airport	-17.268999	-178.975998
VBY	Visby Airport	57.662800	18.346201
VCA	Can Tho International Airport	10.083397	105.709371
VCC	Vacaria Airport	-28.432480	-51.023322
VCD	Victoria River Downs Airport	-16.402124	131.004974
VCE	Venice Marco Polo Airport	45.505299	12.351900
VCF	Valcheta Airport	-40.700001	-66.150002
VCH	Vichadero Airport	-31.739166	-54.587776
VCL	Chu Lai Airport	15.403300	108.706001
VCP	Viracopos International Airport	-23.007404	-47.134502
VCS	Con Dao Airport	8.731830	106.633003
VCT	Victoria Regional Airport	28.852600	-96.918503
VCV	Southern California Logistics Airport	34.597500	-117.383003
VDA	Ovda Airport	29.940300	34.935799
VDC	Glauber de Andrade Rocha Airport	-14.907885	-40.914804
VDE	El Hierro Airport	27.814800	-17.887100
VDH	Dong Hoi Airport	17.515000	106.590556
VDI	Vidalia Regional Airport	32.192699	-82.371201
VDM	Gobernador Castello Airport	-40.869200	-63.000400
VDO	Van Don International Airport	21.120693	107.415390
VDP	Valle de La Pascua Airport	9.222028	-65.993584
VDR	Villa Dolores Airport	-31.945200	-65.146301
VDS	Vadsø Airport	70.065300	29.844700
VDY	Jindal Vijaynagar Airport	15.175921	76.633030
VDZ	Valdez Pioneer Field	61.132712	-146.246567
VEE	Venetie Airport	67.008698	-146.365997
VEG	Maikwak Airport	4.898172	-59.817027
VEL	Vernal Regional Airport	40.436214	-109.511661
VEO	Severo-Yeniseysk Airport	60.373299	93.011703
VER	General Heriberto Jara International Airport	19.139589	-96.188602
VEV	Barakoma Airport	-7.912780	156.705994
VEX	Tioga Municipal Airport	48.380501	-102.898003
VEY	Vestmannaeyjar Airport	63.424301	-20.278900
VFA	Victoria Falls International Airport	-18.097437	25.836867
VGA	Vijayawada International Airport	16.530011	80.804888
VGD	Vologda Airport	59.282501	39.944401
VGO	Vigo Airport	42.231800	-8.626770
VGS	General Villegas Airport	-34.995728	-62.999725
VGT	North Las Vegas Airport	36.209074	-115.193982
VGZ	Villa Garzón Airport	0.978767	-76.605600
VHC	Saurimo Airport	-9.689070	20.431900
VHM	Vilhelmina South Lapland Airport	64.579102	16.833599
VHN	Culberson County Airport	31.057800	-104.783997
VHV	Verkhnevilyuisk Airport	63.458057	120.269165
VHY	Vichy-Charmeil Airport	46.169690	3.403637
VHZ	Vahitahi Airport	-18.780697	-138.855680
VIA	Videira Airport	-26.999701	-51.141899
VIE	Vienna International Airport	48.110298	16.569700
VIG	Juan Pablo Pérez Alfonso Airport	8.624139	-71.672668
VIH	Rolla National Airport	38.127399	-91.769501
VII	Vinh Airport	18.737600	105.670998
VIJ	Virgin Gorda Airport	18.446634	-64.427932
VIL	Dakhla Airport	23.718300	-15.932000
VIN	Vinnytsia/Gavyryshivka International Airport	49.242531	28.613778
VIP	Payerne Air Base	46.843200	6.915060
VIQ	Viqueque Airport	-8.883800	126.373001
VIR	Virginia Airport	-29.770599	31.058399
VIS	Visalia Municipal Airport	36.318699	-119.392998
VIT	Vitoria Airport	42.882801	-2.724470
VIU	Viru Harbour Airstrip	-8.508457	157.689986
VIV	Vivigani Airfield	-9.303333	150.318889
VIX	Eurico de Aguiar Salles International Airport	-20.258000	-40.285000
VIY	Vélizy-Villacoublay Air Base	48.774406	2.203102
VJB	Xai-Xai Chongoene Airport	-24.892909	33.753024
VJI	Virginia Highlands Airport	36.687099	-82.033302
VJQ	Gurue Airport	-15.506200	36.990400
VKG	Rach Gia Airport	9.958030	105.132380
VKO	Vnukovo International Airport	55.591499	37.261501
VKS	Vicksburg Municipal Airport	32.239300	-90.928398
VKT	Vorkuta Airport	67.488602	63.993099
VKV	Vaskovo Airport	64.441704	40.421700
VLA	Vandalia Municipal Airport	38.991501	-89.166199
VLC	Valencia Airport	39.489162	-0.480961
VLD	Valdosta Regional Airport	30.782499	-83.276703
VLE	Valle Airport	35.650600	-112.148003
VLG	Villa Gesell Airport	-37.235400	-57.029200
VLI	Bauerfield International Airport	-17.699301	168.320007
VLL	Valladolid Airport	41.706100	-4.851940
VLM	Teniente Coronel Rafael Pabón Airport	-21.255199	-63.405602
VLN	Arturo Michelena International Airport	10.149733	-67.928398
VLP	Vila Rica Airport	-9.981057	-51.140358
VLR	Vallenar Airport	-28.596399	-70.755997
VLS	Valesdir Airport	-16.796101	168.177002
VLU	Velikiye Luki Airport	56.381066	30.607846
VLV	Dr. Antonio Nicolás Briceño Airport	9.340478	-70.584061
VLY	Anglesey Airport	53.248100	-4.535340
VME	Villa Reynolds Airport	-33.729900	-65.387398
VMI	Aeropuerto Nacional Doctor Juan Plate	-22.159371	-57.942395
VMU	Baimuru Airport	-7.496955	144.821756
VNA	Salavan Airport	15.709026	106.410937
VNC	Venice Municipal Airport	27.070541	-82.440815
VND	Vangaindrano Airport	-23.350767	47.581701
VNE	Vannes-Meucon Airport	47.723301	-2.718560
VNO	Vilnius International Airport	54.634102	25.285801
VNR	Vanrook Station Airport	-16.961532	141.952270
VNS	Lal Bahadur Shastri International Airport	25.452171	82.862549
VNT	Ventspils International Airport	57.357800	21.544201
VNX	Vilankulo Airport	-22.018400	35.313301
VNY	Van Nuys Airport	34.209801	-118.489998
VOD	Vodochody Airport	50.216599	14.395800
VOG	Volgograd International Airport	48.781340	44.339194
VOH	Vohemar Airport	-13.375800	50.002800
VOI	Voinjama Airport	8.323470	-9.769249
VOK	Volk Field	43.938999	-90.253403
VOL	Nea Anchialos National Airport	39.219601	22.794300
VOT	Domingos Pignatari Airport	-20.458426	-50.003134
VOZ	Voronezh International Airport	51.814324	39.230948
VPE	Ngjiva Pereira Airport	-17.043501	15.683800
VPG	Vipingo Estate Airport	-3.808441	39.797235
VPN	Vopnafjörður Airport	65.720596	-14.850600
VPS	Destin-Fort Walton Beach Airport	30.481315	-86.515839
VPY	Chimoio Airport	-19.151300	33.429001
VPZ	Porter County Municipal Airport	41.453999	-87.007103
VQQ	Cecil Airport	30.218700	-81.876701
VQS	Antonio Rivera Rodriguez Airport	18.134800	-65.493599
VRA	Juan Gualberto Gomez International Airport	23.034401	-81.435303
VRB	Vero Beach Regional Airport	27.655600	-80.417901
VRC	Virac Airport	13.576400	124.206001
VRE	Vredendal Airport	-31.641001	18.544800
VRI	Varandey Airport	68.848503	58.201401
VRK	Varkaus Airport	62.171101	27.868601
VRL	Vila Real Airport	41.274300	-7.720470
VRN	Verona Villafranca Valerio Catullo Airport	45.394955	10.887303
VRO	Kawama Airport	23.124001	-81.301598
VRS	Roy Otten Memorial Airfield	38.427799	-92.875198
VRU	Vryburg Airport	-26.982401	24.728800
VRZ	Padre Israel Airport	-21.240601	-44.963902
VSA	Carlos Rovirosa Pérez International Airport	17.994283	-92.818199
VSE	Aerodromo Goncalves Lobato (Viseu Airport)	40.725498	-7.888990
VSF	Hartness State Airport	43.343601	-72.517303
VST	Stockholm Västerås Airport	59.589401	16.633600
VSV	Shravasti Airport	27.499732	82.032927
VTB	Vitebsk Vostochny Airport	55.126499	30.349600
VTE	Wattay International Airport	17.985052	102.566692
VTF	Vatulele Airport	-18.512501	177.639008
VTG	Vung Tau Airport	10.375093	107.096185
VTM	Nevatim Air Base	31.208300	35.012299
VTN	Miller Field	42.856211	-100.549192
VTU	Hermanos Ameijeiras Airport	20.987600	-76.935799
VTZ	Alluri Sitarama Raju International Airport (Vizag)	17.971512	83.503617
VUP	Alfonso López Pumarejo Airport	10.435000	-73.249500
VUS	Velikiy Ustyug Airport	60.788300	46.259998
VUU	Mvuu Camp Airport	-14.838611	35.301389
VVB	Mahanoro Airport	-19.833000	48.799999
VVC	Vanguardia Airport	4.167870	-73.613800
VVI	Viru Viru International Airport	-17.644800	-63.135399
VVK	Västervik Airport	57.779999	16.523600
VVN	Las Malvinas/Echarate Airport	-11.854861	-72.939332
VVO	Vladivostok International Airport	43.396256	132.148155
VVZ	Illizi Takhamalt Airport	26.723499	8.622650
VXC	Lichinga Airport	-13.274000	35.266300
VXE	Cesaria Evora International Airport	16.833363	-25.055308
VXO	Växjö Kronoberg Airport	56.929100	14.728000
VYD	Vryheid Airport	-27.786900	30.796400
VYI	Vilyuisk Airport	63.756668	121.693336
VYS	Illinois Valley Regional Airport Walter A Duncan Field	41.351898	-89.153099
WAA	Wales Airport	65.622593	-168.095000
WAD	Andriamena Airport	-17.631000	47.723300
WAE	Wadi Al Dawasir Domestic Airport	20.504299	45.199600
WAF	Wana Airport	32.304699	69.570396
WAG	Wanganui Airport	-39.963467	175.024440
WAH	Harry Stern Airport	46.244099	-96.607399
WAI	Ambalabe Airport	-14.898800	47.993900
WAJ	Wawoi Falls Airport	-6.952300	142.655700
WAK	Ankazoabo Airport	-22.296442	44.531536
WAL	Wallops Flight Facility Airport	37.940813	-75.462255
WAM	Ambatondrazaka Airport	-17.795378	48.442583
WAO	Wabo Airport	-6.989444	145.075111
WAP	Alto Palena Airport	-43.611492	-71.805452
WAQ	Antsalova Airport	-18.701273	44.614921
WAT	Waterford Airport	52.187199	-7.086960
WAU	Wauchope Airport	-20.640614	134.215276
WAV	Wave Hill Airport	-17.393299	131.117996
WAW	Warsaw Chopin Airport	52.165699	20.967100
WAX	Zuwarah International Airport	32.952301	12.015500
WAY	Greene County Airport	39.901120	-80.130733
WAZ	Warwick Airport	-28.149401	151.942993
WBA	Wahai Airport	-2.811400	129.484000
WBB	Stebbins Airport	63.515999	-162.278000
WBC	Wapolu Airport	-9.337600	150.509300
WBD	Avaratra Airport	-15.200000	48.483002
WBE	Ankaizina Airport	-14.544277	48.691413
WBG	Schleswig Air Base	54.459301	9.516330
WBK	West Branch Community Airport	44.244801	-84.179802
WBM	Wapenamanda Airport	-5.635293	143.892231
WBO	Antsoa Airport	-21.606984	45.136020
WBQ	Beaver Airport	66.362198	-147.406998
WBR	Roben Hood Airport	43.722599	-85.504097
WBU	Boulder Municipal Airport	40.039101	-105.226025
WBW	Wilkes Barre Wyoming Valley Airport	41.297199	-75.851196
WCA	Gamboa Airport	-42.490299	-73.772797
WCD	Carosue Dam Airport	-30.173611	122.322222
WCH	Nuevo Chaitén Airport	-42.781943	-72.834999
WCR	Chandalar Lake Airport	67.504501	-148.483002
WDA	Al Ain Airport Ain District, Shabwah Governorate, Yemen	14.859579	45.545705
WDB	Weda Bay Airport	0.467938	127.948242
WDG	Enid Woodring Regional Airport	36.379200	-97.791100
WDH	Hosea Kutako International Airport	-22.479900	17.470900
WDI	Wondai Airport	-26.277392	151.861673
WDN	Waldron Airstrip	48.711410	-123.018208
WDR	Barrow County Airport	33.982899	-83.667397
WDS	Shiyan Wudangshan Airport	32.592889	110.906296
WEA	Parker County Airport	32.746300	-97.682404
WED	Wedau Airport	-10.095400	150.082600
WEF	Weifang Nanyuan Airport	36.646702	119.119003
WEH	Weihai Dashuibo Airport	37.187099	122.228996
WEI	Weipa Airport	-12.677493	141.922618
WEL	Welkom Airport	-27.996825	26.663334
WEP	Weam Airport	-8.618400	141.138100
WET	Deiyai / Waghete Baru Airport	-4.059160	136.281715
WEW	Wee Waa Airport	-30.258301	149.408005
WFI	Fianarantsoa Airport	-21.441601	47.111698
WFK	Northern Aroostook Regional Airport	47.285500	-68.312798
WGA	Wagga Wagga Airport	-35.163484	147.468320
WGB	Bahawalnagar Airport	29.946301	73.249100
WGC	Warangal Airport	17.914400	79.602203
WGE	Walgett Airport	-30.032801	148.126007
WGN	Shaoyang Wugang Airport	26.806123	110.641042
WGO	Winchester Regional Airport	39.143501	-78.144402
WGP	Umbu Mehang Kunda Airport	-9.669220	120.302002
WGT	Wangaratta Airport	-36.417914	146.306896
WHA	Wuhu Xuanzhou Airport	31.104500	118.666870
WHB	Eliwana	-22.428395	116.887879
WHF	Wadi Halfa Airport	21.802698	31.521578
WHK	Whakatāne Airport	-37.922224	176.916960
WHL	Welshpool Airport	-38.682382	146.445331
WHN	Wuhan Hannan Municipal Airport	30.255210	114.062805
WHO	Franz Josef Aerodrome	-43.363098	170.134003
WHP	Whiteman Airport	34.259300	-118.413002
WHS	Whalsay Airstrip	60.376835	-0.927229
WHT	Wharton Regional Airport	29.254299	-96.154404
WHU	Wuhu Wanli Airport / Wuhu Air Base	31.390600	118.408997
WIB	Wilbarger County Airport	34.225700	-99.283798
WIC	Wick John O'Groats Airport	58.458900	-3.093060
WIE	Wiesbaden Army Airfield	50.049801	8.325400
WIK	Waiheke Island Aerodrome	-36.808899	175.085999
WIL	Nairobi Wilson Airport	-1.321720	36.814800
WIN	Winton Airport	-22.363600	143.085999
WIO	Wilcannia Airport	-31.522082	143.378358
WIR	Wairoa Airport	-39.011862	177.404401
WIU	Witu Airport	-4.689522	149.440112
WJA	Woja Airport	7.450833	168.550000
WJF	General William J Fox Airfield	34.741100	-118.219002
WJR	Wajir Airport	1.733240	40.091599
WJU	Wonju Airport / Hoengseong Air Base (K-38/K-46)	37.437113	127.960051
WKA	Wanaka Airport	-44.722091	169.246287
WKB	Warracknabeal Airport	-36.321098	142.419006
WKF	Waterkloof Air Force Base	-25.830000	28.222500
WKI	Hwange (Town) Airport	-18.362967	26.519791
WKJ	Wakkanai Airport	45.404202	141.800995
WKK	Aleknagik / New Airport	59.282600	-158.617996
WKN	Wakunai Airport	-5.860300	155.222300
WKR	Walkers Cay Airport	27.259656	-78.400455
WLA	Wallal Downs Airport	-19.773600	120.649002
WLC	Walcha Airport	-31.009492	151.547442
WLD	Strother Field	37.168598	-97.037598
WLE	Miles Airport	-26.806447	150.168953
WLG	Wellington International Airport	-41.326839	174.806862
WLH	Walaha Airport	-15.412000	167.690994
WLK	Selawik Airport	66.600098	-159.985992
WLL	Wollogorang Airport	-17.219900	137.934530
WLO	Waterloo Airport	-16.629999	129.320007
WLP	West Angelas Airport	-23.135556	118.707222
WLS	Hihifo Airport	-13.239445	-176.198650
WLU	Walluanda Airport	-6.475161	143.987222
WLW	Willows Glenn County Airport	39.516399	-122.218002
WMA	Mandritsara Airport	-15.845992	48.834718
WMB	Warrnambool Airport	-38.295300	142.447006
WMC	Winnemucca Municipal Airport	40.896599	-117.806000
WMD	Mandabe Airport	-21.046305	44.940412
WME	Mount Keith Airport	-27.287330	120.554937
WMH	Ozark Regional Airport	36.368900	-92.470497
WMI	Warsaw Modlin Airport	52.451099	20.651800
WML	Malaimbandy Airport	-20.355390	45.543373
WMN	Maroantsetra Airport	-15.437742	49.689081
WMO	White Mountain Airport	64.689201	-163.412994
WMP	Mampikony Airport	-16.071916	47.642953
WMR	Mananara Nord Airport	-16.163900	49.773800
WMT	Zunyi Maotai Airport	27.961837	106.435416
WMX	Wamena Airport	-4.097324	138.952417
WNA	Napakiak Airport	60.690300	-161.979004
WND	Windarra Airport	-28.480610	122.244415
WNH	Wenshan Puzhehei Airport	23.558300	104.325500
WNI	Matahora Airport	-5.292123	123.636233
WNN	Wunnumin Lake Airport	52.893902	-89.289200
WNP	Naga Airport	13.584900	123.269997
WNR	Windorah Airport	-25.410641	142.668428
WNS	Shaheed Benazirabad Airport	26.219400	68.390099
WNU	Wanuma Airport	-4.896100	145.321300
WNZ	Wenzhou Longwan International Airport	27.910572	120.853465
WOA	Wonenara Airport	-6.796861	145.891944
WOE	Woensdrecht Air Base	51.449100	4.342030
WOK	Uon Quen Airport	4.984002	-61.730102
WOL	Shellharbour Airport	-34.561100	150.789001
WON	Wondoola Airport	-18.575001	140.891998
WOS	Wonsan Kalma Airport	39.165219	127.487931
WOT	Wang'an Airport	23.369108	119.503598
WOW	Willow Airport	61.754200	-150.052002
WPA	Cabo Juan Román Airfield	-45.399200	-72.670303
WPB	Port Bergé Airport	-15.584286	47.623587
WPC	Pincher Creek Airport	49.520429	-113.997002
WPK	Wrotham Park Airport	-16.658915	143.999263
WPM	Wipim Airport	-8.788220	142.882004
WPO	North Fork Valley Airport	38.831412	-107.645763
WPR	Captain Fuentes Martinez Airport	-53.253700	-70.319199
WPU	Guardia Marina Zañartu Airport	-54.931099	-67.626297
WRA	Warder Airport	6.972400	45.333400
WRB	Robins Air Force Base	32.640099	-83.591904
WRE	Whangarei Airport	-35.769253	174.363713
WRG	Wrangell Airport	56.484299	-132.369995
WRH	Wuerhe Airport	46.017610	85.657436
WRI	Mc Guire Air Force Base	40.015598	-74.591698
WRL	Worland Municipal Airport	43.965698	-107.950996
WRN	Windarling Airport	-30.032277	119.386489
WRO	Copernicus Wrocław Airport	51.103719	16.882096
WRT	Warton Aerodrome	53.745098	-2.883060
WRW	Warrawagine Airport	-20.844200	120.702003
WRY	Westray Airport	59.350475	-2.950062
WRZ	Weerawila Airport	6.254490	81.235199
WSA	Wasua Airport	-8.283600	142.869700
WSF	Cape Sarichef Airport	54.583934	-164.905727
WSG	Washington County Airport	40.136501	-80.290199
WSH	Brookhaven Calabro Airport	40.821899	-72.869400
WSI	Western Sydney International (Nancy-Bird Walton) Airport	-33.883461	150.712981
WSK	Chongqing Wushan Airport	31.068960	109.708958
WSM	Wiseman Airport	67.404602	-150.123001
WSN	South Naknek Number 2 Airport	58.702362	-157.005444
WSO	Washabo Airport	5.215277	-57.185302
WSP	Waspam Airport	14.739200	-83.969398
WSR	Wasior Airport	-2.720434	134.505902
WST	Westerly State Airport	41.349602	-71.803398
WSU	Wasu Airport	-5.961709	147.198225
WSY	Shute Harbour/Whitsunday Airport	-20.276127	148.754979
WSZ	Westport Airport	-41.737111	171.579033
WTA	Tambohorano Airport	-17.476101	43.972801
WTB	Toowoomba Wellcamp Airport	-27.558332	151.793335
WTD	West End Airport	26.685301	-78.974998
WTE	Wotje Airport	9.458333	170.238611
WTK	Noatak Airport	67.561241	-162.980461
WTL	Tuntutuliak Airport	60.351243	-162.654476
WTN	RAF Waddington	53.166199	-0.523811
WTO	Wotho Island Airport	10.173300	166.003006
WTP	Woitape Airport	-8.545833	147.252500
WTR	Whiteriver Airport	33.810175	-109.986555
WTS	Tsiroanomandidy Airport	-18.759677	46.054065
WTT	Wantoat Airport	-6.132500	146.467778
WTZ	Whitianga Airport	-36.828731	175.682802
WUA	Wuhai Airport	39.793400	106.799300
WUD	Wudinna Airport	-33.043301	135.447006
WUG	Wau Airport	-7.345556	146.718611
WUH	Wuhan Tianhe International Airport	30.774798	114.213723
WUI	Murrin Murrin Airport	-28.705299	121.890990
WUM	Wasum Airport	-6.049100	149.337000
WUN	Wiluna Airport	-26.632691	120.221906
WUS	Nanping Wuyishan Airport	27.701900	118.000999
WUT	Xinzhou Wutaishan Airport	38.597456	112.969173
WUU	Wau Airport	7.725830	27.975000
WUV	Wuvulu Island Airport	-1.736111	142.836667
WUX	Sunan Shuofang International Airport	31.496952	120.430380
WUZ	Wuzhou Xijiang Airport	23.403160	111.093310
WVB	Walvis Bay International Airport	-22.979332	14.647102
WVI	Watsonville Municipal Airport	36.935699	-121.790001
WVK	Manakara Airport	-22.119699	48.021702
WVL	Waterville Robert Lafleur Airport	44.533199	-69.675499
WVN	JadeWeser Airport	53.502220	8.052222
WWA	Wasilla Airport	61.571701	-149.539993
WWD	Cape May County Airport	39.008499	-74.908302
WWI	Woodie Woodie Airport	-21.645510	121.191184
WWK	Wewak International Airport	-3.583830	143.669006
WWR	West Woodward Airport	36.438000	-99.522667
WWT	Mertarvik Airport	60.810370	-164.499511
WWY	West Wyalong Airport	-33.937199	147.190994
WXN	Wanzhou Wuqiao Airport	30.801700	108.433000
WYA	Whyalla Airport	-33.058899	137.514008
WYE	Yengema Airport	8.610470	-11.045400
WYN	Wyndham Airport	-15.511400	128.153000
WYS	Yellowstone Airport	44.688400	-111.117996
WZA	Wa Airport	10.082700	-2.507690
WZQ	Urad Middle Banner Airport	41.460289	108.539085
XAI	Xinyang Minggang Airport	32.540819	114.079141
XAL	Álamos Airport	27.039000	-108.949021
XAP	Serafin Enoss Bertaso Airport	-27.134199	-52.656601
XAR	Aribinda Airport	14.217000	-0.883000
XAU	Saül Airport	3.613610	-53.204201
XBE	Bearskin Lake Airport	53.965599	-91.027199
XBG	Bogande Airport	12.983000	-0.167000
XBJ	Birjand International Airport	32.896525	59.281258
XBN	Biniguni Airport	-9.642500	149.303889
XBO	Boulsa Airport	12.650000	-0.567000
XBR	Brockville - Thousand Islands Regional Tackaberry Airport	44.639400	-75.750298
XCH	Christmas Island International Airport	-10.450387	105.691100
XCL	Cluff Lake Airport	58.391102	-109.515999
XCM	Chatham Kent Airport	42.306400	-82.081902
XCO	Colac Airport	-38.286701	143.679993
XCR	Chalons Vatry airport	48.773330	4.206110
XDE	Diebougou Airport	10.950000	-3.250000
XDJ	Djibo Airport	14.125000	-1.624722
XEN	Xingcheng Air Base	40.580328	120.700374
XES	Grand Geneva Resort Airport	42.614899	-88.389603
XFN	Xiangyang Liuji Airport	32.152222	112.291666
XFT	Big Pine Sands STOLGround	24.723717	-81.387856
XFW	Hamburg-Finkenwerder Airport	53.535278	9.835556
XGA	Gaoua Airport	10.384059	-3.163454
XGG	Gorom-Gorom Airport	14.454174	-0.218644
XGN	Xangongo Airport	-16.755400	14.965300
XGR	Kangiqsualujjuaq (Georges River) Airport	58.711399	-65.992798
XIC	Xichang Qingshan Airport	27.989100	102.183998
XIE	Xienglom Airport	19.620300	100.815332
XIG	Xinguara Municipal Airport	-7.090600	-49.976500
XIJ	Ahmed Al Jaber Air Base	28.934799	47.791901
XIL	Xilinhot Airport	43.915600	115.963997
XIN	Xingning Air Base	24.149200	115.758003
XIY	Xi'an Xianyang International Airport	34.442207	108.762385
XJD	Al Udeid Air Base	25.117300	51.314999
XJM	Mangla Airport	33.050098	73.638397
XKA	Kantchari Airport	12.464046	1.492939
XKH	Xieng Khouang Airport	19.450001	103.157997
XKS	Kasabonika Airport	53.524700	-88.642799
XKY	Kaya Airport	13.077361	-1.100278
XLB	Lac Brochet Airport	58.614279	-101.468954
XLS	Saint Louis Airport	16.049814	-16.461039
XLU	Leo Airport	11.100000	-2.100000
XMA	Maramag Airport	7.753800	125.033300
XMC	Mallacoota Airport	-37.598301	149.720001
XMD	Madison Municipal Airport	44.015999	-97.085899
XMG	Mahendranagar Airport	28.963200	80.147903
XMH	Manihi Airport	-14.436800	-146.070007
XMI	Masasi Airport	-10.733000	38.766998
XML	Minlaton Airport	-34.743801	137.529087
XMN	Xiamen Gaoqi International Airport	24.543889	118.127454
XMP	Macmillan Pass Airport	63.181099	-130.201996
XMS	Coronel E Carvajal Airport	-2.299170	-78.120796
XMY	Yam Island Airport	-9.899187	142.774265
XNA	Northwest Arkansas National Airport	36.281898	-94.306801
XNH	Ali Air Base	30.935801	46.090099
XNN	Xining Caojiabao International Airport	36.527750	102.040215
XNT	Xingtai Dalian Airport	36.883100	114.429300
XNU	Nouna Airport	12.750000	-3.867000
XPA	Pama Airport	11.250000	0.700000
XPK	Pukatawagan Airport	55.749199	-101.265999
XPL	Palmerola International Airport	14.382400	-87.621201
XPP	Poplar River Airport	52.996526	-97.274194
XPR	Pine Ridge Airport	43.020902	-102.506089
XQP	Quepos Managua Airport	9.443160	-84.129799
XQU	Qualicum Beach Airport	49.337456	-124.393086
XRH	RAAF Base Richmond	-33.604652	150.783051
XRQ	New Barag Right Banner Baogede Airport	48.575585	116.939382
XRR	Ross River Airport	61.970600	-132.423004
XRY	Jerez Airport	36.744598	-6.060110
XSB	Sir Bani Yas Airport	24.283611	52.580278
XSC	South Caicos Airport	21.515699	-71.528503
XSD	Tonopah Test Range Airport	37.798801	-116.780998
XSE	Sebba Airport	13.450000	0.517000
XSI	South Indian Lake Airport	56.792801	-98.907204
XSO	Siocon Airport	7.710035	122.161989
XSP	Seletar Airport	1.415550	103.866730
XTG	Thargomindah Airport	-27.986368	143.812065
XTL	Tadoule Lake Airport	58.706308	-98.511057
XTO	Taroom Airport	-25.801701	149.899994
XTR	Tara Airport	-27.163054	150.476423
XUZ	Xuzhou Guanyin International Airport	34.059056	117.555278
XWA	Williston Basin International Airport	48.260863	-103.751160
XYA	Yandina Airport	-9.092816	159.218410
XYE	Ye Airport	15.301361	97.864288
XYR	Edwaki Airport	-3.883986	141.792234
XZA	Zabré Airport	11.167000	-0.617000
YAA	Anahim Lake Airport	52.451501	-125.303776
YAB	Arctic Bay Airport	73.006101	-85.046160
YAC	Cat Lake Airport	51.727200	-91.824402
YAE	Yartsevo Airport	60.255001	90.195000
YAG	Fort Frances Municipal Airport	48.655749	-93.443490
YAH	La Grande-4 Airport	53.754700	-73.675301
YAI	Gral. Bernardo O´Higgins Airport	-36.582500	-72.031403
YAK	Yakutat Airport	59.508717	-139.660435
YAL	Alert Bay Airport	50.582199	-126.916000
YAM	Sault Ste Marie Airport	46.483216	-84.508467
YAN	Yangambi Airport	0.783000	24.466999
YAO	Yaoundé Ville Airport	3.836040	11.523500
YAP	Yap International Airport	9.498910	138.082993
YAR	La Grande-3 Airport	53.571701	-76.196404
YAS	Yasawa Island Airport	-16.758900	177.544998
YAT	Attawapiskat Airport	52.927502	-82.431900
YAU	Donaldson Airport	61.662201	-73.321404
YAX	Wapekeka Airport	53.849201	-89.579399
YAY	St. Anthony Airport	51.391909	-56.083210
YAZ	Tofino / Long Beach Airport	49.079833	-125.775583
YBA	Banff Airport	51.208222	-115.540624
YBB	Kugaaruk Airport	68.535711	-89.805508
YBC	Baie-Comeau Airport	49.132500	-68.204399
YBE	Uranium City Airport	59.561401	-108.481003
YBG	Saguenay-Bagotville Airport	48.330123	-70.992012
YBI	Black Tickle Airport	53.469836	-55.787501
YBK	Baker Lake Airport	64.298897	-96.077797
YBL	Campbell River Airport	49.950802	-125.271004
YBO	Bob Quinn Lake Airport	56.966702	-130.250000
YBP	Yibin Wuliangye Airport	28.858431	104.526157
YBR	Brandon Municipal Airport	49.910000	-99.951897
YBS	Opapimiskan Lake Airport	52.606701	-90.376900
YBT	Brochet Airport	57.889400	-101.679001
YBV	Berens River Airport	52.358898	-97.018303
YBX	Lourdes-de-Blanc-Sablon Airport	51.443600	-57.185299
YBY	Bonnyville Airport	54.304199	-110.744003
YCA	Courtenay Airpark	49.679237	-124.980640
YCB	Cambridge Bay Airport	69.108101	-105.138000
YCC	Cornwall Regional Airport	45.092637	-74.567724
YCD	Nanaimo Airport	49.054970	-123.869863
YCE	Centralia / James T. Field Memorial Aerodrome	43.285599	-81.508301
YCG	Castlegar/West Kootenay Regional Airport	49.296398	-117.632004
YCH	Miramichi Airport	47.007801	-65.449203
YCK	Tommy Kochon Airport	67.020150	-126.128364
YCL	Charlo Airport	47.990799	-66.330299
YCM	Niagara District Airport	43.191598	-79.171686
YCN	Cochrane Airport	49.105598	-81.013603
YCO	Kugluktuk Airport	67.816408	-115.143070
YCQ	Chetwynd Airport	55.687199	-121.626999
YCR	Cross Lake (Charlie Sinclair Memorial) Airport	54.609758	-97.762442
YCS	Chesterfield Inlet Airport	63.346901	-90.731102
YCT	Coronation Airport	52.075001	-111.445000
YCU	Yuncheng Yanhu International Airport	35.117823	111.034023
YCW	Chilliwack Airport	49.153157	-121.939309
YCY	Clyde River Airport	70.486099	-68.516701
YCZ	Fairmont Hot Springs Airport	50.331052	-115.873739
YDA	Dawson City Airport	64.043098	-139.128006
YDB	Burwash Airport	61.371101	-139.041000
YDC	Drayton Valley Industrial Airport	53.265800	-114.959999
YDF	Deer Lake Airport	49.208159	-57.396147
YDG	Digby / Annapolis Regional Airport	44.545845	-65.785425
YDJ	Hatchet Lake Airport	58.662498	-103.538002
YDL	Dease Lake Airport	58.422199	-130.031998
YDN	Dauphin Barker Airport	51.100800	-100.052002
YDO	Dolbeau-Saint-Felicien Airport	48.778500	-72.375000
YDP	Nain Airport	56.550778	-61.682224
YDQ	Dawson Creek Airport	55.741245	-120.183263
YDT	Boundary Bay Airport	49.074338	-123.006877
YDU	Kasba Lake Airport	60.291901	-102.501999
YDV	Bloodvein River Airport	51.784568	-96.692305
YDW	North of Sixty Airport	60.315719	-103.131324
YEB	Bar River Airport	46.421233	-84.096478
YEC	Yecheon Airbase	36.630373	128.349710
YEG	Edmonton International Airport	53.309700	-113.580002
YEH	Yinchuan Yueyahu Airport	38.588095	106.539788
YEI	Bursa Yenişehir Airport	40.255199	29.562599
YEK	Arviat Airport	61.094200	-94.070801
YEL	Elliot Lake Municipal Airport	46.351398	-82.561401
YEM	Manitoulin East Municipal Airport	45.842435	-81.857595
YEN	Estevan Airport	49.210300	-102.966003
YEO	RNAS Yeovilton	51.009399	-2.638820
YEQ	Yenkis(Yankisa) Airport	-5.109722	143.917667
YER	Fort Severn Airport	56.018902	-87.676102
YES	Yasuj Airport	30.702238	51.542988
YET	Edson Airport	53.578899	-116.464996
YEU	Eureka Airport	79.994698	-85.814201
YEV	Inuvik Mike Zubko Airport	68.304199	-133.483002
YEY	Amos/Magny Airport	48.563903	-78.249702
YFA	Fort Albany Airport	52.203451	-81.695194
YFB	Iqaluit Airport	63.756402	-68.555801
YFC	Fredericton International Airport	45.868697	-66.529891
YFE	Forestville Airport	48.746101	-69.097198
YFG	Fontanges Airport	54.553902	-71.173302
YFH	Fort Hope Airport	51.561901	-87.907799
YFI	Fort Mackay / Firebag	57.275833	-110.976666
YFJ	Wekweètì Airport	64.190804	-114.077002
YFO	Flin Flon Airport	54.678101	-101.681999
YFR	Fort Resolution Airport	61.180801	-113.690002
YFS	Fort Simpson Airport	61.760201	-121.237000
YFX	St. Lewis (Fox Harbour) Airport	52.372799	-55.673901
YGA	Yongchuan Da'an General Airport	29.356667	106.010441
YGB	Texada Gillies Bay Airport	49.694341	-124.518099
YGH	Fort Good Hope Airport	66.240658	-128.647757
YGJ	Yonago Kitaro Airport / JASDF Miho Air Base	35.492199	133.235992
YGK	Kingston Norman Rogers Airport	44.225300	-76.596901
YGL	La Grande Rivière Airport	53.625301	-77.704201
YGM	Gimli Industrial Park Airport	50.628101	-97.043297
YGO	Gods Lake Narrows Airport	54.557680	-94.490061
YGP	Michel-Pouliot Gaspé Airport	48.774915	-64.481893
YGQ	Geraldton Greenstone Regional Airport	49.778301	-86.939400
YGR	Îles-de-la-Madeleine Airport	47.425242	-61.778612
YGT	Igloolik Airport	69.364700	-81.816101
YGV	Havre-Saint-Pierre Airport	50.281898	-63.611401
YGW	Kuujjuarapik Airport	55.281898	-77.765297
YGX	Gillam Airport	56.357120	-94.711504
YGZ	Grise Fiord Airport	76.425823	-82.908583
YHA	Port Hope Simpson Airport	52.528099	-56.286098
YHB	Hudson Bay Airport	52.816700	-102.310997
YHD	Dryden Regional Airport	49.831699	-92.744202
YHE	Hope Airport / FVRD Regional Airpark	49.368865	-121.494950
YHF	Hearst René Fontaine Municipal Airport	49.714199	-83.686096
YHG	Charlottetown Airport	52.765774	-56.112370
YHI	Ulukhaktok Holman Airport	70.762802	-117.806000
YHJ	Nanchang Yaohu Airport	28.700972	116.107694
YHK	Gjoa Haven Airport	68.635597	-95.849701
YHM	John C. Munro Hamilton International Airport	43.171308	-79.929416
YHN	Hornepayne Municipal Airport	49.193100	-84.758904
YHO	Hopedale Airport	55.448757	-60.228124
YHP	Poplar Hill Airport	52.113300	-94.255600
YHR	Chevery Airport	50.468322	-59.637823
YHS	Sechelt-Gibsons Airport	49.460602	-123.719002
YHT	Haines Junction Airport	60.789200	-137.546005
YHU	Montréal / Saint-Hubert Metropolitan Airport	45.517502	-73.416901
YHY	Hay River / Merlyn Carter Airport	60.839699	-115.782997
YHZ	Halifax / Stanfield International Airport	44.880798	-63.508598
YIA	Yogyakarta International Airport	-7.905338	110.057264
YIB	Atikokan Municipal Airport	48.773899	-91.638603
YIC	Yichun Mingyueshan Airport	27.802500	114.306200
YIE	Arxan Yi'ershi Airport	47.310600	119.911700
YIF	St Augustin Airport	51.211700	-58.658298
YIH	Yichang Sanxia Airport	30.554132	111.482563
YIK	Ivujivik Airport	62.417301	-77.925301
YIN	Ili Yining International Airport	43.955799	81.330299
YIO	Pond Inlet Airport	72.689494	-77.968941
YIP	Willow Run Airport	42.237900	-83.530403
YIV	Island Lake Airport	53.857201	-94.653603
YIW	Yiwu Airport	29.342095	120.031160
YJA	Jasper Airport	52.996418	-118.060233
YJF	Fort Liard Airport	60.235802	-123.469002
YJN	St Jean Airport	45.294399	-73.281097
YJP	Jasper-Hinton Airport	53.319199	-117.752998
YJS	Samjiyŏn Airport	41.907132	128.409834
YKA	Kamloops John Moose Fulton Field Regional Airport	50.703038	-120.448641
YKC	Collins Bay Airport	58.236099	-103.678001
YKD	Kincardine Municipal Airport	44.201401	-81.606697
YKE	Knee Lake Airport	54.915298	-94.798103
YKF	Region of Waterloo International Airport	43.460800	-80.378601
YKG	Kangirsuk Airport	60.027199	-69.999199
YKH	Yingkou Lanqi Airport	40.542524	122.358600
YKJ	Key Lake Airport	57.256100	-105.617996
YKL	Schefferville Airport	54.805302	-66.805298
YKM	Yakima Air Terminal McAllister Field	46.568199	-120.543999
YKN	Chan Gurney Municipal Airport	42.916698	-97.385902
YKO	Hakkari Yüksekova Airport	37.549700	44.238100
YKQ	Waskaganish Airport	51.473301	-78.758301
YKS	Platon Oyunsky Yakutsk International Airport	62.093300	129.770996
YKU	Chisasibi Airport	53.805599	-78.916901
YKX	Kirkland Lake Airport	48.210300	-79.981400
YKY	Kindersley Airport	51.517502	-109.181000
YLB	Lac La Biche Airport	54.770302	-112.031998
YLC	Kimmirut Airport	62.848253	-69.877853
YLD	Chapleau Airport	47.820000	-83.346703
YLE	Whatì Airport	63.131699	-117.246002
YLG	Yalgoo Airport	-28.355301	116.683998
YLH	Lansdowne House Airport	52.195599	-87.934196
YLI	Ylivieska Airfield	64.054722	24.725278
YLJ	Meadow Lake Airport	54.125301	-108.523003
YLK	Barrie-Lake Simcoe Regional Airport	44.485056	-79.554663
YLL	Lloydminster Airport	53.309200	-110.072998
YLP	Mingan Airport	50.286900	-64.152800
YLQ	La Tuque Airport	47.409698	-72.788902
YLR	Leaf Rapids Airport	56.513302	-99.985298
YLS	Lebel-sur-Quevillon Airport	49.030300	-77.017197
YLT	Alert Airport	82.517263	-62.283037
YLV	Yevlakh Airport	40.631901	47.141899
YLW	Kelowna International Airport	49.956100	-119.377998
YLX	Yulin Fumian Airport	22.433042	110.119996
YLY	Langley Airport	49.100800	-122.630997
YMA	Mayo Airport	63.616402	-135.867996
YMB	Merritt Airport	50.122504	-120.745368
YME	Matane Airport	48.856899	-67.453300
YMG	Manitouwadge Airport	49.083900	-85.860603
YMH	Mary's Harbour Airport	52.302837	-55.847433
YMJ	Moose Jaw Air Vice Marshal C. M. McEwen Airport	50.330299	-105.558998
YMK	Mys Kamenny Airport	68.467676	73.596733
YML	Charlevoix Airport	47.597500	-70.223900
YMM	Fort McMurray International Airport	56.653301	-111.222000
YMN	Makkovik Airport	55.077335	-59.187942
YMO	Moosonee Airport	51.291100	-80.607803
YMP	Port McNeill Airport	50.573480	-127.027702
YMS	Moises Benzaquen Rengifo Airport	-5.893770	-76.118202
YMT	Chapais Airport	49.771900	-74.528099
YMV	Mary River Aerodrome	71.324167	-79.356944
YMW	Maniwaki Airport	46.272800	-75.990601
YMX	Montreal Mirabel International Airport	45.679501	-74.038696
YNA	Natashquan Airport	50.190114	-61.788980
YNB	Prince Abdulmohsen Bin Abdulaziz International Airport	24.144199	38.063400
YNC	Wemindji Airport	53.010601	-78.831100
YND	Ottawa / Gatineau Airport	45.521702	-75.563599
YNE	Norway House Airport	53.958302	-97.844200
YNG	Youngstown Warren Regional Airport	41.260700	-80.679100
YNH	Hudson's Hope Airport	56.035142	-121.978326
YNJ	Yanji Chaoyangchuan Airport	42.882801	129.451004
YNL	Points North Landing Airport	58.276699	-104.082001
YNM	Matagami Airport	49.761700	-77.802803
YNO	North Spirit Lake Airport	52.490002	-92.971100
YNP	Natuashish Airport	55.913898	-61.184399
YNS	Nemiscau Airport	51.691101	-76.135597
YNT	Yantai Penglai International Airport	37.659724	120.978124
YNX	Snap Lake Airport	63.593601	-110.905998
YNY	Yangyang International Airport	38.060481	128.669822
YNZ	Yancheng Nanyang International Airport	33.428317	120.205450
YOA	Ekati Airport	64.698898	-110.614998
YOC	Old Crow Airport	67.570602	-139.839005
YOD	CFB Cold Lake	54.404999	-110.278999
YOE	Donnelly Airport	55.709400	-117.094002
YOG	Ogoki Post Airport	51.658600	-85.901703
YOH	Oxford House Airport	54.933300	-95.278900
YOI	Opinaca Aerodrome	52.221944	-76.611944
YOJ	High Level Airport	58.621399	-117.165001
YOL	Yola Airport	9.257550	12.430400
YON	Yongphulla Airport	27.256270	91.514633
YOO	Oshawa Executive Airport	43.922798	-78.894997
YOP	Rainbow Lake Airport	58.491402	-119.407997
YOS	Owen Sound / Billy Bishop Regional Airport	44.590302	-80.837502
YOW	Ottawa Macdonald-Cartier International Airport	45.322498	-75.669197
YPA	Prince Albert Glass Field	53.214199	-105.672997
YPB	Alberni Valley Regional Airport	49.321899	-124.931000
YPC	Paulatuk (Nora Aliqatchialuk Ruben) Airport	69.360838	-124.075470
YPD	Parry Sound Area Municipal Airport	45.257500	-79.829697
YPE	Peace River Airport	56.226898	-117.446999
YPG	Portage-la-Prairie / Southport Airport	49.903099	-98.273817
YPH	Inukjuak Airport	58.471901	-78.076897
YPJ	Aupaluk Airport	59.296700	-69.599701
YPL	Pickle Lake Airport	51.446400	-90.214203
YPM	Pikangikum Airport	51.819698	-93.973297
YPN	Port-Menier Airport	49.836399	-64.288597
YPO	Peawanuck Airport	54.987932	-85.442648
YPQ	Peterborough Regional Airport	44.232251	-78.362053
YPR	Prince Rupert Airport	54.286098	-130.445007
YPS	Port Hawkesbury Airport	45.656700	-61.368099
YPW	Powell River Airport	49.834202	-124.500000
YPX	Puvirnituq Airport	60.050598	-77.286903
YPY	Fort Chipewyan Airport	58.767200	-111.116997
YPZ	Burns Lake Airport	54.376400	-125.950996
YQA	Muskoka Airport	44.975376	-79.306546
YQB	Quebec Jean Lesage International Airport	46.791100	-71.393303
YQC	Quaqtaq Airport	61.046398	-69.617798
YQD	The Pas Airport	53.971401	-101.091003
YQF	Red Deer Regional Airport	52.182201	-113.893997
YQG	Windsor International Airport	42.275600	-82.955597
YQH	Watson Lake Airport	60.116839	-128.821993
YQI	Yarmouth Airport	43.826900	-66.088097
YQK	Kenora Airport	49.788300	-94.363098
YQL	Lethbridge County Airport	49.630299	-112.800003
YQM	Greater Moncton Roméo LeBlanc International Airport	46.113189	-64.677190
YQN	Nakina Airport	50.182800	-86.696404
YQQ	Comox Valley International Airport / CFB Comox	49.710800	-124.887001
YQR	Regina International Airport	50.431938	-104.660906
YQS	St Thomas Municipal Airport	42.770000	-81.110802
YQT	Thunder Bay International Airport	48.371899	-89.323898
YQU	Grande Prairie Airport	55.179699	-118.885002
YQV	Yorkton Municipal Airport	51.264702	-102.461998
YQW	North Battleford Airport	52.769409	-108.243742
YQX	Gander International Airport	48.936258	-54.567719
YQY	Sydney / J.A. Douglas McCurdy Airport	46.161072	-60.049759
YQZ	Quesnel Airport	53.026100	-122.510002
YRA	Rae Lakes Airport	64.116096	-117.309998
YRB	Resolute Bay Airport	74.716904	-94.969398
YRD	Dean River Airport	52.823710	-126.964957
YRF	Cartwright Airport	53.682501	-57.042303
YRG	Rigolet Airport	54.179699	-58.457500
YRI	Rivière-du-Loup Airport	47.764400	-69.584702
YRJ	Roberval Airport	48.519665	-72.265735
YRL	Red Lake Airport	51.066898	-93.793098
YRM	Rocky Mountain House Airport	52.429699	-114.903999
YRO	Ottawa / Rockcliffe Airport	45.460496	-75.644001
YRQ	Trois-Rivières Airport	46.352798	-72.679398
YRR	Stuart Island Airstrip	50.409447	-125.131617
YRS	Red Sucker Lake Airport	54.167198	-93.557198
YRT	Rankin Inlet Airport	62.811401	-92.115799
YRV	Revelstoke Airport	50.962245	-118.184258
YSA	Sable Island Airport.	43.928235	-59.948986
YSB	Sudbury Airport	46.625000	-80.798897
YSC	Sherbrooke Airport	45.438599	-71.691399
YSE	Squamish Airport	49.781700	-123.162003
YSF	Stony Rapids Airport	59.250301	-105.841003
YSG	Lutselk'e Airport	62.417823	-110.682793
YSH	Smiths Falls-Montague (Russ Beach) Airport	44.945801	-75.940598
YSJ	Saint John Airport	45.316101	-65.890297
YSK	Sanikiluaq Airport	56.536891	-79.250221
YSL	Saint-Léonard Airport	47.157097	-67.836242
YSM	Fort Smith Airport	60.020302	-111.961998
YSN	Shuswap Regional Airport	50.682802	-119.228996
YSO	Postville Airport	54.910500	-59.785070
YSP	Marathon Airport	48.755299	-86.344398
YSQ	Songyuan Chaganhu Airport	44.931143	124.552121
YST	St. Theresa Point Airport	53.845261	-94.851966
YSU	Summerside Airport	46.440601	-63.833599
YSV	Saglek Airport	58.474312	-62.653999
YSY	Sachs Harbour (David Nasogaluak Jr. Saaryuaq) Airport	71.993896	-125.242996
YTA	Pembroke Airport	45.864399	-77.251701
YTD	Thicket Portage Airport	55.318901	-97.707802
YTE	Cape Dorset Airport	64.230003	-76.526703
YTF	Alma Airport	48.508900	-71.641899
YTH	Thompson Airport	55.801102	-97.864197
YTL	Big Trout Lake Airport	53.817799	-89.896896
YTM	Mont-Tremblant International Airport	46.409401	-74.779999
YTQ	Tasiujaq Airport	58.667801	-69.955803
YTR	CFB Trenton	44.118900	-77.528099
YTS	Timmins/Victor M. Power	48.569698	-81.376701
YTT	Tisdale Airport	52.836700	-104.067001
YTW	Yutian Wanfang Airport	36.808500	81.782700
YTY	Yangzhou Taizhou Airport	32.563400	119.719800
YTZ	Billy Bishop Toronto City Airport	43.627852	-79.395530
YUA	Yuanmou Air Base	25.737499	101.882004
YUB	Tuktoyaktuk / James Gruben Airport	69.433296	-133.026001
YUD	Umiujaq Airport	56.536098	-76.518303
YUE	Yuendumu Airport	-22.254200	131.781998
YUK	Syunik Airport	39.202272	46.455204
YUL	Montreal / Pierre Elliott Trudeau International Airport	45.467837	-73.742294
YUM	Yuma International Airport / Marine Corps Air Station Yuma	32.650938	-114.609375
YUS	Yushu Batang Airport	32.836389	97.036389
YUT	Naujaat Airport	66.521024	-86.225166
YUX	Hall Beach Airport	68.776100	-81.242500
YUY	Rouyn Noranda Airport	48.206100	-78.835602
YVB	Bonaventure Airport	48.071098	-65.460297
YVC	La Ronge Airport	55.151402	-105.262001
YVD	Yeva Airport	-7.548000	146.188000
YVE	Vernon Regional Airport	50.246163	-119.330963
YVG	Vermilion Airport	53.357714	-110.827388
YVM	Qikiqtarjuaq Airport	67.546560	-64.031410
YVO	Val-d'Or Airport	48.053299	-77.782799
YVP	Kuujjuaq Airport	58.096100	-68.426903
YVQ	Norman Wells Airport	65.281601	-126.797997
YVR	Vancouver International Airport	49.193901	-123.183998
YVT	Buffalo Narrows Airport	55.841900	-108.417999
YVV	Wiarton Airport	44.745800	-81.107201
YVZ	Deer Lake Airport	52.655613	-94.061208
YWB	Kangiqsujuaq (Wakeham Bay) Airport	61.588600	-71.929398
YWG	Winnipeg / James Armstrong Richardson International Airport	49.910000	-97.239899
YWJ	Déline Airport	65.211098	-123.435997
YWK	Wabush Airport	52.921902	-66.864403
YWL	Williams Lake Airport	52.183102	-122.054001
YWM	Williams Harbour Airport	52.567377	-55.784883
YWP	Webequie Airport	52.959393	-87.374868
YWY	Wrigley Airport	63.209400	-123.436996
YXC	Cranbrook/Canadian Rockies International Airport	49.610802	-115.781998
YXE	Saskatoon John G. Diefenbaker International Airport	52.170723	-106.700793
YXH	Medicine Hat Regional Airport	50.018902	-110.721001
YXJ	Fort St John / North Peace Regional Airport	56.238098	-120.739998
YXK	Rimouski Airport	48.477644	-68.496323
YXL	Sioux Lookout Airport	50.113899	-91.905296
YXN	Whale Cove Airport	62.240002	-92.598099
YXP	Pangnirtung Airport	66.144878	-65.713606
YXQ	Beaver Creek Airport	62.410301	-140.867004
YXR	Earlton (Timiskaming Regional) Airport	47.697401	-79.847345
YXS	Prince George (International) Airport	53.884311	-122.666554
YXT	Northwest Regional Airport Terrace-Kitimat	54.468498	-128.576009
YXU	London International Airport	43.032845	-81.149003
YXX	Abbotsford International Airport	49.025299	-122.361000
YXY	Whitehorse / Erik Nielsen International Airport	60.708533	-135.065705
YXZ	Wawa Airport	47.966702	-84.786697
YYA	Yueyang Sanhe Airport	29.311699	113.281574
YYB	North Bay Jack Garland Airport	46.363602	-79.422798
YYC	Calgary International Airport	51.118822	-114.009933
YYD	Smithers Airport	54.824699	-127.182999
YYE	Fort Nelson Airport	58.836399	-122.597000
YYF	Penticton Airport	49.463100	-119.601997
YYG	Charlottetown Airport	46.288911	-63.125174
YYH	Taloyoak Airport	69.546700	-93.576698
YYJ	Victoria International Airport	48.647201	-123.427792
YYL	Lynn Lake Airport	56.863899	-101.075996
YYM	Cowley Airport	49.636398	-114.094002
YYN	Swift Current Airport	50.291901	-107.691002
YYQ	Churchill Airport	58.739201	-94.065002
YYR	Goose Bay Airport	53.319199	-60.425800
YYT	St. John's International Airport	47.618599	-52.751900
YYU	Kapuskasing Airport	49.411587	-82.469645
YYW	Armstrong Airport	50.290298	-88.909698
YYY	Mont Joli Airport	48.608601	-68.208099
YYZ	Toronto Pearson International Airport	43.675935	-79.629421
YZA	Cache Creek-Ashcroft Regional Airport	50.775258	-121.321314
YZE	Gore Bay Manitoulin Airport	45.885300	-82.567802
YZF	Yellowknife International Airport	62.462799	-114.440002
YZG	Salluit Airport	62.179401	-75.667198
YZH	Slave Lake Airport	55.292945	-114.777276
YZP	Sandspit Airport	53.254299	-131.813995
YZR	Chris Hadfield Airport	42.999401	-82.308899
YZS	Coral Harbour Airport	64.193298	-83.359398
YZT	Port Hardy Airport	50.680599	-127.366997
YZU	Whitecourt Airport	54.143902	-115.787003
YZV	Sept-Îles Airport	50.223301	-66.265602
YZW	Teslin Airport	60.172798	-132.742996
YZX	CFB Greenwood	44.984402	-64.916901
YZY	Zhangye Ganzhou Airport	38.801899	100.675003
YZZ	Trail Regional Airport	49.055599	-117.609001
ZAC	York Landing Airport	56.089401	-96.089203
ZAD	Zadar Airport	44.096986	15.353565
ZAG	Zagreb Franjo Tuđman International Airport	45.742901	16.068800
ZAH	Zahedan International Airport	29.475700	60.906200
ZAL	Pichoy Airport	-39.650002	-73.086098
ZAM	Zamboanga International Airport	6.922420	122.059998
ZAO	Cahors Lalbenque airport	44.351398	1.475280
ZAR	Zaria Airport	11.130200	7.685810
ZAT	Zhaotong Zhaoyang Airport	27.205843	103.691511
ZAZ	Zaragoza Airport	41.666199	-1.041550
ZBE	Zábřeh Dolní Benešov Airfield	49.928258	18.075557
ZBF	Bathurst Airport	47.629700	-65.738899
ZBL	Biloela Airport	-24.320816	150.509627
ZBM	Bromont (Roland Désourdy) Airport	45.290798	-72.741402
ZBO	Bowen Airport	-20.017999	148.215245
ZBR	Chabahar Konarak International Airport	25.443190	60.382167
ZBY	Sayaboury Airport	19.243600	101.709300
ZCL	General Leobardo C. Ruiz International Airport	22.894942	-102.687154
ZCO	La Araucanía International Airport	-38.925900	-72.651500
ZDY	Delma Airport	24.510000	52.335200
ZEC	Secunda Airport	-26.524099	29.170099
ZEG	Senggo Airport	-5.690668	139.350414
ZEL	Bella Bella (Campbell Island) Airport	52.185001	-128.156994
ZEM	Eastmain River Airport	52.226398	-78.522499
ZEN	Zenag Airport	-6.952222	146.616250
ZER	Ziro Airport	27.588301	93.828102
ZFA	Faro Airport	62.207500	-133.376007
ZFD	Fond-du-Lac Airport	59.334400	-107.181999
ZFL	Zhaosu Tianma Airport	43.088477	81.223013
ZFM	Fort Mcpherson Airport	67.406993	-134.860182
ZFN	Tulita Airport	64.909496	-125.570297
ZFW	Fairview Airport	56.081402	-118.434998
ZGF	Grand Forks Airport	49.015598	-118.431000
ZGI	Gods River Airport	54.839699	-94.078598
ZGL	South Galway Airport	-25.674640	142.089171
ZGM	Ngoma Airport	-15.965800	25.933300
ZGR	Little Grand Rapids Airport	52.045417	-95.466170
ZGS	La Romaine Airport	50.259553	-60.674357
ZGU	Gaua Island Airport	-14.218100	167.587006
ZHA	Zhanjiang Wuchuan International Airport	21.481667	110.590278
ZHM	Shamshernagar Airport	24.398333	91.916944
ZHP	High Prairie Airport	55.393600	-116.474998
ZHY	Zhongwei Shapotou Airport	37.573125	105.154454
ZIA	Zhukovsky International Airport	55.553299	38.150002
ZIC	Victoria Airport	-38.245602	-72.348602
ZIG	Ziguinchor Airport	12.555590	-16.283298
ZIH	Ixtapa-Zihuatanejo International Airport	17.601771	-101.460629
ZIS	Alzintan Airport	31.774878	12.250060
ZIX	Zhigansk Airport	66.796501	123.361000
ZJG	Jenpeg Airport	54.518902	-98.046097
ZJN	Swan River Airport	52.120602	-101.236000
ZKB	Kasaba Bay Airport	-8.525000	30.663000
ZKE	Kashechewan Airport	52.282501	-81.677803
ZKG	Kégashka Airport	50.195801	-61.265800
ZKL	Zigong Fengming Airport	29.376484	104.625789
ZKP	Zyryanka Airport	65.748500	150.888900
ZLO	Playa de Oro International Airport	19.144800	-104.558998
ZLR	Municipal de Linares Airport	-35.861698	-71.548599
ZLT	La Tabatière Airport	50.830799	-58.975601
ZLX	Zalingei Airport	12.943700	23.563100
ZMD	Sena Madureira Airport	-9.116000	-68.610800
ZMH	South Cariboo Region / 108 Mile Airport	51.736099	-121.333000
ZMM	Zamora Airport	20.045000	-102.276001
ZMT	Masset Airport	54.027500	-132.125000
ZNC	Nyac Airport	60.980701	-159.994003
ZND	Zinder Airport	13.779000	8.983760
ZNE	Newman Airport	-23.417801	119.803001
ZNZ	Abeid Amani Karume International Airport	-6.222020	39.224899
ZOS	Cañal Bajo Carlos Hott Siebert Airport	-40.611198	-73.060997
ZPB	Sachigo Lake Airport	53.890885	-92.195935
ZPC	Pucón Airport	-39.292801	-71.915901
ZPH	Zephyrhills Municipal Airport	28.228201	-82.155899
ZPO	Pinehouse Lake Airport	55.528099	-106.582001
ZQN	Queenstown Airport	-45.019205	168.746379
ZQW	Zweibrücken Airport	49.209400	7.400560
ZQZ	Zhangjiakou Ningyuan Airport	40.738664	114.933395
ZRH	Zürich Airport	47.458056	8.548056
ZRI	Stevanus Rumbewas Airport	-1.828420	136.062402
ZRJ	Round Lake (Weagamow Lake) Airport	52.943600	-91.312798
ZRM	Mararena Sarmi Airport	-1.873077	138.753275
ZSA	San Salvador International Airport	24.063041	-74.523233
ZSE	Saint-Pierre Pierrefonds Airport	-21.319362	55.422506
ZSJ	Sandy Lake Airport	53.064201	-93.344398
ZSS	Sassandra Airport	4.928888	-6.133156
ZST	Stewart Airport	55.935410	-129.982435
ZTA	Tureia Airport	-20.784262	-138.567960
ZTB	Tête-à-la-Baleine Airport	50.674400	-59.383598
ZTH	Zakynthos International Airport Dionysios Solomos	37.750900	20.884300
ZTM	Shamattawa Airport	55.863560	-92.081137
ZTR	Zhytomyr Airport	50.270556	28.738611
ZTU	Zaqatala International Airport	41.557823	46.669464
ZUC	Ignace Municipal Airport	49.428204	-91.720418
ZUD	Pupelde Airport	-41.904251	-73.796571
ZUH	Zhuhai Jinwan Airport	22.006399	113.375999
ZUL	Zilfi Airport	26.350000	44.833000
ZUM	Churchill Falls Airport	53.561901	-64.106400
ZVA	Miandrivazo Airport	-19.562799	45.450802
ZVG	Springvale Airport	-17.786900	127.669998
ZVK	Savannakhet Airport	16.556601	104.760002
ZWA	Andapa Airport	-14.651700	49.620602
ZWL	Wollaston Lake Airport	58.106899	-103.171997
ZXT	Zabrat Airport	40.494884	49.977065
ZYI	Zunyi Xinzhou Airport	27.810723	107.247189
ZYL	Osmany International Airport	24.963993	91.864749
ZZE	Zangilan International Airport	39.114430	46.743920
ZZO	Zonalnoye Airport	50.669929	142.760082
ZZU	Mzuzu Airport	-11.444700	34.011799
ZZV	Zanesville Municipal Airport	39.944401	-81.892097
